date,profile,raw,norm67,display
2025-12-03,P001 (1942M 寅月),79,84,89
2025-12-04,P001 (1942M 寅月),79,84,89
2025-12-05,P001 (1942M 寅月),51,56,61
2025-12-06,P001 (1942M 寅月),60,65,70
2025-12-07,P001 (1942M 寅月),67,72,77
2025-12-08,P001 (1942M 寅月),60,65,70
2025-12-09,P001 (1942M 寅月),47,52,57
2025-12-10,P001 (1942M 寅月),46,51,56
2025-12-11,P001 (1942M 寅月),58,63,68
2025-12-12,P001 (1942M 寅月),60,65,70
2025-12-13,P001 (1942M 寅月),60,65,70
2025-12-14,P001 (1942M 寅月),47,52,57
2025-12-15,P001 (1942M 寅月),68,73,78
2025-12-16,P001 (1942M 寅月),61,66,71
2025-12-17,P001 (1942M 寅月),47,52,57
2025-12-18,P001 (1942M 寅月),54,59,64
2025-12-19,P001 (1942M 寅月),67,72,77
2025-12-20,P001 (1942M 寅月),58,63,68
2025-12-21,P001 (1942M 寅月),47,52,57
2025-12-22,P001 (1942M 寅月),44,49,54
2025-12-23,P001 (1942M 寅月),58,63,68
2025-12-24,P001 (1942M 寅月),59,64,69
2025-12-25,P001 (1942M 寅月),53,58,63
2025-12-26,P001 (1942M 寅月),46,51,56
2025-12-27,P001 (1942M 寅月),67,72,77
2025-12-28,P001 (1942M 寅月),65,70,75
2025-12-29,P001 (1942M 寅月),46,51,56
2025-12-30,P001 (1942M 寅月),48,53,58
2025-12-31,P001 (1942M 寅月),67,72,77
2026-01-01,P001 (1942M 寅月),58,63,68
2026-01-02,P001 (1942M 寅月),53,58,63
2026-01-03,P001 (1942M 寅月),48,53,58
2026-01-04,P001 (1942M 寅月),64,69,74
2026-01-05,P001 (1942M 寅月),66,71,76
2026-01-06,P001 (1942M 寅月),52,57,62
2026-01-07,P001 (1942M 寅月),52,57,62
2026-01-08,P001 (1942M 寅月),73,78,83
2026-01-09,P001 (1942M 寅月),69,74,79
2026-01-10,P001 (1942M 寅月),47,52,57
2026-01-11,P001 (1942M 寅月),52,57,62
2026-01-12,P001 (1942M 寅月),72,77,82
2026-01-13,P001 (1942M 寅月),69,74,79
2026-01-14,P001 (1942M 寅月),49,54,59
2026-01-15,P001 (1942M 寅月),54,59,64
2026-01-16,P001 (1942M 寅月),63,68,73
2026-01-17,P001 (1942M 寅月),73,78,83
2026-01-18,P001 (1942M 寅月),60,65,70
2026-01-19,P001 (1942M 寅月),52,57,62
2026-01-20,P001 (1942M 寅月),69,74,79
2026-01-21,P001 (1942M 寅月),66,71,76
2026-01-22,P001 (1942M 寅月),45,50,55
2026-01-23,P001 (1942M 寅月),50,55,60
2026-01-24,P001 (1942M 寅月),70,75,80
2026-01-25,P001 (1942M 寅月),70,75,80
2026-01-26,P001 (1942M 寅月),47,52,57
2026-01-27,P001 (1942M 寅月),52,57,62
2026-01-28,P001 (1942M 寅月),67,72,77
2026-01-29,P001 (1942M 寅月),67,72,77
2026-01-30,P001 (1942M 寅月),48,53,58
2026-01-31,P001 (1942M 寅月),47,52,57
2026-02-01,P001 (1942M 寅月),69,74,79
2026-02-02,P001 (1942M 寅月),69,74,79
2026-02-03,P001 (1942M 寅月),44,49,54
2026-02-04,P001 (1942M 寅月),61,66,71
2026-02-05,P001 (1942M 寅月),78,83,88
2026-02-06,P001 (1942M 寅月),75,80,85
2026-02-07,P001 (1942M 寅月),58,63,68
2026-02-08,P001 (1942M 寅月),56,61,66
2026-02-09,P001 (1942M 寅月),67,72,77
2026-02-10,P001 (1942M 寅月),70,75,80
2026-02-11,P001 (1942M 寅月),68,73,78
2026-02-12,P001 (1942M 寅月),52,57,62
2026-02-13,P001 (1942M 寅月),73,78,83
2026-02-14,P001 (1942M 寅月),73,78,83
2026-02-15,P001 (1942M 寅月),51,56,61
2026-02-16,P001 (1942M 寅月),60,65,70
2026-02-17,P001 (1942M 寅月),77,82,87
2026-02-18,P001 (1942M 寅月),69,74,79
2026-02-19,P001 (1942M 寅月),56,61,66
2026-02-20,P001 (1942M 寅月),51,56,61
2026-02-21,P001 (1942M 寅月),74,79,84
2026-02-22,P001 (1942M 寅月),74,79,84
2026-02-23,P001 (1942M 寅月),67,72,77
2026-02-24,P001 (1942M 寅月),54,59,64
2026-02-25,P001 (1942M 寅月),74,79,84
2026-02-26,P001 (1942M 寅月),74,79,84
2026-02-27,P001 (1942M 寅月),52,57,62
2026-02-28,P001 (1942M 寅月),56,61,66
2026-03-01,P001 (1942M 寅月),77,82,87
2026-03-02,P001 (1942M 寅月),67,72,77
2026-03-03,P001 (1942M 寅月),61,66,71
2026-03-04,P001 (1942M 寅月),57,62,67
2026-03-05,P001 (1942M 寅月),73,78,83
2026-03-06,P001 (1942M 寅月),79,84,89
2026-03-07,P001 (1942M 寅月),62,67,72
2026-03-08,P001 (1942M 寅月),60,65,70
2026-03-09,P001 (1942M 寅月),80,85,90
2026-03-10,P001 (1942M 寅月),80,85,90
2026-03-11,P001 (1942M 寅月),49,54,59
2026-03-12,P001 (1942M 寅月),57,62,67
2026-03-13,P001 (1942M 寅月),80,85,90
2026-03-14,P001 (1942M 寅月),80,85,90
2026-03-15,P001 (1942M 寅月),58,63,68
2026-03-16,P001 (1942M 寅月),63,68,73
2026-03-17,P001 (1942M 寅月),71,76,81
2026-03-18,P001 (1942M 寅月),77,82,87
2026-03-19,P001 (1942M 寅月),64,69,74
2026-03-20,P001 (1942M 寅月),58,63,68
2026-03-21,P001 (1942M 寅月),75,80,85
2026-03-22,P001 (1942M 寅月),76,81,86
2026-03-23,P001 (1942M 寅月),56,61,66
2026-03-24,P001 (1942M 寅月),63,68,73
2026-03-25,P001 (1942M 寅月),80,85,90
2026-03-26,P001 (1942M 寅月),80,85,90
2026-03-27,P001 (1942M 寅月),57,62,67
2026-03-28,P001 (1942M 寅月),66,71,76
2026-03-29,P001 (1942M 寅月),75,80,85
2026-03-30,P001 (1942M 寅月),79,84,89
2026-03-31,P001 (1942M 寅月),64,69,74
2026-04-01,P001 (1942M 寅月),60,65,70
2026-04-02,P001 (1942M 寅月),82,87,92
2026-04-03,P001 (1942M 寅月),81,86,91
2026-04-04,P001 (1942M 寅月),52,57,62
2026-04-05,P001 (1942M 寅月),51,56,61
2026-04-06,P001 (1942M 寅月),75,80,85
2026-04-07,P001 (1942M 寅月),71,76,81
2026-04-08,P001 (1942M 寅月),54,59,64
2026-04-09,P001 (1942M 寅月),54,59,64
2026-04-10,P001 (1942M 寅月),66,71,76
2026-04-11,P001 (1942M 寅月),72,77,82
2026-04-12,P001 (1942M 寅月),63,68,73
2026-04-13,P001 (1942M 寅月),55,60,65
2026-04-14,P001 (1942M 寅月),71,76,81
2026-04-15,P001 (1942M 寅月),73,78,83
2026-04-16,P001 (1942M 寅月),49,54,59
2026-04-17,P001 (1942M 寅月),58,63,68
2026-04-18,P001 (1942M 寅月),77,82,87
2026-04-19,P001 (1942M 寅月),71,76,81
2026-04-20,P001 (1942M 寅月),52,57,62
2026-04-21,P001 (1942M 寅月),54,59,64
2026-04-22,P001 (1942M 寅月),70,75,80
2026-04-23,P001 (1942M 寅月),76,81,86
2026-04-24,P001 (1942M 寅月),62,67,72
2026-04-25,P001 (1942M 寅月),52,57,62
2026-04-26,P001 (1942M 寅月),73,78,83
2026-04-27,P001 (1942M 寅月),77,82,87
2026-04-28,P001 (1942M 寅月),51,56,61
2026-04-29,P001 (1942M 寅月),55,60,65
2026-04-30,P001 (1942M 寅月),74,79,84
2026-05-01,P001 (1942M 寅月),65,70,75
2026-05-02,P001 (1942M 寅月),53,58,63
2026-05-03,P001 (1942M 寅月),55,60,65
2026-05-04,P001 (1942M 寅月),68,73,78
2026-05-05,P001 (1942M 寅月),76,81,86
2026-05-06,P001 (1942M 寅月),51,56,61
2026-05-07,P001 (1942M 寅月),51,56,61
2026-05-08,P001 (1942M 寅月),75,80,85
2026-05-09,P001 (1942M 寅月),70,75,80
2026-05-10,P001 (1942M 寅月),45,50,55
2026-05-11,P001 (1942M 寅月),51,56,61
2026-05-12,P001 (1942M 寅月),73,78,83
2026-05-13,P001 (1942M 寅月),69,74,79
2026-05-14,P001 (1942M 寅月),50,55,60
2026-05-15,P001 (1942M 寅月),54,59,64
2026-05-16,P001 (1942M 寅月),65,70,75
2026-05-17,P001 (1942M 寅月),74,79,84
2026-05-18,P001 (1942M 寅月),57,62,67
2026-05-19,P001 (1942M 寅月),50,55,60
2026-05-20,P001 (1942M 寅月),70,75,80
2026-05-21,P001 (1942M 寅月),68,73,78
2026-05-22,P001 (1942M 寅月),47,52,57
2026-05-23,P001 (1942M 寅月),51,56,61
2026-05-24,P001 (1942M 寅月),68,73,78
2026-05-25,P001 (1942M 寅月),69,74,79
2026-05-26,P001 (1942M 寅月),46,51,56
2026-05-27,P001 (1942M 寅月),54,59,64
2026-05-28,P001 (1942M 寅月),66,71,76
2026-05-29,P001 (1942M 寅月),68,73,78
2026-05-30,P001 (1942M 寅月),49,54,59
2026-05-31,P001 (1942M 寅月),48,53,58
2025-12-03,P002 (1945F 午月),71,77,82
2025-12-04,P002 (1945F 午月),83,89,94
2025-12-05,P002 (1945F 午月),60,66,71
2025-12-06,P002 (1945F 午月),65,71,76
2025-12-07,P002 (1945F 午月),46,52,57
2025-12-08,P002 (1945F 午月),55,61,66
2025-12-09,P002 (1945F 午月),45,51,56
2025-12-10,P002 (1945F 午月),44,50,55
2025-12-11,P002 (1945F 午月),47,53,58
2025-12-12,P002 (1945F 午月),47,53,58
2025-12-13,P002 (1945F 午月),51,57,62
2025-12-14,P002 (1945F 午月),53,59,64
2025-12-15,P002 (1945F 午月),60,66,71
2025-12-16,P002 (1945F 午月),59,65,70
2025-12-17,P002 (1945F 午月),52,58,63
2025-12-18,P002 (1945F 午月),52,58,63
2025-12-19,P002 (1945F 午月),47,53,58
2025-12-20,P002 (1945F 午月),52,58,63
2025-12-21,P002 (1945F 午月),47,53,58
2025-12-22,P002 (1945F 午月),46,52,57
2025-12-23,P002 (1945F 午月),47,53,58
2025-12-24,P002 (1945F 午月),48,54,59
2025-12-25,P002 (1945F 午月),48,54,59
2025-12-26,P002 (1945F 午月),49,55,60
2025-12-27,P002 (1945F 午月),61,67,72
2025-12-28,P002 (1945F 午月),63,69,74
2025-12-29,P002 (1945F 午月),51,57,62
2025-12-30,P002 (1945F 午月),53,59,64
2025-12-31,P002 (1945F 午月),47,53,58
2026-01-01,P002 (1945F 午月),56,62,67
2026-01-02,P002 (1945F 午月),47,53,58
2026-01-03,P002 (1945F 午月),48,54,59
2026-01-04,P002 (1945F 午月),49,55,60
2026-01-05,P002 (1945F 午月),49,55,60
2026-01-06,P002 (1945F 午月),61,67,72
2026-01-07,P002 (1945F 午月),54,60,65
2026-01-08,P002 (1945F 午月),62,68,73
2026-01-09,P002 (1945F 午月),72,78,83
2026-01-10,P002 (1945F 午月),51,57,62
2026-01-11,P002 (1945F 午月),62,68,73
2026-01-12,P002 (1945F 午月),48,54,59
2026-01-13,P002 (1945F 午月),63,69,74
2026-01-14,P002 (1945F 午月),50,56,61
2026-01-15,P002 (1945F 午月),49,55,60
2026-01-16,P002 (1945F 午月),60,66,71
2026-01-17,P002 (1945F 午月),51,57,62
2026-01-18,P002 (1945F 午月),55,61,66
2026-01-19,P002 (1945F 午月),61,67,72
2026-01-20,P002 (1945F 午月),63,69,74
2026-01-21,P002 (1945F 午月),73,79,84
2026-01-22,P002 (1945F 午月),53,59,64
2026-01-23,P002 (1945F 午月),58,64,69
2026-01-24,P002 (1945F 午月),47,53,58
2026-01-25,P002 (1945F 午月),51,57,62
2026-01-26,P002 (1945F 午月),47,53,58
2026-01-27,P002 (1945F 午月),47,53,58
2026-01-28,P002 (1945F 午月),51,57,62
2026-01-29,P002 (1945F 午月),50,56,61
2026-01-30,P002 (1945F 午月),50,56,61
2026-01-31,P002 (1945F 午月),59,65,70
2026-02-01,P002 (1945F 午月),60,66,71
2026-02-02,P002 (1945F 午月),70,76,81
2026-02-03,P002 (1945F 午月),50,56,61
2026-02-04,P002 (1945F 午月),63,69,74
2026-02-05,P002 (1945F 午月),62,68,73
2026-02-06,P002 (1945F 午月),68,74,79
2026-02-07,P002 (1945F 午月),53,59,64
2026-02-08,P002 (1945F 午月),48,54,59
2026-02-09,P002 (1945F 午月),57,63,68
2026-02-10,P002 (1945F 午月),58,64,69
2026-02-11,P002 (1945F 午月),61,67,72
2026-02-12,P002 (1945F 午月),69,75,80
2026-02-13,P002 (1945F 午月),70,76,81
2026-02-14,P002 (1945F 午月),76,82,87
2026-02-15,P002 (1945F 午月),65,71,76
2026-02-16,P002 (1945F 午月),65,71,76
2026-02-17,P002 (1945F 午月),55,61,66
2026-02-18,P002 (1945F 午月),72,78,83
2026-02-19,P002 (1945F 午月),48,54,59
2026-02-20,P002 (1945F 午月),46,52,57
2026-02-21,P002 (1945F 午月),55,61,66
2026-02-22,P002 (1945F 午月),55,61,66
2026-02-23,P002 (1945F 午月),59,65,70
2026-02-24,P002 (1945F 午月),61,67,72
2026-02-25,P002 (1945F 午月),79,85,90
2026-02-26,P002 (1945F 午月),76,82,87
2026-02-27,P002 (1945F 午月),58,64,69
2026-02-28,P002 (1945F 午月),69,75,80
2026-03-01,P002 (1945F 午月),48,54,59
2026-03-02,P002 (1945F 午月),69,75,80
2026-03-03,P002 (1945F 午月),46,52,57
2026-03-04,P002 (1945F 午月),44,50,55
2026-03-05,P002 (1945F 午月),54,60,65
2026-03-06,P002 (1945F 午月),49,55,60
2026-03-07,P002 (1945F 午月),63,69,74
2026-03-08,P002 (1945F 午月),59,65,70
2026-03-09,P002 (1945F 午月),66,72,77
2026-03-10,P002 (1945F 午月),71,77,82
2026-03-11,P002 (1945F 午月),55,61,66
2026-03-12,P002 (1945F 午月),62,68,73
2026-03-13,P002 (1945F 午月),51,57,62
2026-03-14,P002 (1945F 午月),67,73,78
2026-03-15,P002 (1945F 午月),50,56,61
2026-03-16,P002 (1945F 午月),47,53,58
2026-03-17,P002 (1945F 午月),62,68,73
2026-03-18,P002 (1945F 午月),55,61,66
2026-03-19,P002 (1945F 午月),57,63,68
2026-03-20,P002 (1945F 午月),62,68,73
2026-03-21,P002 (1945F 午月),68,74,79
2026-03-22,P002 (1945F 午月),74,80,85
2026-03-23,P002 (1945F 午月),56,62,67
2026-03-24,P002 (1945F 午月),61,67,72
2026-03-25,P002 (1945F 午月),49,55,60
2026-03-26,P002 (1945F 午月),62,68,73
2026-03-27,P002 (1945F 午月),56,62,67
2026-03-28,P002 (1945F 午月),49,55,60
2026-03-29,P002 (1945F 午月),60,66,71
2026-03-30,P002 (1945F 午月),59,65,70
2026-03-31,P002 (1945F 午月),61,67,72
2026-04-01,P002 (1945F 午月),62,68,73
2026-04-02,P002 (1945F 午月),65,71,76
2026-04-03,P002 (1945F 午月),72,78,83
2026-04-04,P002 (1945F 午月),53,59,64
2026-04-05,P002 (1945F 午月),67,73,78
2026-04-06,P002 (1945F 午月),69,75,80
2026-04-07,P002 (1945F 午月),72,78,83
2026-04-08,P002 (1945F 午月),53,59,64
2026-04-09,P002 (1945F 午月),54,60,65
2026-04-10,P002 (1945F 午月),64,70,75
2026-04-11,P002 (1945F 午月),64,70,75
2026-04-12,P002 (1945F 午月),62,68,73
2026-04-13,P002 (1945F 午月),73,79,84
2026-04-14,P002 (1945F 午月),75,81,86
2026-04-15,P002 (1945F 午月),78,84,89
2026-04-16,P002 (1945F 午月),73,79,84
2026-04-17,P002 (1945F 午月),73,79,84
2026-04-18,P002 (1945F 午月),64,70,75
2026-04-19,P002 (1945F 午月),82,88,93
2026-04-20,P002 (1945F 午月),58,64,69
2026-04-21,P002 (1945F 午月),57,63,68
2026-04-22,P002 (1945F 午月),64,70,75
2026-04-23,P002 (1945F 午月),65,71,76
2026-04-24,P002 (1945F 午月),72,78,83
2026-04-25,P002 (1945F 午月),72,78,83
2026-04-26,P002 (1945F 午月),82,88,93
2026-04-27,P002 (1945F 午月),86,92,97
2026-04-28,P002 (1945F 午月),67,73,78
2026-04-29,P002 (1945F 午月),80,86,91
2026-04-30,P002 (1945F 午月),60,66,71
2026-05-01,P002 (1945F 午月),84,90,95
2026-05-02,P002 (1945F 午月),59,65,70
2026-05-03,P002 (1945F 午月),58,64,69
2026-05-04,P002 (1945F 午月),70,76,81
2026-05-05,P002 (1945F 午月),58,64,69
2026-05-06,P002 (1945F 午月),79,85,90
2026-05-07,P002 (1945F 午月),74,80,85
2026-05-08,P002 (1945F 午月),79,85,90
2026-05-09,P002 (1945F 午月),84,90,95
2026-05-10,P002 (1945F 午月),66,72,77
2026-05-11,P002 (1945F 午月),78,84,89
2026-05-12,P002 (1945F 午月),58,64,69
2026-05-13,P002 (1945F 午月),77,83,88
2026-05-14,P002 (1945F 午月),58,64,69
2026-05-15,P002 (1945F 午月),52,58,63
2026-05-16,P002 (1945F 午月),79,85,90
2026-05-17,P002 (1945F 午月),68,74,79
2026-05-18,P002 (1945F 午月),76,82,87
2026-05-19,P002 (1945F 午月),80,86,91
2026-05-20,P002 (1945F 午月),78,84,89
2026-05-21,P002 (1945F 午月),87,93,98
2026-05-22,P002 (1945F 午月),67,73,78
2026-05-23,P002 (1945F 午月),79,85,90
2026-05-24,P002 (1945F 午月),64,70,75
2026-05-25,P002 (1945F 午月),74,80,85
2026-05-26,P002 (1945F 午月),64,70,75
2026-05-27,P002 (1945F 午月),55,61,66
2026-05-28,P002 (1945F 午月),72,78,83
2026-05-29,P002 (1945F 午月),66,72,77
2026-05-30,P002 (1945F 午月),70,76,81
2026-05-31,P002 (1945F 午月),80,86,91
2025-12-03,P003 (1948M 酉月),59,64,69
2025-12-04,P003 (1948M 酉月),55,60,65
2025-12-05,P003 (1948M 酉月),73,78,83
2025-12-06,P003 (1948M 酉月),58,63,68
2025-12-07,P003 (1948M 酉月),64,69,74
2025-12-08,P003 (1948M 酉月),63,68,73
2025-12-09,P003 (1948M 酉月),70,75,80
2025-12-10,P003 (1948M 酉月),78,83,88
2025-12-11,P003 (1948M 酉月),61,66,71
2025-12-12,P003 (1948M 酉月),72,77,82
2025-12-13,P003 (1948M 酉月),78,83,88
2025-12-14,P003 (1948M 酉月),61,66,71
2025-12-15,P003 (1948M 酉月),72,77,82
2025-12-16,P003 (1948M 酉月),66,71,76
2025-12-17,P003 (1948M 酉月),79,84,89
2025-12-18,P003 (1948M 酉月),73,78,83
2025-12-19,P003 (1948M 酉月),62,67,72
2025-12-20,P003 (1948M 酉月),62,67,72
2025-12-21,P003 (1948M 酉月),77,82,87
2025-12-22,P003 (1948M 酉月),82,87,92
2025-12-23,P003 (1948M 酉月),62,67,72
2025-12-24,P003 (1948M 酉月),67,72,77
2025-12-25,P003 (1948M 酉月),83,88,93
2025-12-26,P003 (1948M 酉月),59,64,69
2025-12-27,P003 (1948M 酉月),67,72,77
2025-12-28,P003 (1948M 酉月),67,72,77
2025-12-29,P003 (1948M 酉月),69,74,79
2025-12-30,P003 (1948M 酉月),72,77,82
2025-12-31,P003 (1948M 酉月),65,70,75
2026-01-01,P003 (1948M 酉月),66,71,76
2026-01-02,P003 (1948M 酉月),78,83,88
2026-01-03,P003 (1948M 酉月),77,82,87
2026-01-04,P003 (1948M 酉月),63,68,73
2026-01-05,P003 (1948M 酉月),62,67,72
2026-01-06,P003 (1948M 酉月),82,87,92
2026-01-07,P003 (1948M 酉月),62,67,72
2026-01-08,P003 (1948M 酉月),67,72,77
2026-01-09,P003 (1948M 酉月),73,78,83
2026-01-10,P003 (1948M 酉月),80,85,90
2026-01-11,P003 (1948M 酉月),81,86,91
2026-01-12,P003 (1948M 酉月),68,73,78
2026-01-13,P003 (1948M 酉月),71,76,81
2026-01-14,P003 (1948M 酉月),84,89,94
2026-01-15,P003 (1948M 酉月),80,85,90
2026-01-16,P003 (1948M 酉月),64,69,74
2026-01-17,P003 (1948M 酉月),70,75,80
2026-01-18,P003 (1948M 酉月),71,76,81
2026-01-19,P003 (1948M 酉月),56,61,66
2026-01-20,P003 (1948M 酉月),68,73,78
2026-01-21,P003 (1948M 酉月),75,80,85
2026-01-22,P003 (1948M 酉月),78,83,88
2026-01-23,P003 (1948M 酉月),74,79,84
2026-01-24,P003 (1948M 酉月),69,74,79
2026-01-25,P003 (1948M 酉月),66,71,76
2026-01-26,P003 (1948M 酉月),82,87,92
2026-01-27,P003 (1948M 酉月),80,85,90
2026-01-28,P003 (1948M 酉月),63,68,73
2026-01-29,P003 (1948M 酉月),68,73,78
2026-01-30,P003 (1948M 酉月),79,84,89
2026-01-31,P003 (1948M 酉月),66,71,76
2026-02-01,P003 (1948M 酉月),71,76,81
2026-02-02,P003 (1948M 酉月),69,74,79
2026-02-03,P003 (1948M 酉月),84,89,94
2026-02-04,P003 (1948M 酉月),49,54,59
2026-02-05,P003 (1948M 酉月),48,53,58
2026-02-06,P003 (1948M 酉月),49,54,59
2026-02-07,P003 (1948M 酉月),57,62,67
2026-02-08,P003 (1948M 酉月),62,67,72
2026-02-09,P003 (1948M 酉月),47,52,57
2026-02-10,P003 (1948M 酉月),53,58,63
2026-02-11,P003 (1948M 酉月),60,65,70
2026-02-12,P003 (1948M 酉月),48,53,58
2026-02-13,P003 (1948M 酉月),51,56,61
2026-02-14,P003 (1948M 酉月),47,52,57
2026-02-15,P003 (1948M 酉月),58,63,68
2026-02-16,P003 (1948M 酉月),55,60,65
2026-02-17,P003 (1948M 酉月),47,52,57
2026-02-18,P003 (1948M 酉月),47,52,57
2026-02-19,P003 (1948M 酉月),57,62,67
2026-02-20,P003 (1948M 酉月),64,69,74
2026-02-21,P003 (1948M 酉月),48,53,58
2026-02-22,P003 (1948M 酉月),48,53,58
2026-02-23,P003 (1948M 酉月),64,69,74
2026-02-24,P003 (1948M 酉月),46,51,56
2026-02-25,P003 (1948M 酉月),51,56,61
2026-02-26,P003 (1948M 酉月),52,57,62
2026-02-27,P003 (1948M 酉月),55,60,65
2026-02-28,P003 (1948M 酉月),57,62,67
2026-03-01,P003 (1948M 酉月),52,57,62
2026-03-02,P003 (1948M 酉月),51,56,61
2026-03-03,P003 (1948M 酉月),59,64,69
2026-03-04,P003 (1948M 酉月),61,66,71
2026-03-05,P003 (1948M 酉月),51,56,61
2026-03-06,P003 (1948M 酉月),51,56,61
2026-03-07,P003 (1948M 酉月),65,70,75
2026-03-08,P003 (1948M 酉月),47,52,57
2026-03-09,P003 (1948M 酉月),49,54,59
2026-03-10,P003 (1948M 酉月),50,55,60
2026-03-11,P003 (1948M 酉月),56,61,66
2026-03-12,P003 (1948M 酉月),62,67,72
2026-03-13,P003 (1948M 酉月),49,54,59
2026-03-14,P003 (1948M 酉月),49,54,59
2026-03-15,P003 (1948M 酉月),65,70,75
2026-03-16,P003 (1948M 酉月),60,65,70
2026-03-17,P003 (1948M 酉月),50,55,60
2026-03-18,P003 (1948M 酉月),54,59,64
2026-03-19,P003 (1948M 酉月),54,59,64
2026-03-20,P003 (1948M 酉月),48,53,58
2026-03-21,P003 (1948M 酉月),53,58,63
2026-03-22,P003 (1948M 酉月),56,61,66
2026-03-23,P003 (1948M 酉月),61,66,71
2026-03-24,P003 (1948M 酉月),55,60,65
2026-03-25,P003 (1948M 酉月),54,59,64
2026-03-26,P003 (1948M 酉月),48,53,58
2026-03-27,P003 (1948M 酉月),63,68,73
2026-03-28,P003 (1948M 酉月),62,67,72
2026-03-29,P003 (1948M 酉月),48,53,58
2026-03-30,P003 (1948M 酉月),52,57,62
2026-03-31,P003 (1948M 酉月),56,61,66
2026-04-01,P003 (1948M 酉月),48,53,58
2026-04-02,P003 (1948M 酉月),52,57,62
2026-04-03,P003 (1948M 酉月),50,55,60
2026-04-04,P003 (1948M 酉月),66,71,76
2026-04-05,P003 (1948M 酉月),71,76,81
2026-04-06,P003 (1948M 酉月),67,72,77
2026-04-07,P003 (1948M 酉月),62,67,72
2026-04-08,P003 (1948M 酉月),67,72,77
2026-04-09,P003 (1948M 酉月),79,84,89
2026-04-10,P003 (1948M 酉月),57,62,67
2026-04-11,P003 (1948M 酉月),70,75,80
2026-04-12,P003 (1948M 酉月),75,80,85
2026-04-13,P003 (1948M 酉月),53,58,63
2026-04-14,P003 (1948M 酉月),64,69,74
2026-04-15,P003 (1948M 酉月),58,63,68
2026-04-16,P003 (1948M 酉月),71,76,81
2026-04-17,P003 (1948M 酉月),66,71,76
2026-04-18,P003 (1948M 酉月),52,57,62
2026-04-19,P003 (1948M 酉月),57,62,67
2026-04-20,P003 (1948M 酉月),70,75,80
2026-04-21,P003 (1948M 酉月),77,82,87
2026-04-22,P003 (1948M 酉月),52,57,62
2026-04-23,P003 (1948M 酉月),61,66,71
2026-04-24,P003 (1948M 酉月),79,84,89
2026-04-25,P003 (1948M 酉月),52,57,62
2026-04-26,P003 (1948M 酉月),67,72,77
2026-04-27,P003 (1948M 酉月),68,73,78
2026-04-28,P003 (1948M 酉月),67,72,77
2026-04-29,P003 (1948M 酉月),72,77,82
2026-04-30,P003 (1948M 酉月),59,64,69
2026-05-01,P003 (1948M 酉月),64,69,74
2026-05-02,P003 (1948M 酉月),75,80,85
2026-05-03,P003 (1948M 酉月),77,82,87
2026-05-04,P003 (1948M 酉月),62,67,72
2026-05-05,P003 (1948M 酉月),62,67,72
2026-05-06,P003 (1948M 酉月),66,71,76
2026-05-07,P003 (1948M 酉月),49,54,59
2026-05-08,P003 (1948M 酉月),50,55,60
2026-05-09,P003 (1948M 酉月),54,59,64
2026-05-10,P003 (1948M 酉月),59,64,69
2026-05-11,P003 (1948M 酉月),59,64,69
2026-05-12,P003 (1948M 酉月),48,53,58
2026-05-13,P003 (1948M 酉月),48,53,58
2026-05-14,P003 (1948M 酉月),67,72,77
2026-05-15,P003 (1948M 酉月),63,68,73
2026-05-16,P003 (1948M 酉月),51,56,61
2026-05-17,P003 (1948M 酉月),53,58,63
2026-05-18,P003 (1948M 酉月),59,64,69
2026-05-19,P003 (1948M 酉月),47,52,57
2026-05-20,P003 (1948M 酉月),56,61,66
2026-05-21,P003 (1948M 酉月),58,63,68
2026-05-22,P003 (1948M 酉月),63,68,73
2026-05-23,P003 (1948M 酉月),57,62,67
2026-05-24,P003 (1948M 酉月),54,59,64
2026-05-25,P003 (1948M 酉月),52,57,62
2026-05-26,P003 (1948M 酉月),64,69,74
2026-05-27,P003 (1948M 酉月),65,70,75
2026-05-28,P003 (1948M 酉月),48,53,58
2026-05-29,P003 (1948M 酉月),53,58,63
2026-05-30,P003 (1948M 酉月),63,68,73
2026-05-31,P003 (1948M 酉月),51,56,61
2025-12-03,P004 (1951F 子月),72,74,79
2025-12-04,P004 (1951F 子月),68,70,75
2025-12-05,P004 (1951F 子月),58,60,65
2025-12-06,P004 (1951F 子月),65,67,72
2025-12-07,P004 (1951F 子月),73,75,80
2025-12-08,P004 (1951F 子月),78,80,85
2025-12-09,P004 (1951F 子月),63,65,70
2025-12-10,P004 (1951F 子月),70,72,77
2025-12-11,P004 (1951F 子月),70,72,77
2025-12-12,P004 (1951F 子月),58,60,65
2025-12-13,P004 (1951F 子月),63,65,70
2025-12-14,P004 (1951F 子月),55,57,62
2025-12-15,P004 (1951F 子月),62,64,69
2025-12-16,P004 (1951F 子月),66,68,73
2025-12-17,P004 (1951F 子月),52,54,59
2025-12-18,P004 (1951F 子月),56,58,63
2025-12-19,P004 (1951F 子月),72,74,79
2025-12-20,P004 (1951F 子月),73,75,80
2025-12-21,P004 (1951F 子月),60,62,67
2025-12-22,P004 (1951F 子月),64,66,71
2025-12-23,P004 (1951F 子月),76,78,83
2025-12-24,P004 (1951F 子月),66,68,73
2025-12-25,P004 (1951F 子月),64,66,71
2025-12-26,P004 (1951F 子月),55,57,62
2025-12-27,P004 (1951F 子月),63,65,70
2025-12-28,P004 (1951F 子月),65,67,72
2025-12-29,P004 (1951F 子月),52,54,59
2025-12-30,P004 (1951F 子月),56,58,63
2025-12-31,P004 (1951F 子月),65,67,72
2026-01-01,P004 (1951F 子月),67,69,74
2026-01-02,P004 (1951F 子月),66,68,73
2026-01-03,P004 (1951F 子月),71,73,78
2026-01-04,P004 (1951F 子月),66,68,73
2026-01-05,P004 (1951F 子月),65,67,72
2026-01-06,P004 (1951F 子月),67,69,74
2026-01-07,P004 (1951F 子月),58,60,65
2026-01-08,P004 (1951F 子月),68,70,75
2026-01-09,P004 (1951F 子月),63,65,70
2026-01-10,P004 (1951F 子月),56,58,63
2026-01-11,P004 (1951F 子月),57,59,64
2026-01-12,P004 (1951F 子月),78,80,85
2026-01-13,P004 (1951F 子月),80,82,87
2026-01-14,P004 (1951F 子月),71,73,78
2026-01-15,P004 (1951F 子月),81,83,88
2026-01-16,P004 (1951F 子月),76,78,83
2026-01-17,P004 (1951F 子月),77,79,84
2026-01-18,P004 (1951F 子月),66,68,73
2026-01-19,P004 (1951F 子月),63,65,70
2026-01-20,P004 (1951F 子月),70,72,77
2026-01-21,P004 (1951F 子月),63,65,70
2026-01-22,P004 (1951F 子月),62,64,69
2026-01-23,P004 (1951F 子月),68,70,75
2026-01-24,P004 (1951F 子月),83,85,90
2026-01-25,P004 (1951F 子月),85,87,92
2026-01-26,P004 (1951F 子月),74,76,81
2026-01-27,P004 (1951F 子月),78,80,85
2026-01-28,P004 (1951F 子月),80,82,87
2026-01-29,P004 (1951F 子月),74,76,81
2026-01-30,P004 (1951F 子月),63,65,70
2026-01-31,P004 (1951F 子月),58,60,65
2026-02-01,P004 (1951F 子月),70,72,77
2026-02-02,P004 (1951F 子月),70,72,77
2026-02-03,P004 (1951F 子月),56,58,63
2026-02-04,P004 (1951F 子月),67,69,74
2026-02-05,P004 (1951F 子月),82,84,89
2026-02-06,P004 (1951F 子月),83,85,90
2026-02-07,P004 (1951F 子月),72,74,79
2026-02-08,P004 (1951F 子月),80,82,87
2026-02-09,P004 (1951F 子月),76,78,83
2026-02-10,P004 (1951F 子月),66,68,73
2026-02-11,P004 (1951F 子月),74,76,81
2026-02-12,P004 (1951F 子月),63,65,70
2026-02-13,P004 (1951F 子月),72,74,79
2026-02-14,P004 (1951F 子月),76,78,83
2026-02-15,P004 (1951F 子月),61,63,68
2026-02-16,P004 (1951F 子月),64,66,71
2026-02-17,P004 (1951F 子月),77,79,84
2026-02-18,P004 (1951F 子月),82,84,89
2026-02-19,P004 (1951F 子月),65,67,72
2026-02-20,P004 (1951F 子月),72,74,79
2026-02-21,P004 (1951F 子月),81,83,88
2026-02-22,P004 (1951F 子月),78,80,85
2026-02-23,P004 (1951F 子月),72,74,79
2026-02-24,P004 (1951F 子月),63,65,70
2026-02-25,P004 (1951F 子月),70,72,77
2026-02-26,P004 (1951F 子月),73,75,80
2026-02-27,P004 (1951F 子月),57,59,64
2026-02-28,P004 (1951F 子月),61,63,68
2026-03-01,P004 (1951F 子月),73,75,80
2026-03-02,P004 (1951F 子月),75,77,82
2026-03-03,P004 (1951F 子月),77,79,84
2026-03-04,P004 (1951F 子月),81,83,88
2026-03-05,P004 (1951F 子月),78,80,85
2026-03-06,P004 (1951F 子月),74,76,81
2026-03-07,P004 (1951F 子月),65,67,72
2026-03-08,P004 (1951F 子月),59,61,66
2026-03-09,P004 (1951F 子月),63,65,70
2026-03-10,P004 (1951F 子月),65,67,72
2026-03-11,P004 (1951F 子月),52,54,59
2026-03-12,P004 (1951F 子月),56,58,63
2026-03-13,P004 (1951F 子月),78,80,85
2026-03-14,P004 (1951F 子月),81,83,88
2026-03-15,P004 (1951F 子月),72,74,79
2026-03-16,P004 (1951F 子月),79,81,86
2026-03-17,P004 (1951F 子月),76,78,83
2026-03-18,P004 (1951F 子月),72,74,79
2026-03-19,P004 (1951F 子月),65,67,72
2026-03-20,P004 (1951F 子月),54,56,61
2026-03-21,P004 (1951F 子月),62,64,69
2026-03-22,P004 (1951F 子月),56,58,63
2026-03-23,P004 (1951F 子月),54,56,61
2026-03-24,P004 (1951F 子月),59,61,66
2026-03-25,P004 (1951F 子月),80,82,87
2026-03-26,P004 (1951F 子月),84,86,91
2026-03-27,P004 (1951F 子月),70,72,77
2026-03-28,P004 (1951F 子月),79,81,86
2026-03-29,P004 (1951F 子月),74,76,81
2026-03-30,P004 (1951F 子月),69,71,76
2026-03-31,P004 (1951F 子月),58,60,65
2026-04-01,P004 (1951F 子月),52,54,59
2026-04-02,P004 (1951F 子月),65,67,72
2026-04-03,P004 (1951F 子月),64,66,71
2026-04-04,P004 (1951F 子月),53,55,60
2026-04-05,P004 (1951F 子月),58,60,65
2026-04-06,P004 (1951F 子月),73,75,80
2026-04-07,P004 (1951F 子月),78,80,85
2026-04-08,P004 (1951F 子月),62,64,69
2026-04-09,P004 (1951F 子月),68,70,75
2026-04-10,P004 (1951F 子月),64,66,71
2026-04-11,P004 (1951F 子月),56,58,63
2026-04-12,P004 (1951F 子月),62,64,69
2026-04-13,P004 (1951F 子月),50,52,57
2026-04-14,P004 (1951F 子月),60,62,67
2026-04-15,P004 (1951F 子月),63,65,70
2026-04-16,P004 (1951F 子月),49,51,56
2026-04-17,P004 (1951F 子月),54,56,61
2026-04-18,P004 (1951F 子月),71,73,78
2026-04-19,P004 (1951F 子月),72,74,79
2026-04-20,P004 (1951F 子月),57,59,64
2026-04-21,P004 (1951F 子月),62,64,69
2026-04-22,P004 (1951F 子月),71,73,78
2026-04-23,P004 (1951F 子月),67,69,74
2026-04-24,P004 (1951F 子月),64,66,71
2026-04-25,P004 (1951F 子月),55,57,62
2026-04-26,P004 (1951F 子月),62,64,69
2026-04-27,P004 (1951F 子月),62,64,69
2026-04-28,P004 (1951F 子月),46,48,53
2026-04-29,P004 (1951F 子月),52,54,59
2026-04-30,P004 (1951F 子月),66,68,73
2026-05-01,P004 (1951F 子月),66,68,73
2026-05-02,P004 (1951F 子月),65,67,72
2026-05-03,P004 (1951F 子月),71,73,78
2026-05-04,P004 (1951F 子月),72,74,79
2026-05-05,P004 (1951F 子月),71,73,78
2026-05-06,P004 (1951F 子月),52,54,59
2026-05-07,P004 (1951F 子月),46,48,53
2026-05-08,P004 (1951F 子月),53,55,60
2026-05-09,P004 (1951F 子月),47,49,54
2026-05-10,P004 (1951F 子月),45,47,52
2026-05-11,P004 (1951F 子月),47,49,54
2026-05-12,P004 (1951F 子月),59,61,66
2026-05-13,P004 (1951F 子月),60,62,67
2026-05-14,P004 (1951F 子月),52,54,59
2026-05-15,P004 (1951F 子月),63,65,70
2026-05-16,P004 (1951F 子月),58,60,65
2026-05-17,P004 (1951F 子月),54,56,61
2026-05-18,P004 (1951F 子月),49,51,56
2026-05-19,P004 (1951F 子月),46,48,53
2026-05-20,P004 (1951F 子月),54,56,61
2026-05-21,P004 (1951F 子月),49,51,56
2026-05-22,P004 (1951F 子月),47,49,54
2026-05-23,P004 (1951F 子月),49,51,56
2026-05-24,P004 (1951F 子月),63,65,70
2026-05-25,P004 (1951F 子月),68,70,75
2026-05-26,P004 (1951F 子月),55,57,62
2026-05-27,P004 (1951F 子月),67,69,74
2026-05-28,P004 (1951F 子月),66,68,73
2026-05-29,P004 (1951F 子月),56,58,63
2026-05-30,P004 (1951F 子月),49,51,56
2026-05-31,P004 (1951F 子月),46,48,53
2025-12-03,P005 (1954M 卯月),63,68,73
2025-12-04,P005 (1954M 卯月),69,74,79
2025-12-05,P005 (1954M 卯月),55,60,65
2025-12-06,P005 (1954M 卯月),58,63,68
2025-12-07,P005 (1954M 卯月),60,65,70
2025-12-08,P005 (1954M 卯月),58,63,68
2025-12-09,P005 (1954M 卯月),55,60,65
2025-12-10,P005 (1954M 卯月),53,58,63
2025-12-11,P005 (1954M 卯月),54,59,64
2025-12-12,P005 (1954M 卯月),59,64,69
2025-12-13,P005 (1954M 卯月),51,56,61
2025-12-14,P005 (1954M 卯月),71,76,81
2025-12-15,P005 (1954M 卯月),58,63,68
2025-12-16,P005 (1954M 卯月),70,75,80
2025-12-17,P005 (1954M 卯月),54,59,64
2025-12-18,P005 (1954M 卯月),58,63,68
2025-12-19,P005 (1954M 卯月),64,69,74
2025-12-20,P005 (1954M 卯月),55,60,65
2025-12-21,P005 (1954M 卯月),53,58,63
2025-12-22,P005 (1954M 卯月),48,53,58
2025-12-23,P005 (1954M 卯月),56,61,66
2025-12-24,P005 (1954M 卯月),68,73,78
2025-12-25,P005 (1954M 卯月),50,55,60
2025-12-26,P005 (1954M 卯月),66,71,76
2025-12-27,P005 (1954M 卯月),59,64,69
2025-12-28,P005 (1954M 卯月),66,71,76
2025-12-29,P005 (1954M 卯月),59,64,69
2025-12-30,P005 (1954M 卯月),57,62,67
2025-12-31,P005 (1954M 卯月),67,72,77
2026-01-01,P005 (1954M 卯月),54,59,64
2026-01-02,P005 (1954M 卯月),55,60,65
2026-01-03,P005 (1954M 卯月),56,61,66
2026-01-04,P005 (1954M 卯月),47,52,57
2026-01-05,P005 (1954M 卯月),62,67,72
2026-01-06,P005 (1954M 卯月),48,53,58
2026-01-07,P005 (1954M 卯月),68,73,78
2026-01-08,P005 (1954M 卯月),65,70,75
2026-01-09,P005 (1954M 卯月),62,67,72
2026-01-10,P005 (1954M 卯月),62,67,72
2026-01-11,P005 (1954M 卯月),51,56,61
2026-01-12,P005 (1954M 卯月),69,74,79
2026-01-13,P005 (1954M 卯月),53,58,63
2026-01-14,P005 (1954M 卯月),47,52,57
2026-01-15,P005 (1954M 卯月),55,60,65
2026-01-16,P005 (1954M 卯月),49,54,59
2026-01-17,P005 (1954M 卯月),69,74,79
2026-01-18,P005 (1954M 卯月),53,58,63
2026-01-19,P005 (1954M 卯月),68,73,78
2026-01-20,P005 (1954M 卯月),70,75,80
2026-01-21,P005 (1954M 卯月),68,73,78
2026-01-22,P005 (1954M 卯月),66,71,76
2026-01-23,P005 (1954M 卯月),59,64,69
2026-01-24,P005 (1954M 卯月),56,61,66
2026-01-25,P005 (1954M 卯月),49,54,59
2026-01-26,P005 (1954M 卯月),48,53,58
2026-01-27,P005 (1954M 卯月),57,62,67
2026-01-28,P005 (1954M 卯月),56,61,66
2026-01-29,P005 (1954M 卯月),63,68,73
2026-01-30,P005 (1954M 卯月),55,60,65
2026-01-31,P005 (1954M 卯月),68,73,78
2026-02-01,P005 (1954M 卯月),68,73,78
2026-02-02,P005 (1954M 卯月),74,79,84
2026-02-03,P005 (1954M 卯月),50,55,60
2026-02-04,P005 (1954M 卯月),50,55,60
2026-02-05,P005 (1954M 卯月),55,60,65
2026-02-06,P005 (1954M 卯月),50,55,60
2026-02-07,P005 (1954M 卯月),48,53,58
2026-02-08,P005 (1954M 卯月),47,52,57
2026-02-09,P005 (1954M 卯月),51,56,61
2026-02-10,P005 (1954M 卯月),56,61,66
2026-02-11,P005 (1954M 卯月),49,54,59
2026-02-12,P005 (1954M 卯月),68,73,78
2026-02-13,P005 (1954M 卯月),55,60,65
2026-02-14,P005 (1954M 卯月),65,70,75
2026-02-15,P005 (1954M 卯月),50,55,60
2026-02-16,P005 (1954M 卯月),53,58,63
2026-02-17,P005 (1954M 卯月),61,66,71
2026-02-18,P005 (1954M 卯月),51,56,61
2026-02-19,P005 (1954M 卯月),50,55,60
2026-02-20,P005 (1954M 卯月),50,55,60
2026-02-21,P005 (1954M 卯月),52,57,62
2026-02-22,P005 (1954M 卯月),66,71,76
2026-02-23,P005 (1954M 卯月),49,54,59
2026-02-24,P005 (1954M 卯月),67,72,77
2026-02-25,P005 (1954M 卯月),57,62,67
2026-02-26,P005 (1954M 卯月),67,72,77
2026-02-27,P005 (1954M 卯月),60,65,70
2026-02-28,P005 (1954M 卯月),54,59,64
2026-03-01,P005 (1954M 卯月),64,69,74
2026-03-02,P005 (1954M 卯月),52,57,62
2026-03-03,P005 (1954M 卯月),52,57,62
2026-03-04,P005 (1954M 卯月),55,60,65
2026-03-05,P005 (1954M 卯月),49,54,59
2026-03-06,P005 (1954M 卯月),80,85,90
2026-03-07,P005 (1954M 卯月),59,64,69
2026-03-08,P005 (1954M 卯月),80,85,90
2026-03-09,P005 (1954M 卯月),80,85,90
2026-03-10,P005 (1954M 卯月),79,84,89
2026-03-11,P005 (1954M 卯月),77,82,87
2026-03-12,P005 (1954M 卯月),61,66,71
2026-03-13,P005 (1954M 卯月),80,85,90
2026-03-14,P005 (1954M 卯月),65,70,75
2026-03-15,P005 (1954M 卯月),60,65,70
2026-03-16,P005 (1954M 卯月),70,75,80
2026-03-17,P005 (1954M 卯月),58,63,68
2026-03-18,P005 (1954M 卯月),78,83,88
2026-03-19,P005 (1954M 卯月),66,71,76
2026-03-20,P005 (1954M 卯月),77,82,87
2026-03-21,P005 (1954M 卯月),78,83,88
2026-03-22,P005 (1954M 卯月),77,82,87
2026-03-23,P005 (1954M 卯月),76,81,86
2026-03-24,P005 (1954M 卯月),69,74,79
2026-03-25,P005 (1954M 卯月),67,72,77
2026-03-26,P005 (1954M 卯月),63,68,73
2026-03-27,P005 (1954M 卯月),60,65,70
2026-03-28,P005 (1954M 卯月),65,70,75
2026-03-29,P005 (1954M 卯月),66,71,76
2026-03-30,P005 (1954M 卯月),69,74,79
2026-03-31,P005 (1954M 卯月),61,66,71
2026-04-01,P005 (1954M 卯月),75,80,85
2026-04-02,P005 (1954M 卯月),80,85,90
2026-04-03,P005 (1954M 卯月),81,86,91
2026-04-04,P005 (1954M 卯月),61,66,71
2026-04-05,P005 (1954M 卯月),55,60,65
2026-04-06,P005 (1954M 卯月),60,65,70
2026-04-07,P005 (1954M 卯月),56,61,66
2026-04-08,P005 (1954M 卯月),53,58,63
2026-04-09,P005 (1954M 卯月),52,57,62
2026-04-10,P005 (1954M 卯月),54,59,64
2026-04-11,P005 (1954M 卯月),61,66,71
2026-04-12,P005 (1954M 卯月),53,58,63
2026-04-13,P005 (1954M 卯月),73,78,83
2026-04-14,P005 (1954M 卯月),59,64,69
2026-04-15,P005 (1954M 卯月),72,77,82
2026-04-16,P005 (1954M 卯月),54,59,64
2026-04-17,P005 (1954M 卯月),57,62,67
2026-04-18,P005 (1954M 卯月),68,73,78
2026-04-19,P005 (1954M 卯月),57,62,67
2026-04-20,P005 (1954M 卯月),53,58,63
2026-04-21,P005 (1954M 卯月),51,56,61
2026-04-22,P005 (1954M 卯月),54,59,64
2026-04-23,P005 (1954M 卯月),70,75,80
2026-04-24,P005 (1954M 卯月),48,53,58
2026-04-25,P005 (1954M 卯月),72,77,82
2026-04-26,P005 (1954M 卯月),59,64,69
2026-04-27,P005 (1954M 卯月),68,73,78
2026-04-28,P005 (1954M 卯月),58,63,68
2026-04-29,P005 (1954M 卯月),53,58,63
2026-04-30,P005 (1954M 卯月),62,67,72
2026-05-01,P005 (1954M 卯月),50,55,60
2026-05-02,P005 (1954M 卯月),51,56,61
2026-05-03,P005 (1954M 卯月),57,62,67
2026-05-04,P005 (1954M 卯月),47,52,57
2026-05-05,P005 (1954M 卯月),64,69,74
2026-05-06,P005 (1954M 卯月),59,64,69
2026-05-07,P005 (1954M 卯月),74,79,84
2026-05-08,P005 (1954M 卯月),77,82,87
2026-05-09,P005 (1954M 卯月),77,82,87
2026-05-10,P005 (1954M 卯月),75,80,85
2026-05-11,P005 (1954M 卯月),68,73,78
2026-05-12,P005 (1954M 卯月),83,88,93
2026-05-13,P005 (1954M 卯月),72,77,82
2026-05-14,P005 (1954M 卯月),66,71,76
2026-05-15,P005 (1954M 卯月),71,76,81
2026-05-16,P005 (1954M 卯月),62,67,72
2026-05-17,P005 (1954M 卯月),78,83,88
2026-05-18,P005 (1954M 卯月),66,71,76
2026-05-19,P005 (1954M 卯月),79,84,89
2026-05-20,P005 (1954M 卯月),78,83,88
2026-05-21,P005 (1954M 卯月),76,81,86
2026-05-22,P005 (1954M 卯月),77,82,87
2026-05-23,P005 (1954M 卯月),72,77,82
2026-05-24,P005 (1954M 卯月),71,76,81
2026-05-25,P005 (1954M 卯月),67,72,77
2026-05-26,P005 (1954M 卯月),64,69,74
2026-05-27,P005 (1954M 卯月),68,73,78
2026-05-28,P005 (1954M 卯月),69,74,79
2026-05-29,P005 (1954M 卯月),77,82,87
2026-05-30,P005 (1954M 卯月),67,72,77
2026-05-31,P005 (1954M 卯月),74,79,84
2025-12-03,P006 (1957F 未月),73,77,82
2025-12-04,P006 (1957F 未月),78,82,87
2025-12-05,P006 (1957F 未月),60,64,69
2025-12-06,P006 (1957F 未月),83,87,92
2025-12-07,P006 (1957F 未月),47,51,56
2025-12-08,P006 (1957F 未月),70,74,79
2025-12-09,P006 (1957F 未月),55,59,64
2025-12-10,P006 (1957F 未月),51,55,60
2025-12-11,P006 (1957F 未月),62,66,71
2025-12-12,P006 (1957F 未月),54,58,63
2025-12-13,P006 (1957F 未月),67,71,76
2025-12-14,P006 (1957F 未月),49,53,58
2025-12-15,P006 (1957F 未月),56,60,65
2025-12-16,P006 (1957F 未月),64,68,73
2025-12-17,P006 (1957F 未月),53,57,62
2025-12-18,P006 (1957F 未月),67,71,76
2025-12-19,P006 (1957F 未月),50,54,59
2025-12-20,P006 (1957F 未月),67,71,76
2025-12-21,P006 (1957F 未月),59,63,68
2025-12-22,P006 (1957F 未月),53,57,62
2025-12-23,P006 (1957F 未月),56,60,65
2025-12-24,P006 (1957F 未月),56,60,65
2025-12-25,P006 (1957F 未月),63,67,72
2025-12-26,P006 (1957F 未月),50,54,59
2025-12-27,P006 (1957F 未月),59,63,68
2025-12-28,P006 (1957F 未月),62,66,71
2025-12-29,P006 (1957F 未月),51,55,60
2025-12-30,P006 (1957F 未月),62,66,71
2025-12-31,P006 (1957F 未月),53,57,62
2026-01-01,P006 (1957F 未月),73,77,82
2026-01-02,P006 (1957F 未月),54,58,63
2026-01-03,P006 (1957F 未月),54,58,63
2026-01-04,P006 (1957F 未月),54,58,63
2026-01-05,P006 (1957F 未月),58,62,67
2026-01-06,P006 (1957F 未月),70,74,79
2026-01-07,P006 (1957F 未月),51,55,60
2026-01-08,P006 (1957F 未月),64,68,73
2026-01-09,P006 (1957F 未月),59,63,68
2026-01-10,P006 (1957F 未月),59,63,68
2026-01-11,P006 (1957F 未月),71,75,80
2026-01-12,P006 (1957F 未月),50,54,59
2026-01-13,P006 (1957F 未月),75,79,84
2026-01-14,P006 (1957F 未月),51,55,60
2026-01-15,P006 (1957F 未月),57,61,66
2026-01-16,P006 (1957F 未月),59,63,68
2026-01-17,P006 (1957F 未月),62,66,71
2026-01-18,P006 (1957F 未月),70,74,79
2026-01-19,P006 (1957F 未月),47,51,56
2026-01-20,P006 (1957F 未月),69,73,78
2026-01-21,P006 (1957F 未月),63,67,72
2026-01-22,P006 (1957F 未月),54,58,63
2026-01-23,P006 (1957F 未月),69,73,78
2026-01-24,P006 (1957F 未月),47,51,56
2026-01-25,P006 (1957F 未月),71,75,80
2026-01-26,P006 (1957F 未月),53,57,62
2026-01-27,P006 (1957F 未月),58,62,67
2026-01-28,P006 (1957F 未月),61,65,70
2026-01-29,P006 (1957F 未月),59,63,68
2026-01-30,P006 (1957F 未月),77,81,86
2026-01-31,P006 (1957F 未月),52,56,61
2026-02-01,P006 (1957F 未月),60,64,69
2026-02-02,P006 (1957F 未月),65,69,74
2026-02-03,P006 (1957F 未月),54,58,63
2026-02-04,P006 (1957F 未月),71,75,80
2026-02-05,P006 (1957F 未月),48,52,57
2026-02-06,P006 (1957F 未月),72,76,81
2026-02-07,P006 (1957F 未月),57,61,66
2026-02-08,P006 (1957F 未月),54,58,63
2026-02-09,P006 (1957F 未月),67,71,76
2026-02-10,P006 (1957F 未月),55,59,64
2026-02-11,P006 (1957F 未月),68,72,77
2026-02-12,P006 (1957F 未月),52,56,61
2026-02-13,P006 (1957F 未月),58,62,67
2026-02-14,P006 (1957F 未月),67,71,76
2026-02-15,P006 (1957F 未月),54,58,63
2026-02-16,P006 (1957F 未月),70,74,79
2026-02-17,P006 (1957F 未月),52,56,61
2026-02-18,P006 (1957F 未月),68,72,77
2026-02-19,P006 (1957F 未月),62,66,71
2026-02-20,P006 (1957F 未月),56,60,65
2026-02-21,P006 (1957F 未月),60,64,69
2026-02-22,P006 (1957F 未月),60,64,69
2026-02-23,P006 (1957F 未月),64,68,73
2026-02-24,P006 (1957F 未月),52,56,61
2026-02-25,P006 (1957F 未月),62,66,71
2026-02-26,P006 (1957F 未月),64,68,73
2026-02-27,P006 (1957F 未月),53,57,62
2026-02-28,P006 (1957F 未月),65,69,74
2026-03-01,P006 (1957F 未月),56,60,65
2026-03-02,P006 (1957F 未月),76,80,85
2026-03-03,P006 (1957F 未月),55,59,64
2026-03-04,P006 (1957F 未月),58,62,67
2026-03-05,P006 (1957F 未月),57,61,66
2026-03-06,P006 (1957F 未月),64,68,73
2026-03-07,P006 (1957F 未月),76,80,85
2026-03-08,P006 (1957F 未月),54,58,63
2026-03-09,P006 (1957F 未月),64,68,73
2026-03-10,P006 (1957F 未月),65,69,74
2026-03-11,P006 (1957F 未月),63,67,72
2026-03-12,P006 (1957F 未月),70,74,79
2026-03-13,P006 (1957F 未月),52,56,61
2026-03-14,P006 (1957F 未月),74,78,83
2026-03-15,P006 (1957F 未月),55,59,64
2026-03-16,P006 (1957F 未月),60,64,69
2026-03-17,P006 (1957F 未月),62,66,71
2026-03-18,P006 (1957F 未月),65,69,74
2026-03-19,P006 (1957F 未月),70,74,79
2026-03-20,P006 (1957F 未月),50,54,59
2026-03-21,P006 (1957F 未月),68,72,77
2026-03-22,P006 (1957F 未月),64,68,73
2026-03-23,P006 (1957F 未月),59,63,68
2026-03-24,P006 (1957F 未月),70,74,79
2026-03-25,P006 (1957F 未月),50,54,59
2026-03-26,P006 (1957F 未月),74,78,83
2026-03-27,P006 (1957F 未月),59,63,68
2026-03-28,P006 (1957F 未月),64,68,73
2026-03-29,P006 (1957F 未月),62,66,71
2026-03-30,P006 (1957F 未月),63,67,72
2026-03-31,P006 (1957F 未月),76,80,85
2026-04-01,P006 (1957F 未月),52,56,61
2026-04-02,P006 (1957F 未月),66,70,75
2026-04-03,P006 (1957F 未月),68,72,77
2026-04-04,P006 (1957F 未月),57,61,66
2026-04-05,P006 (1957F 未月),86,90,95
2026-04-06,P006 (1957F 未月),66,70,75
2026-04-07,P006 (1957F 未月),87,91,96
2026-04-08,P006 (1957F 未月),74,78,83
2026-04-09,P006 (1957F 未月),66,70,75
2026-04-10,P006 (1957F 未月),79,83,88
2026-04-11,P006 (1957F 未月),70,74,79
2026-04-12,P006 (1957F 未月),85,89,94
2026-04-13,P006 (1957F 未月),69,73,78
2026-04-14,P006 (1957F 未月),70,74,79
2026-04-15,P006 (1957F 未月),81,85,90
2026-04-16,P006 (1957F 未月),68,72,77
2026-04-17,P006 (1957F 未月),85,89,94
2026-04-18,P006 (1957F 未月),69,73,78
2026-04-19,P006 (1957F 未月),86,90,95
2026-04-20,P006 (1957F 未月),80,84,89
2026-04-21,P006 (1957F 未月),73,77,82
2026-04-22,P006 (1957F 未月),78,82,87
2026-04-23,P006 (1957F 未月),72,76,81
2026-04-24,P006 (1957F 未月),80,84,89
2026-04-25,P006 (1957F 未月),71,75,80
2026-04-26,P006 (1957F 未月),80,84,89
2026-04-27,P006 (1957F 未月),81,85,90
2026-04-28,P006 (1957F 未月),66,70,75
2026-04-29,P006 (1957F 未月),82,86,91
2026-04-30,P006 (1957F 未月),71,75,80
2026-05-01,P006 (1957F 未月),87,91,96
2026-05-02,P006 (1957F 未月),69,73,78
2026-05-03,P006 (1957F 未月),71,75,80
2026-05-04,P006 (1957F 未月),67,71,76
2026-05-05,P006 (1957F 未月),70,74,79
2026-05-06,P006 (1957F 未月),68,72,77
2026-05-07,P006 (1957F 未月),49,53,58
2026-05-08,P006 (1957F 未月),63,67,72
2026-05-09,P006 (1957F 未月),59,63,68
2026-05-10,P006 (1957F 未月),56,60,65
2026-05-11,P006 (1957F 未月),69,73,78
2026-05-12,P006 (1957F 未月),50,54,59
2026-05-13,P006 (1957F 未月),75,79,84
2026-05-14,P006 (1957F 未月),50,54,59
2026-05-15,P006 (1957F 未月),56,60,65
2026-05-16,P006 (1957F 未月),59,63,68
2026-05-17,P006 (1957F 未月),60,64,69
2026-05-18,P006 (1957F 未月),72,76,81
2026-05-19,P006 (1957F 未月),47,51,56
2026-05-20,P006 (1957F 未月),69,73,78
2026-05-21,P006 (1957F 未月),66,70,75
2026-05-22,P006 (1957F 未月),55,59,64
2026-05-23,P006 (1957F 未月),74,78,83
2026-05-24,P006 (1957F 未月),47,51,56
2026-05-25,P006 (1957F 未月),75,79,84
2026-05-26,P006 (1957F 未月),54,58,63
2026-05-27,P006 (1957F 未月),58,62,67
2026-05-28,P006 (1957F 未月),63,67,72
2026-05-29,P006 (1957F 未月),57,61,66
2026-05-30,P006 (1957F 未月),76,80,85
2026-05-31,P006 (1957F 未月),53,57,62
2025-12-03,P007 (1958M 辰月),62,62,67
2025-12-04,P007 (1958M 辰月),61,61,66
2025-12-05,P007 (1958M 辰月),60,60,65
2025-12-06,P007 (1958M 辰月),71,71,76
2025-12-07,P007 (1958M 辰月),72,72,77
2025-12-08,P007 (1958M 辰月),82,82,87
2025-12-09,P007 (1958M 辰月),83,83,88
2025-12-10,P007 (1958M 辰月),85,85,90
2025-12-11,P007 (1958M 辰月),81,81,86
2025-12-12,P007 (1958M 辰月),84,84,89
2025-12-13,P007 (1958M 辰月),67,67,72
2025-12-14,P007 (1958M 辰月),71,71,76
2025-12-15,P007 (1958M 辰月),72,72,77
2025-12-16,P007 (1958M 辰月),73,73,78
2025-12-17,P007 (1958M 辰月),69,69,74
2025-12-18,P007 (1958M 辰月),83,83,88
2025-12-19,P007 (1958M 辰月),77,77,82
2025-12-20,P007 (1958M 辰月),86,86,91
2025-12-21,P007 (1958M 辰月),83,83,88
2025-12-22,P007 (1958M 辰月),80,80,85
2025-12-23,P007 (1958M 辰月),82,82,87
2025-12-24,P007 (1958M 辰月),86,86,91
2025-12-25,P007 (1958M 辰月),68,68,73
2025-12-26,P007 (1958M 辰月),69,69,74
2025-12-27,P007 (1958M 辰月),67,67,72
2025-12-28,P007 (1958M 辰月),71,71,76
2025-12-29,P007 (1958M 辰月),71,71,76
2025-12-30,P007 (1958M 辰月),81,81,86
2025-12-31,P007 (1958M 辰月),72,72,77
2026-01-01,P007 (1958M 辰月),79,79,84
2026-01-02,P007 (1958M 辰月),82,82,87
2026-01-03,P007 (1958M 辰月),79,79,84
2026-01-04,P007 (1958M 辰月),76,76,81
2026-01-05,P007 (1958M 辰月),83,83,88
2026-01-06,P007 (1958M 辰月),52,52,57
2026-01-07,P007 (1958M 辰月),58,58,63
2026-01-08,P007 (1958M 辰月),60,60,65
2026-01-09,P007 (1958M 辰月),62,62,67
2026-01-10,P007 (1958M 辰月),58,58,63
2026-01-11,P007 (1958M 辰月),66,66,71
2026-01-12,P007 (1958M 辰月),61,61,66
2026-01-13,P007 (1958M 辰月),70,70,75
2026-01-14,P007 (1958M 辰月),67,67,72
2026-01-15,P007 (1958M 辰月),71,71,76
2026-01-16,P007 (1958M 辰月),67,67,72
2026-01-17,P007 (1958M 辰月),74,74,79
2026-01-18,P007 (1958M 辰月),55,55,60
2026-01-19,P007 (1958M 辰月),57,57,62
2026-01-20,P007 (1958M 辰月),55,55,60
2026-01-21,P007 (1958M 辰月),54,54,59
2026-01-22,P007 (1958M 辰月),53,53,58
2026-01-23,P007 (1958M 辰月),62,62,67
2026-01-24,P007 (1958M 辰月),58,58,63
2026-01-25,P007 (1958M 辰月),67,67,72
2026-01-26,P007 (1958M 辰月),62,62,67
2026-01-27,P007 (1958M 辰月),66,66,71
2026-01-28,P007 (1958M 辰月),68,68,73
2026-01-29,P007 (1958M 辰月),83,83,88
2026-01-30,P007 (1958M 辰月),61,61,66
2026-01-31,P007 (1958M 辰月),61,61,66
2026-02-01,P007 (1958M 辰月),59,59,64
2026-02-02,P007 (1958M 辰月),62,62,67
2026-02-03,P007 (1958M 辰月),61,61,66
2026-02-04,P007 (1958M 辰月),76,76,81
2026-02-05,P007 (1958M 辰月),71,71,76
2026-02-06,P007 (1958M 辰月),78,78,83
2026-02-07,P007 (1958M 辰月),81,81,86
2026-02-08,P007 (1958M 辰月),80,80,85
2026-02-09,P007 (1958M 辰月),78,78,83
2026-02-10,P007 (1958M 辰月),83,83,88
2026-02-11,P007 (1958M 辰月),69,69,74
2026-02-12,P007 (1958M 辰月),66,66,71
2026-02-13,P007 (1958M 辰月),72,72,77
2026-02-14,P007 (1958M 辰月),67,67,72
2026-02-15,P007 (1958M 辰月),66,66,71
2026-02-16,P007 (1958M 辰月),75,75,80
2026-02-17,P007 (1958M 辰月),74,74,79
2026-02-18,P007 (1958M 辰月),80,80,85
2026-02-19,P007 (1958M 辰月),80,80,85
2026-02-20,P007 (1958M 辰月),75,75,80
2026-02-21,P007 (1958M 辰月),80,80,85
2026-02-22,P007 (1958M 辰月),83,83,88
2026-02-23,P007 (1958M 辰月),68,68,73
2026-02-24,P007 (1958M 辰月),67,67,72
2026-02-25,P007 (1958M 辰月),69,69,74
2026-02-26,P007 (1958M 辰月),68,68,73
2026-02-27,P007 (1958M 辰月),72,72,77
2026-02-28,P007 (1958M 辰月),77,77,82
2026-03-01,P007 (1958M 辰月),73,73,78
2026-03-02,P007 (1958M 辰月),76,76,81
2026-03-03,P007 (1958M 辰月),81,81,86
2026-03-04,P007 (1958M 辰月),76,76,81
2026-03-05,P007 (1958M 辰月),74,74,79
2026-03-06,P007 (1958M 辰月),80,80,85
2026-03-07,P007 (1958M 辰月),61,61,66
2026-03-08,P007 (1958M 辰月),64,64,69
2026-03-09,P007 (1958M 辰月),65,65,70
2026-03-10,P007 (1958M 辰月),69,69,74
2026-03-11,P007 (1958M 辰月),64,64,69
2026-03-12,P007 (1958M 辰月),74,74,79
2026-03-13,P007 (1958M 辰月),69,69,74
2026-03-14,P007 (1958M 辰月),76,76,81
2026-03-15,P007 (1958M 辰月),72,72,77
2026-03-16,P007 (1958M 辰月),75,75,80
2026-03-17,P007 (1958M 辰月),72,72,77
2026-03-18,P007 (1958M 辰月),81,81,86
2026-03-19,P007 (1958M 辰月),65,65,70
2026-03-20,P007 (1958M 辰月),69,69,74
2026-03-21,P007 (1958M 辰月),63,63,68
2026-03-22,P007 (1958M 辰月),63,63,68
2026-03-23,P007 (1958M 辰月),63,63,68
2026-03-24,P007 (1958M 辰月),73,73,78
2026-03-25,P007 (1958M 辰月),66,66,71
2026-03-26,P007 (1958M 辰月),77,77,82
2026-03-27,P007 (1958M 辰月),74,74,79
2026-03-28,P007 (1958M 辰月),78,78,83
2026-03-29,P007 (1958M 辰月),77,77,82
2026-03-30,P007 (1958M 辰月),87,87,92
2026-03-31,P007 (1958M 辰月),63,63,68
2026-04-01,P007 (1958M 辰月),66,66,71
2026-04-02,P007 (1958M 辰月),66,66,71
2026-04-03,P007 (1958M 辰月),66,66,71
2026-04-04,P007 (1958M 辰月),63,63,68
2026-04-05,P007 (1958M 辰月),60,60,65
2026-04-06,P007 (1958M 辰月),61,61,66
2026-04-07,P007 (1958M 辰月),62,62,67
2026-04-08,P007 (1958M 辰月),71,71,76
2026-04-09,P007 (1958M 辰月),62,62,67
2026-04-10,P007 (1958M 辰月),66,66,71
2026-04-11,P007 (1958M 辰月),63,63,68
2026-04-12,P007 (1958M 辰月),59,59,64
2026-04-13,P007 (1958M 辰月),50,50,55
2026-04-14,P007 (1958M 辰月),59,59,64
2026-04-15,P007 (1958M 辰月),50,50,55
2026-04-16,P007 (1958M 辰月),56,56,61
2026-04-17,P007 (1958M 辰月),59,59,64
2026-04-18,P007 (1958M 辰月),64,64,69
2026-04-19,P007 (1958M 辰月),64,64,69
2026-04-20,P007 (1958M 辰月),70,70,75
2026-04-21,P007 (1958M 辰月),59,59,64
2026-04-22,P007 (1958M 辰月),69,69,74
2026-04-23,P007 (1958M 辰月),68,68,73
2026-04-24,P007 (1958M 辰月),57,57,62
2026-04-25,P007 (1958M 辰月),53,53,58
2026-04-26,P007 (1958M 辰月),59,59,64
2026-04-27,P007 (1958M 辰月),52,52,57
2026-04-28,P007 (1958M 辰月),61,61,66
2026-04-29,P007 (1958M 辰月),63,63,68
2026-04-30,P007 (1958M 辰月),64,64,69
2026-05-01,P007 (1958M 辰月),61,61,66
2026-05-02,P007 (1958M 辰月),70,70,75
2026-05-03,P007 (1958M 辰月),60,60,65
2026-05-04,P007 (1958M 辰月),68,68,73
2026-05-05,P007 (1958M 辰月),67,67,72
2026-05-06,P007 (1958M 辰月),48,48,53
2026-05-07,P007 (1958M 辰月),52,52,57
2026-05-08,P007 (1958M 辰月),52,52,57
2026-05-09,P007 (1958M 辰月),55,55,60
2026-05-10,P007 (1958M 辰月),50,50,55
2026-05-11,P007 (1958M 辰月),58,58,63
2026-05-12,P007 (1958M 辰月),55,55,60
2026-05-13,P007 (1958M 辰月),60,60,65
2026-05-14,P007 (1958M 辰月),59,59,64
2026-05-15,P007 (1958M 辰月),61,61,66
2026-05-16,P007 (1958M 辰月),55,55,60
2026-05-17,P007 (1958M 辰月),68,68,73
2026-05-18,P007 (1958M 辰月),51,51,56
2026-05-19,P007 (1958M 辰月),55,55,60
2026-05-20,P007 (1958M 辰月),50,50,55
2026-05-21,P007 (1958M 辰月),51,51,56
2026-05-22,P007 (1958M 辰月),51,51,56
2026-05-23,P007 (1958M 辰月),61,61,66
2026-05-24,P007 (1958M 辰月),55,55,60
2026-05-25,P007 (1958M 辰月),64,64,69
2026-05-26,P007 (1958M 辰月),60,60,65
2026-05-27,P007 (1958M 辰月),63,63,68
2026-05-28,P007 (1958M 辰月),63,63,68
2026-05-29,P007 (1958M 辰月),69,69,74
2026-05-30,P007 (1958M 辰月),48,48,53
2026-05-31,P007 (1958M 辰月),53,53,58
2025-12-03,P008 (1959F 戌月),60,63,68
2025-12-04,P008 (1959F 戌月),48,51,56
2025-12-05,P008 (1959F 戌月),66,69,74
2025-12-06,P008 (1959F 戌月),60,63,68
2025-12-07,P008 (1959F 戌月),65,68,73
2025-12-08,P008 (1959F 戌月),72,75,80
2025-12-09,P008 (1959F 戌月),77,80,85
2025-12-10,P008 (1959F 戌月),75,78,83
2025-12-11,P008 (1959F 戌月),86,89,94
2025-12-12,P008 (1959F 戌月),66,69,74
2025-12-13,P008 (1959F 戌月),69,72,77
2025-12-14,P008 (1959F 戌月),66,69,74
2025-12-15,P008 (1959F 戌月),71,74,79
2025-12-16,P008 (1959F 戌月),66,69,74
2025-12-17,P008 (1959F 戌月),74,77,82
2025-12-18,P008 (1959F 戌月),79,82,87
2025-12-19,P008 (1959F 戌月),64,67,72
2025-12-20,P008 (1959F 戌月),68,71,76
2025-12-21,P008 (1959F 戌月),87,90,95
2025-12-22,P008 (1959F 戌月),75,78,83
2025-12-23,P008 (1959F 戌月),87,90,95
2025-12-24,P008 (1959F 戌月),68,71,76
2025-12-25,P008 (1959F 戌月),64,67,72
2025-12-26,P008 (1959F 戌月),69,72,77
2025-12-27,P008 (1959F 戌月),71,74,79
2025-12-28,P008 (1959F 戌月),71,74,79
2025-12-29,P008 (1959F 戌月),77,80,85
2025-12-30,P008 (1959F 戌月),72,75,80
2025-12-31,P008 (1959F 戌月),74,77,82
2026-01-01,P008 (1959F 戌月),72,75,80
2026-01-02,P008 (1959F 戌月),90,93,98
2026-01-03,P008 (1959F 戌月),78,81,86
2026-01-04,P008 (1959F 戌月),82,85,90
2026-01-05,P008 (1959F 戌月),73,76,81
2026-01-06,P008 (1959F 戌月),63,66,71
2026-01-07,P008 (1959F 戌月),71,74,79
2026-01-08,P008 (1959F 戌月),63,66,71
2026-01-09,P008 (1959F 戌月),59,62,67
2026-01-10,P008 (1959F 戌月),81,84,89
2026-01-11,P008 (1959F 戌月),65,68,73
2026-01-12,P008 (1959F 戌月),67,70,75
2026-01-13,P008 (1959F 戌月),62,65,70
2026-01-14,P008 (1959F 戌月),76,79,84
2026-01-15,P008 (1959F 戌月),72,75,80
2026-01-16,P008 (1959F 戌月),74,77,82
2026-01-17,P008 (1959F 戌月),71,74,79
2026-01-18,P008 (1959F 戌月),53,56,61
2026-01-19,P008 (1959F 戌月),58,61,66
2026-01-20,P008 (1959F 戌月),69,72,77
2026-01-21,P008 (1959F 戌月),57,60,65
2026-01-22,P008 (1959F 戌月),79,82,87
2026-01-23,P008 (1959F 戌月),68,71,76
2026-01-24,P008 (1959F 戌月),62,65,70
2026-01-25,P008 (1959F 戌月),67,70,75
2026-01-26,P008 (1959F 戌月),75,78,83
2026-01-27,P008 (1959F 戌月),78,81,86
2026-01-28,P008 (1959F 戌月),73,76,81
2026-01-29,P008 (1959F 戌月),67,70,75
2026-01-30,P008 (1959F 戌月),65,68,73
2026-01-31,P008 (1959F 戌月),61,64,69
2026-02-01,P008 (1959F 戌月),67,70,75
2026-02-02,P008 (1959F 戌月),57,60,65
2026-02-03,P008 (1959F 戌月),75,78,83
2026-02-04,P008 (1959F 戌月),69,72,77
2026-02-05,P008 (1959F 戌月),71,74,79
2026-02-06,P008 (1959F 戌月),74,77,82
2026-02-07,P008 (1959F 戌月),76,79,84
2026-02-08,P008 (1959F 戌月),75,78,83
2026-02-09,P008 (1959F 戌月),82,85,90
2026-02-10,P008 (1959F 戌月),68,71,76
2026-02-11,P008 (1959F 戌月),63,66,71
2026-02-12,P008 (1959F 戌月),65,68,73
2026-02-13,P008 (1959F 戌月),68,71,76
2026-02-14,P008 (1959F 戌月),60,63,68
2026-02-15,P008 (1959F 戌月),69,72,77
2026-02-16,P008 (1959F 戌月),72,75,80
2026-02-17,P008 (1959F 戌月),65,68,73
2026-02-18,P008 (1959F 戌月),66,69,74
2026-02-19,P008 (1959F 戌月),85,88,93
2026-02-20,P008 (1959F 戌月),74,77,82
2026-02-21,P008 (1959F 戌月),82,85,90
2026-02-22,P008 (1959F 戌月),64,67,72
2026-02-23,P008 (1959F 戌月),62,65,70
2026-02-24,P008 (1959F 戌月),61,64,69
2026-02-25,P008 (1959F 戌月),71,74,79
2026-02-26,P008 (1959F 戌月),67,70,75
2026-02-27,P008 (1959F 戌月),72,75,80
2026-02-28,P008 (1959F 戌月),64,67,72
2026-03-01,P008 (1959F 戌月),70,73,78
2026-03-02,P008 (1959F 戌月),71,74,79
2026-03-03,P008 (1959F 戌月),84,87,92
2026-03-04,P008 (1959F 戌月),70,73,78
2026-03-05,P008 (1959F 戌月),78,81,86
2026-03-06,P008 (1959F 戌月),63,66,71
2026-03-07,P008 (1959F 戌月),58,61,66
2026-03-08,P008 (1959F 戌月),64,67,72
2026-03-09,P008 (1959F 戌月),54,57,62
2026-03-10,P008 (1959F 戌月),50,53,58
2026-03-11,P008 (1959F 戌月),71,74,79
2026-03-12,P008 (1959F 戌月),57,60,65
2026-03-13,P008 (1959F 戌月),62,65,70
2026-03-14,P008 (1959F 戌月),56,59,64
2026-03-15,P008 (1959F 戌月),71,74,79
2026-03-16,P008 (1959F 戌月),68,71,76
2026-03-17,P008 (1959F 戌月),70,73,78
2026-03-18,P008 (1959F 戌月),67,70,75
2026-03-19,P008 (1959F 戌月),50,53,58
2026-03-20,P008 (1959F 戌月),54,57,62
2026-03-21,P008 (1959F 戌月),62,65,70
2026-03-22,P008 (1959F 戌月),51,54,59
2026-03-23,P008 (1959F 戌月),74,77,82
2026-03-24,P008 (1959F 戌月),60,63,68
2026-03-25,P008 (1959F 戌月),58,61,66
2026-03-26,P008 (1959F 戌月),61,64,69
2026-03-27,P008 (1959F 戌月),67,70,75
2026-03-28,P008 (1959F 戌月),71,74,79
2026-03-29,P008 (1959F 戌月),66,69,74
2026-03-30,P008 (1959F 戌月),58,61,66
2026-03-31,P008 (1959F 戌月),56,59,64
2026-04-01,P008 (1959F 戌月),56,59,64
2026-04-02,P008 (1959F 戌月),63,66,71
2026-04-03,P008 (1959F 戌月),54,57,62
2026-04-04,P008 (1959F 戌月),70,73,78
2026-04-05,P008 (1959F 戌月),52,55,60
2026-04-06,P008 (1959F 戌月),58,61,66
2026-04-07,P008 (1959F 戌月),57,60,65
2026-04-08,P008 (1959F 戌月),62,65,70
2026-04-09,P008 (1959F 戌月),60,63,68
2026-04-10,P008 (1959F 戌月),65,68,73
2026-04-11,P008 (1959F 戌月),55,58,63
2026-04-12,P008 (1959F 戌月),50,53,58
2026-04-13,P008 (1959F 戌月),52,55,60
2026-04-14,P008 (1959F 戌月),52,55,60
2026-04-15,P008 (1959F 戌月),45,48,53
2026-04-16,P008 (1959F 戌月),56,59,64
2026-04-17,P008 (1959F 戌月),53,56,61
2026-04-18,P008 (1959F 戌月),49,52,57
2026-04-19,P008 (1959F 戌月),50,53,58
2026-04-20,P008 (1959F 戌月),60,63,68
2026-04-21,P008 (1959F 戌月),61,64,69
2026-04-22,P008 (1959F 戌月),64,67,72
2026-04-23,P008 (1959F 戌月),50,53,58
2026-04-24,P008 (1959F 戌月),52,55,60
2026-04-25,P008 (1959F 戌月),53,56,61
2026-04-26,P008 (1959F 戌月),60,63,68
2026-04-27,P008 (1959F 戌月),49,52,57
2026-04-28,P008 (1959F 戌月),59,62,67
2026-04-29,P008 (1959F 戌月),56,59,64
2026-04-30,P008 (1959F 戌月),60,63,68
2026-05-01,P008 (1959F 戌月),60,63,68
2026-05-02,P008 (1959F 戌月),65,68,73
2026-05-03,P008 (1959F 戌月),58,61,66
2026-05-04,P008 (1959F 戌月),64,67,72
2026-05-05,P008 (1959F 戌月),52,55,60
2026-05-06,P008 (1959F 戌月),55,58,63
2026-05-07,P008 (1959F 戌月),58,61,66
2026-05-08,P008 (1959F 戌月),55,58,63
2026-05-09,P008 (1959F 戌月),50,53,58
2026-05-10,P008 (1959F 戌月),68,71,76
2026-05-11,P008 (1959F 戌月),55,58,63
2026-05-12,P008 (1959F 戌月),55,58,63
2026-05-13,P008 (1959F 戌月),55,58,63
2026-05-14,P008 (1959F 戌月),64,67,72
2026-05-15,P008 (1959F 戌月),59,62,67
2026-05-16,P008 (1959F 戌月),63,66,71
2026-05-17,P008 (1959F 戌月),56,59,64
2026-05-18,P008 (1959F 戌月),49,52,57
2026-05-19,P008 (1959F 戌月),51,54,59
2026-05-20,P008 (1959F 戌月),56,59,64
2026-05-21,P008 (1959F 戌月),47,50,55
2026-05-22,P008 (1959F 戌月),65,68,73
2026-05-23,P008 (1959F 戌月),54,57,62
2026-05-24,P008 (1959F 戌月),57,60,65
2026-05-25,P008 (1959F 戌月),56,59,64
2026-05-26,P008 (1959F 戌月),65,68,73
2026-05-27,P008 (1959F 戌月),69,72,77
2026-05-28,P008 (1959F 戌月),66,69,74
2026-05-29,P008 (1959F 戌月),55,58,63
2026-05-30,P008 (1959F 戌月),56,59,64
2026-05-31,P008 (1959F 戌月),57,60,65
2025-12-03,P009 (1960M 丑月),51,56,61
2025-12-04,P009 (1960M 丑月),51,56,61
2025-12-05,P009 (1960M 丑月),57,62,67
2025-12-06,P009 (1960M 丑月),58,63,68
2025-12-07,P009 (1960M 丑月),71,76,81
2025-12-08,P009 (1960M 丑月),65,70,75
2025-12-09,P009 (1960M 丑月),84,89,94
2025-12-10,P009 (1960M 丑月),67,72,77
2025-12-11,P009 (1960M 丑月),69,74,79
2025-12-12,P009 (1960M 丑月),66,71,76
2025-12-13,P009 (1960M 丑月),74,79,84
2025-12-14,P009 (1960M 丑月),59,64,69
2025-12-15,P009 (1960M 丑月),74,79,84
2025-12-16,P009 (1960M 丑月),71,76,81
2025-12-17,P009 (1960M 丑月),83,88,93
2025-12-18,P009 (1960M 丑月),79,84,89
2025-12-19,P009 (1960M 丑月),73,78,83
2025-12-20,P009 (1960M 丑月),64,69,74
2025-12-21,P009 (1960M 丑月),89,94,99
2025-12-22,P009 (1960M 丑月),76,81,86
2025-12-23,P009 (1960M 丑月),66,71,76
2025-12-24,P009 (1960M 丑月),69,74,79
2025-12-25,P009 (1960M 丑月),80,85,90
2025-12-26,P009 (1960M 丑月),69,74,79
2025-12-27,P009 (1960M 丑月),78,83,88
2025-12-28,P009 (1960M 丑月),69,74,79
2025-12-29,P009 (1960M 丑月),83,88,93
2025-12-30,P009 (1960M 丑月),71,76,81
2025-12-31,P009 (1960M 丑月),76,81,86
2026-01-01,P009 (1960M 丑月),67,72,77
2026-01-02,P009 (1960M 丑月),88,93,98
2026-01-03,P009 (1960M 丑月),74,79,84
2026-01-04,P009 (1960M 丑月),68,73,78
2026-01-05,P009 (1960M 丑月),76,81,86
2026-01-06,P009 (1960M 丑月),76,81,86
2026-01-07,P009 (1960M 丑月),61,66,71
2026-01-08,P009 (1960M 丑月),72,77,82
2026-01-09,P009 (1960M 丑月),62,67,72
2026-01-10,P009 (1960M 丑月),81,86,91
2026-01-11,P009 (1960M 丑月),72,77,82
2026-01-12,P009 (1960M 丑月),67,72,77
2026-01-13,P009 (1960M 丑月),59,64,69
2026-01-14,P009 (1960M 丑月),83,88,93
2026-01-15,P009 (1960M 丑月),74,79,84
2026-01-16,P009 (1960M 丑月),64,69,74
2026-01-17,P009 (1960M 丑月),68,73,78
2026-01-18,P009 (1960M 丑月),75,80,85
2026-01-19,P009 (1960M 丑月),56,61,66
2026-01-20,P009 (1960M 丑月),75,80,85
2026-01-21,P009 (1960M 丑月),64,69,74
2026-01-22,P009 (1960M 丑月),79,84,89
2026-01-23,P009 (1960M 丑月),69,74,79
2026-01-24,P009 (1960M 丑月),66,71,76
2026-01-25,P009 (1960M 丑月),66,71,76
2026-01-26,P009 (1960M 丑月),88,93,98
2026-01-27,P009 (1960M 丑月),71,76,81
2026-01-28,P009 (1960M 丑月),63,68,73
2026-01-29,P009 (1960M 丑月),59,64,69
2026-01-30,P009 (1960M 丑月),77,82,87
2026-01-31,P009 (1960M 丑月),56,61,66
2026-02-01,P009 (1960M 丑月),68,73,78
2026-02-02,P009 (1960M 丑月),62,67,72
2026-02-03,P009 (1960M 丑月),78,83,88
2026-02-04,P009 (1960M 丑月),58,63,68
2026-02-05,P009 (1960M 丑月),49,54,59
2026-02-06,P009 (1960M 丑月),47,52,57
2026-02-07,P009 (1960M 丑月),66,71,76
2026-02-08,P009 (1960M 丑月),52,57,62
2026-02-09,P009 (1960M 丑月),48,53,58
2026-02-10,P009 (1960M 丑月),46,51,56
2026-02-11,P009 (1960M 丑月),53,58,63
2026-02-12,P009 (1960M 丑月),47,52,57
2026-02-13,P009 (1960M 丑月),53,58,63
2026-02-14,P009 (1960M 丑月),51,56,61
2026-02-15,P009 (1960M 丑月),58,63,68
2026-02-16,P009 (1960M 丑月),54,59,64
2026-02-17,P009 (1960M 丑月),49,54,59
2026-02-18,P009 (1960M 丑月),47,52,57
2026-02-19,P009 (1960M 丑月),68,73,78
2026-02-20,P009 (1960M 丑月),52,57,62
2026-02-21,P009 (1960M 丑月),46,51,56
2026-02-22,P009 (1960M 丑月),46,51,56
2026-02-23,P009 (1960M 丑月),52,57,62
2026-02-24,P009 (1960M 丑月),48,53,58
2026-02-25,P009 (1960M 丑月),51,56,61
2026-02-26,P009 (1960M 丑月),49,54,59
2026-02-27,P009 (1960M 丑月),57,62,67
2026-02-28,P009 (1960M 丑月),51,56,61
2026-03-01,P009 (1960M 丑月),49,54,59
2026-03-02,P009 (1960M 丑月),49,54,59
2026-03-03,P009 (1960M 丑月),66,71,76
2026-03-04,P009 (1960M 丑月),54,59,64
2026-03-05,P009 (1960M 丑月),48,53,58
2026-03-06,P009 (1960M 丑月),66,71,76
2026-03-07,P009 (1960M 丑月),69,74,79
2026-03-08,P009 (1960M 丑月),54,59,64
2026-03-09,P009 (1960M 丑月),67,72,77
2026-03-10,P009 (1960M 丑月),56,61,66
2026-03-11,P009 (1960M 丑月),78,83,88
2026-03-12,P009 (1960M 丑月),67,72,77
2026-03-13,P009 (1960M 丑月),64,69,74
2026-03-14,P009 (1960M 丑月),57,62,67
2026-03-15,P009 (1960M 丑月),81,86,91
2026-03-16,P009 (1960M 丑月),67,72,77
2026-03-17,P009 (1960M 丑月),59,64,69
2026-03-18,P009 (1960M 丑月),62,67,72
2026-03-19,P009 (1960M 丑月),67,72,77
2026-03-20,P009 (1960M 丑月),50,55,60
2026-03-21,P009 (1960M 丑月),70,75,80
2026-03-22,P009 (1960M 丑月),60,65,70
2026-03-23,P009 (1960M 丑月),71,76,81
2026-03-24,P009 (1960M 丑月),66,71,76
2026-03-25,P009 (1960M 丑月),60,65,70
2026-03-26,P009 (1960M 丑月),60,65,70
2026-03-27,P009 (1960M 丑月),81,86,91
2026-03-28,P009 (1960M 丑月),62,67,72
2026-03-29,P009 (1960M 丑月),57,62,67
2026-03-30,P009 (1960M 丑月),52,57,62
2026-03-31,P009 (1960M 丑月),70,75,80
2026-04-01,P009 (1960M 丑月),50,55,60
2026-04-02,P009 (1960M 丑月),62,67,72
2026-04-03,P009 (1960M 丑月),54,59,64
2026-04-04,P009 (1960M 丑月),69,74,79
2026-04-05,P009 (1960M 丑月),68,73,78
2026-04-06,P009 (1960M 丑月),57,62,67
2026-04-07,P009 (1960M 丑月),51,56,61
2026-04-08,P009 (1960M 丑月),77,82,87
2026-04-09,P009 (1960M 丑月),57,62,67
2026-04-10,P009 (1960M 丑月),54,59,64
2026-04-11,P009 (1960M 丑月),50,55,60
2026-04-12,P009 (1960M 丑月),60,65,70
2026-04-13,P009 (1960M 丑月),46,51,56
2026-04-14,P009 (1960M 丑月),60,65,70
2026-04-15,P009 (1960M 丑月),57,62,67
2026-04-16,P009 (1960M 丑月),68,73,78
2026-04-17,P009 (1960M 丑月),65,70,75
2026-04-18,P009 (1960M 丑月),58,63,68
2026-04-19,P009 (1960M 丑月),48,53,58
2026-04-20,P009 (1960M 丑月),77,82,87
2026-04-21,P009 (1960M 丑月),61,66,71
2026-04-22,P009 (1960M 丑月),53,58,63
2026-04-23,P009 (1960M 丑月),54,59,64
2026-04-24,P009 (1960M 丑月),64,69,74
2026-04-25,P009 (1960M 丑月),54,59,64
2026-04-26,P009 (1960M 丑月),64,69,74
2026-04-27,P009 (1960M 丑月),57,62,67
2026-04-28,P009 (1960M 丑月),69,74,79
2026-04-29,P009 (1960M 丑月),56,61,66
2026-04-30,P009 (1960M 丑月),63,68,73
2026-05-01,P009 (1960M 丑月),54,59,64
2026-05-02,P009 (1960M 丑月),78,83,88
2026-05-03,P009 (1960M 丑月),60,65,70
2026-05-04,P009 (1960M 丑月),55,60,65
2026-05-05,P009 (1960M 丑月),66,71,76
2026-05-06,P009 (1960M 丑月),56,61,66
2026-05-07,P009 (1960M 丑月),49,54,59
2026-05-08,P009 (1960M 丑月),51,56,61
2026-05-09,P009 (1960M 丑月),50,55,60
2026-05-10,P009 (1960M 丑月),61,66,71
2026-05-11,P009 (1960M 丑月),59,64,69
2026-05-12,P009 (1960M 丑月),48,53,58
2026-05-13,P009 (1960M 丑月),49,54,59
2026-05-14,P009 (1960M 丑月),66,71,76
2026-05-15,P009 (1960M 丑月),57,62,67
2026-05-16,P009 (1960M 丑月),50,55,60
2026-05-17,P009 (1960M 丑月),51,56,61
2026-05-18,P009 (1960M 丑月),54,59,64
2026-05-19,P009 (1960M 丑月),46,51,56
2026-05-20,P009 (1960M 丑月),51,56,61
2026-05-21,P009 (1960M 丑月),54,59,64
2026-05-22,P009 (1960M 丑月),58,63,68
2026-05-23,P009 (1960M 丑月),56,61,66
2026-05-24,P009 (1960M 丑月),50,55,60
2026-05-25,P009 (1960M 丑月),54,59,64
2026-05-26,P009 (1960M 丑月),69,74,79
2026-05-27,P009 (1960M 丑月),61,66,71
2026-05-28,P009 (1960M 丑月),50,55,60
2026-05-29,P009 (1960M 丑月),49,54,59
2026-05-30,P009 (1960M 丑月),55,60,65
2026-05-31,P009 (1960M 丑月),49,54,59
2025-12-03,P010 (1961F 申月),50,50,55
2025-12-04,P010 (1961F 申月),54,54,59
2025-12-05,P010 (1961F 申月),60,60,65
2025-12-06,P010 (1961F 申月),64,64,69
2025-12-07,P010 (1961F 申月),75,75,80
2025-12-08,P010 (1961F 申月),83,83,88
2025-12-09,P010 (1961F 申月),88,88,93
2025-12-10,P010 (1961F 申月),86,86,91
2025-12-11,P010 (1961F 申月),79,79,84
2025-12-12,P010 (1961F 申月),83,83,88
2025-12-13,P010 (1961F 申月),80,80,85
2025-12-14,P010 (1961F 申月),86,86,91
2025-12-15,P010 (1961F 申月),68,68,73
2025-12-16,P010 (1961F 申月),68,68,73
2025-12-17,P010 (1961F 申月),80,80,85
2025-12-18,P010 (1961F 申月),80,80,85
2025-12-19,P010 (1961F 申月),74,74,79
2025-12-20,P010 (1961F 申月),78,78,83
2025-12-21,P010 (1961F 申月),87,87,92
2025-12-22,P010 (1961F 申月),85,85,90
2025-12-23,P010 (1961F 申月),68,68,73
2025-12-24,P010 (1961F 申月),79,79,84
2025-12-25,P010 (1961F 申月),78,78,83
2025-12-26,P010 (1961F 申月),85,85,90
2025-12-27,P010 (1961F 申月),70,70,75
2025-12-28,P010 (1961F 申月),69,69,74
2025-12-29,P010 (1961F 申月),76,76,81
2025-12-30,P010 (1961F 申月),75,75,80
2025-12-31,P010 (1961F 申月),76,76,81
2026-01-01,P010 (1961F 申月),81,81,86
2026-01-02,P010 (1961F 申月),85,85,90
2026-01-03,P010 (1961F 申月),83,83,88
2026-01-04,P010 (1961F 申月),65,65,70
2026-01-05,P010 (1961F 申月),79,79,84
2026-01-06,P010 (1961F 申月),78,78,83
2026-01-07,P010 (1961F 申月),77,77,82
2026-01-08,P010 (1961F 申月),67,67,72
2026-01-09,P010 (1961F 申月),66,66,71
2026-01-10,P010 (1961F 申月),78,78,83
2026-01-11,P010 (1961F 申月),75,75,80
2026-01-12,P010 (1961F 申月),66,66,71
2026-01-13,P010 (1961F 申月),76,76,81
2026-01-14,P010 (1961F 申月),82,82,87
2026-01-15,P010 (1961F 申月),81,81,86
2026-01-16,P010 (1961F 申月),69,69,74
2026-01-17,P010 (1961F 申月),74,74,79
2026-01-18,P010 (1961F 申月),75,75,80
2026-01-19,P010 (1961F 申月),75,75,80
2026-01-20,P010 (1961F 申月),74,74,79
2026-01-21,P010 (1961F 申月),73,73,78
2026-01-22,P010 (1961F 申月),76,76,81
2026-01-23,P010 (1961F 申月),76,76,81
2026-01-24,P010 (1961F 申月),62,62,67
2026-01-25,P010 (1961F 申月),78,78,83
2026-01-26,P010 (1961F 申月),83,83,88
2026-01-27,P010 (1961F 申月),80,80,85
2026-01-28,P010 (1961F 申月),68,68,73
2026-01-29,P010 (1961F 申月),69,69,74
2026-01-30,P010 (1961F 申月),79,79,84
2026-01-31,P010 (1961F 申月),78,78,83
2026-02-01,P010 (1961F 申月),63,63,68
2026-02-02,P010 (1961F 申月),69,69,74
2026-02-03,P010 (1961F 申月),71,71,76
2026-02-04,P010 (1961F 申月),54,54,59
2026-02-05,P010 (1961F 申月),46,46,51
2026-02-06,P010 (1961F 申月),54,54,59
2026-02-07,P010 (1961F 申月),72,72,77
2026-02-08,P010 (1961F 申月),67,67,72
2026-02-09,P010 (1961F 申月),54,54,59
2026-02-10,P010 (1961F 申月),55,55,60
2026-02-11,P010 (1961F 申月),56,56,61
2026-02-12,P010 (1961F 申月),62,62,67
2026-02-13,P010 (1961F 申月),49,49,54
2026-02-14,P010 (1961F 申月),53,53,58
2026-02-15,P010 (1961F 申月),60,60,65
2026-02-16,P010 (1961F 申月),54,54,59
2026-02-17,P010 (1961F 申月),48,48,53
2026-02-18,P010 (1961F 申月),54,54,59
2026-02-19,P010 (1961F 申月),77,77,82
2026-02-20,P010 (1961F 申月),72,72,77
2026-02-21,P010 (1961F 申月),51,51,56
2026-02-22,P010 (1961F 申月),53,53,58
2026-02-23,P010 (1961F 申月),54,54,59
2026-02-24,P010 (1961F 申月),63,63,68
2026-02-25,P010 (1961F 申月),48,48,53
2026-02-26,P010 (1961F 申月),54,54,59
2026-02-27,P010 (1961F 申月),60,60,65
2026-02-28,P010 (1961F 申月),52,52,57
2026-03-01,P010 (1961F 申月),53,53,58
2026-03-02,P010 (1961F 申月),58,58,63
2026-03-03,P010 (1961F 申月),71,71,76
2026-03-04,P010 (1961F 申月),70,70,75
2026-03-05,P010 (1961F 申月),50,50,55
2026-03-06,P010 (1961F 申月),66,66,71
2026-03-07,P010 (1961F 申月),65,65,70
2026-03-08,P010 (1961F 申月),66,66,71
2026-03-09,P010 (1961F 申月),55,55,60
2026-03-10,P010 (1961F 申月),51,51,56
2026-03-11,P010 (1961F 申月),69,69,74
2026-03-12,P010 (1961F 申月),65,65,70
2026-03-13,P010 (1961F 申月),53,53,58
2026-03-14,P010 (1961F 申月),66,66,71
2026-03-15,P010 (1961F 申月),76,76,81
2026-03-16,P010 (1961F 申月),82,82,87
2026-03-17,P010 (1961F 申月),55,55,60
2026-03-18,P010 (1961F 申月),62,62,67
2026-03-19,P010 (1961F 申月),65,65,70
2026-03-20,P010 (1961F 申月),66,66,71
2026-03-21,P010 (1961F 申月),62,62,67
2026-03-22,P010 (1961F 申月),56,56,61
2026-03-23,P010 (1961F 申月),61,61,66
2026-03-24,P010 (1961F 申月),65,65,70
2026-03-25,P010 (1961F 申月),53,53,58
2026-03-26,P010 (1961F 申月),70,70,75
2026-03-27,P010 (1961F 申月),80,80,85
2026-03-28,P010 (1961F 申月),79,79,84
2026-03-29,P010 (1961F 申月),53,53,58
2026-03-30,P010 (1961F 申月),59,59,64
2026-03-31,P010 (1961F 申月),70,70,75
2026-04-01,P010 (1961F 申月),68,68,73
2026-04-02,P010 (1961F 申月),53,53,58
2026-04-03,P010 (1961F 申月),54,54,59
2026-04-04,P010 (1961F 申月),60,60,65
2026-04-05,P010 (1961F 申月),67,67,72
2026-04-06,P010 (1961F 申月),58,58,63
2026-04-07,P010 (1961F 申月),67,67,72
2026-04-08,P010 (1961F 申月),82,82,87
2026-04-09,P010 (1961F 申月),77,77,82
2026-04-10,P010 (1961F 申月),62,62,67
2026-04-11,P010 (1961F 申月),66,66,71
2026-04-12,P010 (1961F 申月),64,64,69
2026-04-13,P010 (1961F 申月),70,70,75
2026-04-14,P010 (1961F 申月),55,55,60
2026-04-15,P010 (1961F 申月),60,60,65
2026-04-16,P010 (1961F 申月),68,68,73
2026-04-17,P010 (1961F 申月),67,67,72
2026-04-18,P010 (1961F 申月),58,58,63
2026-04-19,P010 (1961F 申月),63,63,68
2026-04-20,P010 (1961F 申月),84,84,89
2026-04-21,P010 (1961F 申月),80,80,85
2026-04-22,P010 (1961F 申月),58,58,63
2026-04-23,P010 (1961F 申月),64,64,69
2026-04-24,P010 (1961F 申月),64,64,69
2026-04-25,P010 (1961F 申月),76,76,81
2026-04-26,P010 (1961F 申月),59,59,64
2026-04-27,P010 (1961F 申月),61,61,66
2026-04-28,P010 (1961F 申月),69,69,74
2026-04-29,P010 (1961F 申月),62,62,67
2026-04-30,P010 (1961F 申月),63,63,68
2026-05-01,P010 (1961F 申月),67,67,72
2026-05-02,P010 (1961F 申月),78,78,83
2026-05-03,P010 (1961F 申月),80,80,85
2026-05-04,P010 (1961F 申月),56,56,61
2026-05-05,P010 (1961F 申月),68,68,73
2026-05-06,P010 (1961F 申月),69,69,74
2026-05-07,P010 (1961F 申月),70,70,75
2026-05-08,P010 (1961F 申月),58,58,63
2026-05-09,P010 (1961F 申月),57,57,62
2026-05-10,P010 (1961F 申月),70,70,75
2026-05-11,P010 (1961F 申月),65,65,70
2026-05-12,P010 (1961F 申月),53,53,58
2026-05-13,P010 (1961F 申月),65,65,70
2026-05-14,P010 (1961F 申月),77,77,82
2026-05-15,P010 (1961F 申月),80,80,85
2026-05-16,P010 (1961F 申月),59,59,64
2026-05-17,P010 (1961F 申月),64,64,69
2026-05-18,P010 (1961F 申月),67,67,72
2026-05-19,P010 (1961F 申月),66,66,71
2026-05-20,P010 (1961F 申月),61,61,66
2026-05-21,P010 (1961F 申月),59,59,64
2026-05-22,P010 (1961F 申月),65,65,70
2026-05-23,P010 (1961F 申月),66,66,71
2026-05-24,P010 (1961F 申月),55,55,60
2026-05-25,P010 (1961F 申月),70,70,75
2026-05-26,P010 (1961F 申月),81,81,86
2026-05-27,P010 (1961F 申月),81,81,86
2026-05-28,P010 (1961F 申月),60,60,65
2026-05-29,P010 (1961F 申月),60,60,65
2026-05-30,P010 (1961F 申月),73,73,78
2026-05-31,P010 (1961F 申月),71,71,76
2025-12-03,P011 (1962M 亥月),58,64,69
2025-12-04,P011 (1962M 亥月),50,56,61
2025-12-05,P011 (1962M 亥月),46,52,57
2025-12-06,P011 (1962M 亥月),49,55,60
2025-12-07,P011 (1962M 亥月),60,66,71
2025-12-08,P011 (1962M 亥月),52,58,63
2025-12-09,P011 (1962M 亥月),54,60,65
2025-12-10,P011 (1962M 亥月),53,59,64
2025-12-11,P011 (1962M 亥月),52,58,63
2025-12-12,P011 (1962M 亥月),69,75,80
2025-12-13,P011 (1962M 亥月),51,57,62
2025-12-14,P011 (1962M 亥月),55,61,66
2025-12-15,P011 (1962M 亥月),64,70,75
2025-12-16,P011 (1962M 亥月),49,55,60
2025-12-17,P011 (1962M 亥月),50,56,61
2025-12-18,P011 (1962M 亥月),49,55,60
2025-12-19,P011 (1962M 亥月),66,72,77
2025-12-20,P011 (1962M 亥月),55,61,66
2025-12-21,P011 (1962M 亥月),53,59,64
2025-12-22,P011 (1962M 亥月),55,61,66
2025-12-23,P011 (1962M 亥月),54,60,65
2025-12-24,P011 (1962M 亥月),75,81,86
2025-12-25,P011 (1962M 亥月),56,62,67
2025-12-26,P011 (1962M 亥月),56,62,67
2025-12-27,P011 (1962M 亥月),67,73,78
2025-12-28,P011 (1962M 亥月),49,55,60
2025-12-29,P011 (1962M 亥月),51,57,62
2025-12-30,P011 (1962M 亥月),52,58,63
2025-12-31,P011 (1962M 亥月),58,64,69
2026-01-01,P011 (1962M 亥月),56,62,67
2026-01-02,P011 (1962M 亥月),57,63,68
2026-01-03,P011 (1962M 亥月),64,70,75
2026-01-04,P011 (1962M 亥月),59,65,70
2026-01-05,P011 (1962M 亥月),71,77,82
2026-01-06,P011 (1962M 亥月),56,62,67
2026-01-07,P011 (1962M 亥月),53,59,64
2026-01-08,P011 (1962M 亥月),79,85,90
2026-01-09,P011 (1962M 亥月),54,60,65
2026-01-10,P011 (1962M 亥月),49,55,60
2026-01-11,P011 (1962M 亥月),60,66,71
2026-01-12,P011 (1962M 亥月),63,69,74
2026-01-13,P011 (1962M 亥月),59,65,70
2026-01-14,P011 (1962M 亥月),58,64,69
2026-01-15,P011 (1962M 亥月),55,61,66
2026-01-16,P011 (1962M 亥月),60,66,71
2026-01-17,P011 (1962M 亥月),66,72,77
2026-01-18,P011 (1962M 亥月),51,57,62
2026-01-19,P011 (1962M 亥月),52,58,63
2026-01-20,P011 (1962M 亥月),60,66,71
2026-01-21,P011 (1962M 亥月),52,58,63
2026-01-22,P011 (1962M 亥月),46,52,57
2026-01-23,P011 (1962M 亥月),59,65,70
2026-01-24,P011 (1962M 亥月),63,69,74
2026-01-25,P011 (1962M 亥月),49,55,60
2026-01-26,P011 (1962M 亥月),56,62,67
2026-01-27,P011 (1962M 亥月),46,52,57
2026-01-28,P011 (1962M 亥月),59,65,70
2026-01-29,P011 (1962M 亥月),65,71,76
2026-01-30,P011 (1962M 亥月),47,53,58
2026-01-31,P011 (1962M 亥月),56,62,67
2026-02-01,P011 (1962M 亥月),58,64,69
2026-02-02,P011 (1962M 亥月),54,60,65
2026-02-03,P011 (1962M 亥月),46,52,57
2026-02-04,P011 (1962M 亥月),49,55,60
2026-02-05,P011 (1962M 亥月),64,70,75
2026-02-06,P011 (1962M 亥月),53,59,64
2026-02-07,P011 (1962M 亥月),59,65,70
2026-02-08,P011 (1962M 亥月),53,59,64
2026-02-09,P011 (1962M 亥月),53,59,64
2026-02-10,P011 (1962M 亥月),72,78,83
2026-02-11,P011 (1962M 亥月),54,60,65
2026-02-12,P011 (1962M 亥月),63,69,74
2026-02-13,P011 (1962M 亥月),68,74,79
2026-02-14,P011 (1962M 亥月),52,58,63
2026-02-15,P011 (1962M 亥月),50,56,61
2026-02-16,P011 (1962M 亥月),50,56,61
2026-02-17,P011 (1962M 亥月),72,78,83
2026-02-18,P011 (1962M 亥月),59,65,70
2026-02-19,P011 (1962M 亥月),55,61,66
2026-02-20,P011 (1962M 亥月),61,67,72
2026-02-21,P011 (1962M 亥月),55,61,66
2026-02-22,P011 (1962M 亥月),79,85,90
2026-02-23,P011 (1962M 亥月),54,60,65
2026-02-24,P011 (1962M 亥月),55,61,66
2026-02-25,P011 (1962M 亥月),71,77,82
2026-02-26,P011 (1962M 亥月),50,56,61
2026-02-27,P011 (1962M 亥月),54,60,65
2026-02-28,P011 (1962M 亥月),52,58,63
2026-03-01,P011 (1962M 亥月),62,68,73
2026-03-02,P011 (1962M 亥月),56,62,67
2026-03-03,P011 (1962M 亥月),54,60,65
2026-03-04,P011 (1962M 亥月),63,69,74
2026-03-05,P011 (1962M 亥月),59,65,70
2026-03-06,P011 (1962M 亥月),79,85,90
2026-03-07,P011 (1962M 亥月),63,69,74
2026-03-08,P011 (1962M 亥月),61,67,72
2026-03-09,P011 (1962M 亥月),82,88,93
2026-03-10,P011 (1962M 亥月),57,63,68
2026-03-11,P011 (1962M 亥月),55,61,66
2026-03-12,P011 (1962M 亥月),64,70,75
2026-03-13,P011 (1962M 亥月),70,76,81
2026-03-14,P011 (1962M 亥月),68,74,79
2026-03-15,P011 (1962M 亥月),65,71,76
2026-03-16,P011 (1962M 亥月),64,70,75
2026-03-17,P011 (1962M 亥月),68,74,79
2026-03-18,P011 (1962M 亥月),74,80,85
2026-03-19,P011 (1962M 亥月),64,70,75
2026-03-20,P011 (1962M 亥月),63,69,74
2026-03-21,P011 (1962M 亥月),71,77,82
2026-03-22,P011 (1962M 亥月),60,66,71
2026-03-23,P011 (1962M 亥月),55,61,66
2026-03-24,P011 (1962M 亥月),66,72,77
2026-03-25,P011 (1962M 亥月),71,77,82
2026-03-26,P011 (1962M 亥月),66,72,77
2026-03-27,P011 (1962M 亥月),68,74,79
2026-03-28,P011 (1962M 亥月),56,62,67
2026-03-29,P011 (1962M 亥月),70,76,81
2026-03-30,P011 (1962M 亥月),77,83,88
2026-03-31,P011 (1962M 亥月),60,66,71
2026-04-01,P011 (1962M 亥月),65,71,76
2026-04-02,P011 (1962M 亥月),70,76,81
2026-04-03,P011 (1962M 亥月),64,70,75
2026-04-04,P011 (1962M 亥月),57,63,68
2026-04-05,P011 (1962M 亥月),49,55,60
2026-04-06,P011 (1962M 亥月),57,63,68
2026-04-07,P011 (1962M 亥月),51,57,62
2026-04-08,P011 (1962M 亥月),50,56,61
2026-04-09,P011 (1962M 亥月),50,56,61
2026-04-10,P011 (1962M 亥月),50,56,61
2026-04-11,P011 (1962M 亥月),65,71,76
2026-04-12,P011 (1962M 亥月),50,56,61
2026-04-13,P011 (1962M 亥月),52,58,63
2026-04-14,P011 (1962M 亥月),60,66,71
2026-04-15,P011 (1962M 亥月),48,54,59
2026-04-16,P011 (1962M 亥月),49,55,60
2026-04-17,P011 (1962M 亥月),48,54,59
2026-04-18,P011 (1962M 亥月),60,66,71
2026-04-19,P011 (1962M 亥月),55,61,66
2026-04-20,P011 (1962M 亥月),48,54,59
2026-04-21,P011 (1962M 亥月),48,54,59
2026-04-22,P011 (1962M 亥月),52,58,63
2026-04-23,P011 (1962M 亥月),66,72,77
2026-04-24,P011 (1962M 亥月),51,57,62
2026-04-25,P011 (1962M 亥月),50,56,61
2026-04-26,P011 (1962M 亥月),57,63,68
2026-04-27,P011 (1962M 亥月),46,52,57
2026-04-28,P011 (1962M 亥月),48,54,59
2026-04-29,P011 (1962M 亥月),47,53,58
2026-04-30,P011 (1962M 亥月),54,60,65
2026-05-01,P011 (1962M 亥月),51,57,62
2026-05-02,P011 (1962M 亥月),50,56,61
2026-05-03,P011 (1962M 亥月),54,60,65
2026-05-04,P011 (1962M 亥月),53,59,64
2026-05-05,P011 (1962M 亥月),65,71,76
2026-05-06,P011 (1962M 亥月),49,55,60
2026-05-07,P011 (1962M 亥月),50,56,61
2026-05-08,P011 (1962M 亥月),61,67,72
2026-05-09,P011 (1962M 亥月),48,54,59
2026-05-10,P011 (1962M 亥月),47,53,58
2026-05-11,P011 (1962M 亥月),50,56,61
2026-05-12,P011 (1962M 亥月),52,58,63
2026-05-13,P011 (1962M 亥月),50,56,61
2026-05-14,P011 (1962M 亥月),49,55,60
2026-05-15,P011 (1962M 亥月),48,54,59
2026-05-16,P011 (1962M 亥月),50,56,61
2026-05-17,P011 (1962M 亥月),54,60,65
2026-05-18,P011 (1962M 亥月),48,54,59
2026-05-19,P011 (1962M 亥月),51,57,62
2026-05-20,P011 (1962M 亥月),55,61,66
2026-05-21,P011 (1962M 亥月),50,56,61
2026-05-22,P011 (1962M 亥月),48,54,59
2026-05-23,P011 (1962M 亥月),53,59,64
2026-05-24,P011 (1962M 亥月),57,63,68
2026-05-25,P011 (1962M 亥月),52,58,63
2026-05-26,P011 (1962M 亥月),55,61,66
2026-05-27,P011 (1962M 亥月),50,56,61
2026-05-28,P011 (1962M 亥月),57,63,68
2026-05-29,P011 (1962M 亥月),63,69,74
2026-05-30,P011 (1962M 亥月),48,54,59
2026-05-31,P011 (1962M 亥月),53,59,64
2025-12-03,P012 (1963F 巳月),48,54,59
2025-12-04,P012 (1963F 巳月),58,64,69
2025-12-05,P012 (1963F 巳月),45,51,56
2025-12-06,P012 (1963F 巳月),47,53,58
2025-12-07,P012 (1963F 巳月),48,54,59
2025-12-08,P012 (1963F 巳月),44,50,55
2025-12-09,P012 (1963F 巳月),45,51,56
2025-12-10,P012 (1963F 巳月),51,57,62
2025-12-11,P012 (1963F 巳月),51,57,62
2025-12-12,P012 (1963F 巳月),55,61,66
2025-12-13,P012 (1963F 巳月),48,54,59
2025-12-14,P012 (1963F 巳月),50,56,61
2025-12-15,P012 (1963F 巳月),51,57,62
2025-12-16,P012 (1963F 巳月),63,69,74
2025-12-17,P012 (1963F 巳月),50,56,61
2025-12-18,P012 (1963F 巳月),49,55,60
2025-12-19,P012 (1963F 巳月),55,61,66
2025-12-20,P012 (1963F 巳月),51,57,62
2025-12-21,P012 (1963F 巳月),51,57,62
2025-12-22,P012 (1963F 巳月),50,56,61
2025-12-23,P012 (1963F 巳月),48,54,59
2025-12-24,P012 (1963F 巳月),54,60,65
2025-12-25,P012 (1963F 巳月),50,56,61
2025-12-26,P012 (1963F 巳月),53,59,64
2025-12-27,P012 (1963F 巳月),52,58,63
2025-12-28,P012 (1963F 巳月),62,68,73
2025-12-29,P012 (1963F 巳月),51,57,62
2025-12-30,P012 (1963F 巳月),51,57,62
2025-12-31,P012 (1963F 巳月),57,63,68
2026-01-01,P012 (1963F 巳月),49,55,60
2026-01-02,P012 (1963F 巳月),49,55,60
2026-01-03,P012 (1963F 巳月),50,56,61
2026-01-04,P012 (1963F 巳月),52,58,63
2026-01-05,P012 (1963F 巳月),60,66,71
2026-01-06,P012 (1963F 巳月),50,56,61
2026-01-07,P012 (1963F 巳月),55,61,66
2026-01-08,P012 (1963F 巳月),56,62,67
2026-01-09,P012 (1963F 巳月),64,70,75
2026-01-10,P012 (1963F 巳月),52,58,63
2026-01-11,P012 (1963F 巳月),51,57,62
2026-01-12,P012 (1963F 巳月),56,62,67
2026-01-13,P012 (1963F 巳月),49,55,60
2026-01-14,P012 (1963F 巳月),49,55,60
2026-01-15,P012 (1963F 巳月),51,57,62
2026-01-16,P012 (1963F 巳月),54,60,65
2026-01-17,P012 (1963F 巳月),63,69,74
2026-01-18,P012 (1963F 巳月),49,55,60
2026-01-19,P012 (1963F 巳月),51,57,62
2026-01-20,P012 (1963F 巳月),54,60,65
2026-01-21,P012 (1963F 巳月),66,72,77
2026-01-22,P012 (1963F 巳月),50,56,61
2026-01-23,P012 (1963F 巳月),49,55,60
2026-01-24,P012 (1963F 巳月),59,65,70
2026-01-25,P012 (1963F 巳月),50,56,61
2026-01-26,P012 (1963F 巳月),49,55,60
2026-01-27,P012 (1963F 巳月),51,57,62
2026-01-28,P012 (1963F 巳月),54,60,65
2026-01-29,P012 (1963F 巳月),59,65,70
2026-01-30,P012 (1963F 巳月),52,58,63
2026-01-31,P012 (1963F 巳月),52,58,63
2026-02-01,P012 (1963F 巳月),52,58,63
2026-02-02,P012 (1963F 巳月),61,67,72
2026-02-03,P012 (1963F 巳月),48,54,59
2026-02-04,P012 (1963F 巳月),48,54,59
2026-02-05,P012 (1963F 巳月),63,69,74
2026-02-06,P012 (1963F 巳月),50,56,61
2026-02-07,P012 (1963F 巳月),48,54,59
2026-02-08,P012 (1963F 巳月),48,54,59
2026-02-09,P012 (1963F 巳月),53,59,64
2026-02-10,P012 (1963F 巳月),65,71,76
2026-02-11,P012 (1963F 巳月),49,55,60
2026-02-12,P012 (1963F 巳月),50,56,61
2026-02-13,P012 (1963F 巳月),60,66,71
2026-02-14,P012 (1963F 巳月),66,72,77
2026-02-15,P012 (1963F 巳月),52,58,63
2026-02-16,P012 (1963F 巳月),49,55,60
2026-02-17,P012 (1963F 巳月),62,68,73
2026-02-18,P012 (1963F 巳月),48,54,59
2026-02-19,P012 (1963F 巳月),49,55,60
2026-02-20,P012 (1963F 巳月),50,56,61
2026-02-21,P012 (1963F 巳月),52,58,63
2026-02-22,P012 (1963F 巳月),59,65,70
2026-02-23,P012 (1963F 巳月),53,59,64
2026-02-24,P012 (1963F 巳月),55,61,66
2026-02-25,P012 (1963F 巳月),61,67,72
2026-02-26,P012 (1963F 巳月),72,78,83
2026-02-27,P012 (1963F 巳月),54,60,65
2026-02-28,P012 (1963F 巳月),50,56,61
2026-03-01,P012 (1963F 巳月),65,71,76
2026-03-02,P012 (1963F 巳月),53,59,64
2026-03-03,P012 (1963F 巳月),48,54,59
2026-03-04,P012 (1963F 巳月),50,56,61
2026-03-05,P012 (1963F 巳月),57,63,68
2026-03-06,P012 (1963F 巳月),78,84,89
2026-03-07,P012 (1963F 巳月),64,70,75
2026-03-08,P012 (1963F 巳月),70,76,81
2026-03-09,P012 (1963F 巳月),70,76,81
2026-03-10,P012 (1963F 巳月),78,84,89
2026-03-11,P012 (1963F 巳月),62,68,73
2026-03-12,P012 (1963F 巳月),61,67,72
2026-03-13,P012 (1963F 巳月),74,80,85
2026-03-14,P012 (1963F 巳月),64,70,75
2026-03-15,P012 (1963F 巳月),57,63,68
2026-03-16,P012 (1963F 巳月),58,64,69
2026-03-17,P012 (1963F 巳月),66,72,77
2026-03-18,P012 (1963F 巳月),77,83,88
2026-03-19,P012 (1963F 巳月),63,69,74
2026-03-20,P012 (1963F 巳月),64,70,75
2026-03-21,P012 (1963F 巳月),69,75,80
2026-03-22,P012 (1963F 巳月),77,83,88
2026-03-23,P012 (1963F 巳月),56,62,67
2026-03-24,P012 (1963F 巳月),58,64,69
2026-03-25,P012 (1963F 巳月),76,82,87
2026-03-26,P012 (1963F 巳月),67,73,78
2026-03-27,P012 (1963F 巳月),58,64,69
2026-03-28,P012 (1963F 巳月),57,63,68
2026-03-29,P012 (1963F 巳月),66,72,77
2026-03-30,P012 (1963F 巳月),74,80,85
2026-03-31,P012 (1963F 巳月),63,69,74
2026-04-01,P012 (1963F 巳月),67,73,78
2026-04-02,P012 (1963F 巳月),66,72,77
2026-04-03,P012 (1963F 巳月),74,80,85
2026-04-04,P012 (1963F 巳月),62,68,73
2026-04-05,P012 (1963F 巳月),47,53,58
2026-04-06,P012 (1963F 巳月),63,69,74
2026-04-07,P012 (1963F 巳月),47,53,58
2026-04-08,P012 (1963F 巳月),46,52,57
2026-04-09,P012 (1963F 巳月),47,53,58
2026-04-10,P012 (1963F 巳月),54,60,65
2026-04-11,P012 (1963F 巳月),65,71,76
2026-04-12,P012 (1963F 巳月),46,52,57
2026-04-13,P012 (1963F 巳月),47,53,58
2026-04-14,P012 (1963F 巳月),58,64,69
2026-04-15,P012 (1963F 巳月),64,70,75
2026-04-16,P012 (1963F 巳月),50,56,61
2026-04-17,P012 (1963F 巳月),47,53,58
2026-04-18,P012 (1963F 巳月),65,71,76
2026-04-19,P012 (1963F 巳月),47,53,58
2026-04-20,P012 (1963F 巳月),45,51,56
2026-04-21,P012 (1963F 巳月),48,54,59
2026-04-22,P012 (1963F 巳月),52,58,63
2026-04-23,P012 (1963F 巳月),58,64,69
2026-04-24,P012 (1963F 巳月),51,57,62
2026-04-25,P012 (1963F 巳月),53,59,64
2026-04-26,P012 (1963F 巳月),62,68,73
2026-04-27,P012 (1963F 巳月),68,74,79
2026-04-28,P012 (1963F 巳月),52,58,63
2026-04-29,P012 (1963F 巳月),48,54,59
2026-04-30,P012 (1963F 巳月),64,70,75
2026-05-01,P012 (1963F 巳月),54,60,65
2026-05-02,P012 (1963F 巳月),46,52,57
2026-05-03,P012 (1963F 巳月),48,54,59
2026-05-04,P012 (1963F 巳月),55,61,66
2026-05-05,P012 (1963F 巳月),64,70,75
2026-05-06,P012 (1963F 巳月),61,67,72
2026-05-07,P012 (1963F 巳月),65,71,76
2026-05-08,P012 (1963F 巳月),69,75,80
2026-05-09,P012 (1963F 巳月),73,79,84
2026-05-10,P012 (1963F 巳月),56,62,67
2026-05-11,P012 (1963F 巳月),57,63,68
2026-05-12,P012 (1963F 巳月),69,75,80
2026-05-13,P012 (1963F 巳月),59,65,70
2026-05-14,P012 (1963F 巳月),54,60,65
2026-05-15,P012 (1963F 巳月),55,61,66
2026-05-16,P012 (1963F 巳月),61,67,72
2026-05-17,P012 (1963F 巳月),70,76,81
2026-05-18,P012 (1963F 巳月),60,66,71
2026-05-19,P012 (1963F 巳月),61,67,72
2026-05-20,P012 (1963F 巳月),67,73,78
2026-05-21,P012 (1963F 巳月),76,82,87
2026-05-22,P012 (1963F 巳月),52,58,63
2026-05-23,P012 (1963F 巳月),55,61,66
2026-05-24,P012 (1963F 巳月),73,79,84
2026-05-25,P012 (1963F 巳月),64,70,75
2026-05-26,P012 (1963F 巳月),52,58,63
2026-05-27,P012 (1963F 巳月),52,58,63
2026-05-28,P012 (1963F 巳月),64,70,75
2026-05-29,P012 (1963F 巳月),71,77,82
2026-05-30,P012 (1963F 巳月),55,61,66
2026-05-31,P012 (1963F 巳月),60,66,71
2025-12-03,P013 (1964M 寅月),81,84,89
2025-12-04,P013 (1964M 寅月),80,83,88
2025-12-05,P013 (1964M 寅月),68,71,76
2025-12-06,P013 (1964M 寅月),69,72,77
2025-12-07,P013 (1964M 寅月),53,56,61
2025-12-08,P013 (1964M 寅月),69,72,77
2025-12-09,P013 (1964M 寅月),57,60,65
2025-12-10,P013 (1964M 寅月),53,56,61
2025-12-11,P013 (1964M 寅月),68,71,76
2025-12-12,P013 (1964M 寅月),66,69,74
2025-12-13,P013 (1964M 寅月),67,70,75
2025-12-14,P013 (1964M 寅月),63,66,71
2025-12-15,P013 (1964M 寅月),66,69,74
2025-12-16,P013 (1964M 寅月),65,68,73
2025-12-17,P013 (1964M 寅月),58,61,66
2025-12-18,P013 (1964M 寅月),59,62,67
2025-12-19,P013 (1964M 寅月),54,57,62
2025-12-20,P013 (1964M 寅月),74,77,82
2025-12-21,P013 (1964M 寅月),56,59,64
2025-12-22,P013 (1964M 寅月),53,56,61
2025-12-23,P013 (1964M 寅月),68,71,76
2025-12-24,P013 (1964M 寅月),72,75,80
2025-12-25,P013 (1964M 寅月),63,66,71
2025-12-26,P013 (1964M 寅月),57,60,65
2025-12-27,P013 (1964M 寅月),67,70,75
2025-12-28,P013 (1964M 寅月),62,65,70
2025-12-29,P013 (1964M 寅月),58,61,66
2025-12-30,P013 (1964M 寅月),62,65,70
2025-12-31,P013 (1964M 寅月),53,56,61
2026-01-01,P013 (1964M 寅月),72,75,80
2026-01-02,P013 (1964M 寅月),56,59,64
2026-01-03,P013 (1964M 寅月),58,61,66
2026-01-04,P013 (1964M 寅月),66,69,74
2026-01-05,P013 (1964M 寅月),66,69,74
2026-01-06,P013 (1964M 寅月),63,66,71
2026-01-07,P013 (1964M 寅月),52,55,60
2026-01-08,P013 (1964M 寅月),66,69,74
2026-01-09,P013 (1964M 寅月),60,63,68
2026-01-10,P013 (1964M 寅月),56,59,64
2026-01-11,P013 (1964M 寅月),58,61,66
2026-01-12,P013 (1964M 寅月),54,57,62
2026-01-13,P013 (1964M 寅月),74,77,82
2026-01-14,P013 (1964M 寅月),54,57,62
2026-01-15,P013 (1964M 寅月),54,57,62
2026-01-16,P013 (1964M 寅月),69,72,77
2026-01-17,P013 (1964M 寅月),59,62,67
2026-01-18,P013 (1964M 寅月),65,68,73
2026-01-19,P013 (1964M 寅月),55,58,63
2026-01-20,P013 (1964M 寅月),64,67,72
2026-01-21,P013 (1964M 寅月),60,63,68
2026-01-22,P013 (1964M 寅月),60,63,68
2026-01-23,P013 (1964M 寅月),62,65,70
2026-01-24,P013 (1964M 寅月),54,57,62
2026-01-25,P013 (1964M 寅月),67,70,75
2026-01-26,P013 (1964M 寅月),51,54,59
2026-01-27,P013 (1964M 寅月),52,55,60
2026-01-28,P013 (1964M 寅月),68,71,76
2026-01-29,P013 (1964M 寅月),63,66,71
2026-01-30,P013 (1964M 寅月),62,65,70
2026-01-31,P013 (1964M 寅月),55,58,63
2026-02-01,P013 (1964M 寅月),64,67,72
2026-02-02,P013 (1964M 寅月),64,67,72
2026-02-03,P013 (1964M 寅月),60,63,68
2026-02-04,P013 (1964M 寅月),70,73,78
2026-02-05,P013 (1964M 寅月),67,70,75
2026-02-06,P013 (1964M 寅月),80,83,88
2026-02-07,P013 (1964M 寅月),68,71,76
2026-02-08,P013 (1964M 寅月),63,66,71
2026-02-09,P013 (1964M 寅月),75,78,83
2026-02-10,P013 (1964M 寅月),74,77,82
2026-02-11,P013 (1964M 寅月),76,79,84
2026-02-12,P013 (1964M 寅月),74,77,82
2026-02-13,P013 (1964M 寅月),80,83,88
2026-02-14,P013 (1964M 寅月),74,77,82
2026-02-15,P013 (1964M 寅月),71,74,79
2026-02-16,P013 (1964M 寅月),68,71,76
2026-02-17,P013 (1964M 寅月),68,71,76
2026-02-18,P013 (1964M 寅月),83,86,91
2026-02-19,P013 (1964M 寅月),67,70,75
2026-02-20,P013 (1964M 寅月),64,67,72
2026-02-21,P013 (1964M 寅月),79,82,87
2026-02-22,P013 (1964M 寅月),80,83,88
2026-02-23,P013 (1964M 寅月),75,78,83
2026-02-24,P013 (1964M 寅月),68,71,76
2026-02-25,P013 (1964M 寅月),80,83,88
2026-02-26,P013 (1964M 寅月),73,76,81
2026-02-27,P013 (1964M 寅月),72,75,80
2026-02-28,P013 (1964M 寅月),71,74,79
2026-03-01,P013 (1964M 寅月),61,64,69
2026-03-02,P013 (1964M 寅月),80,83,88
2026-03-03,P013 (1964M 寅月),65,68,73
2026-03-04,P013 (1964M 寅月),67,70,75
2026-03-05,P013 (1964M 寅月),79,82,87
2026-03-06,P013 (1964M 寅月),70,73,78
2026-03-07,P013 (1964M 寅月),71,74,79
2026-03-08,P013 (1964M 寅月),61,64,69
2026-03-09,P013 (1964M 寅月),76,79,84
2026-03-10,P013 (1964M 寅月),71,74,79
2026-03-11,P013 (1964M 寅月),62,65,70
2026-03-12,P013 (1964M 寅月),66,69,74
2026-03-13,P013 (1964M 寅月),61,64,69
2026-03-14,P013 (1964M 寅月),82,85,90
2026-03-15,P013 (1964M 寅月),61,64,69
2026-03-16,P013 (1964M 寅月),59,62,67
2026-03-17,P013 (1964M 寅月),76,79,84
2026-03-18,P013 (1964M 寅月),68,71,76
2026-03-19,P013 (1964M 寅月),73,76,81
2026-03-20,P013 (1964M 寅月),65,68,73
2026-03-21,P013 (1964M 寅月),75,78,83
2026-03-22,P013 (1964M 寅月),70,73,78
2026-03-23,P013 (1964M 寅月),66,69,74
2026-03-24,P013 (1964M 寅月),71,74,79
2026-03-25,P013 (1964M 寅月),61,64,69
2026-03-26,P013 (1964M 寅月),76,79,84
2026-03-27,P013 (1964M 寅月),60,63,68
2026-03-28,P013 (1964M 寅月),59,62,67
2026-03-29,P013 (1964M 寅月),76,79,84
2026-03-30,P013 (1964M 寅月),71,74,79
2026-03-31,P013 (1964M 寅月),71,74,79
2026-04-01,P013 (1964M 寅月),61,64,69
2026-04-02,P013 (1964M 寅月),73,76,81
2026-04-03,P013 (1964M 寅月),74,77,82
2026-04-04,P013 (1964M 寅月),65,68,73
2026-04-05,P013 (1964M 寅月),63,66,71
2026-04-06,P013 (1964M 寅月),63,66,71
2026-04-07,P013 (1964M 寅月),73,76,81
2026-04-08,P013 (1964M 寅月),62,65,70
2026-04-09,P013 (1964M 寅月),59,62,67
2026-04-10,P013 (1964M 寅月),71,74,79
2026-04-11,P013 (1964M 寅月),69,72,77
2026-04-12,P013 (1964M 寅月),71,74,79
2026-04-13,P013 (1964M 寅月),64,67,72
2026-04-14,P013 (1964M 寅月),75,78,83
2026-04-15,P013 (1964M 寅月),67,70,75
2026-04-16,P013 (1964M 寅月),68,71,76
2026-04-17,P013 (1964M 寅月),62,65,70
2026-04-18,P013 (1964M 寅月),63,66,71
2026-04-19,P013 (1964M 寅月),75,78,83
2026-04-20,P013 (1964M 寅月),59,62,67
2026-04-21,P013 (1964M 寅月),56,59,64
2026-04-22,P013 (1964M 寅月),73,76,81
2026-04-23,P013 (1964M 寅月),70,73,78
2026-04-24,P013 (1964M 寅月),68,71,76
2026-04-25,P013 (1964M 寅月),61,64,69
2026-04-26,P013 (1964M 寅月),74,77,82
2026-04-27,P013 (1964M 寅月),66,69,74
2026-04-28,P013 (1964M 寅月),67,70,75
2026-04-29,P013 (1964M 寅月),62,65,70
2026-04-30,P013 (1964M 寅月),59,62,67
2026-05-01,P013 (1964M 寅月),74,77,82
2026-05-02,P013 (1964M 寅月),61,64,69
2026-05-03,P013 (1964M 寅月),62,65,70
2026-05-04,P013 (1964M 寅月),76,79,84
2026-05-05,P013 (1964M 寅月),68,71,76
2026-05-06,P013 (1964M 寅月),51,54,59
2026-05-07,P013 (1964M 寅月),46,49,54
2026-05-08,P013 (1964M 寅月),60,63,68
2026-05-09,P013 (1964M 寅月),55,58,63
2026-05-10,P013 (1964M 寅月),49,52,57
2026-05-11,P013 (1964M 寅月),48,51,56
2026-05-12,P013 (1964M 寅月),47,50,55
2026-05-13,P013 (1964M 寅月),64,67,72
2026-05-14,P013 (1964M 寅月),47,50,55
2026-05-15,P013 (1964M 寅月),46,49,54
2026-05-16,P013 (1964M 寅月),58,61,66
2026-05-17,P013 (1964M 寅月),52,55,60
2026-05-18,P013 (1964M 寅月),54,57,62
2026-05-19,P013 (1964M 寅月),48,51,56
2026-05-20,P013 (1964M 寅月),59,62,67
2026-05-21,P013 (1964M 寅月),52,55,60
2026-05-22,P013 (1964M 寅月),48,51,56
2026-05-23,P013 (1964M 寅月),50,53,58
2026-05-24,P013 (1964M 寅月),46,49,54
2026-05-25,P013 (1964M 寅月),59,62,67
2026-05-26,P013 (1964M 寅月),49,52,57
2026-05-27,P013 (1964M 寅月),48,51,56
2026-05-28,P013 (1964M 寅月),62,65,70
2026-05-29,P013 (1964M 寅月),58,61,66
2026-05-30,P013 (1964M 寅月),57,60,65
2026-05-31,P013 (1964M 寅月),50,53,58
2025-12-03,P014 (1965F 卯月),57,63,68
2025-12-04,P014 (1965F 卯月),59,65,70
2025-12-05,P014 (1965F 卯月),58,64,69
2025-12-06,P014 (1965F 卯月),56,62,67
2025-12-07,P014 (1965F 卯月),54,60,65
2025-12-08,P014 (1965F 卯月),52,58,63
2025-12-09,P014 (1965F 卯月),60,66,71
2025-12-10,P014 (1965F 卯月),60,66,71
2025-12-11,P014 (1965F 卯月),54,60,65
2025-12-12,P014 (1965F 卯月),53,59,64
2025-12-13,P014 (1965F 卯月),71,77,82
2025-12-14,P014 (1965F 卯月),64,70,75
2025-12-15,P014 (1965F 卯月),62,68,73
2025-12-16,P014 (1965F 卯月),66,72,77
2025-12-17,P014 (1965F 卯月),65,71,76
2025-12-18,P014 (1965F 卯月),61,67,72
2025-12-19,P014 (1965F 卯月),57,63,68
2025-12-20,P014 (1965F 卯月),50,56,61
2025-12-21,P014 (1965F 卯月),57,63,68
2025-12-22,P014 (1965F 卯月),54,60,65
2025-12-23,P014 (1965F 卯月),54,60,65
2025-12-24,P014 (1965F 卯月),53,59,64
2025-12-25,P014 (1965F 卯月),68,74,79
2025-12-26,P014 (1965F 卯月),66,72,77
2025-12-27,P014 (1965F 卯月),59,65,70
2025-12-28,P014 (1965F 卯月),63,69,74
2025-12-29,P014 (1965F 卯月),69,75,80
2025-12-30,P014 (1965F 卯月),64,70,75
2025-12-31,P014 (1965F 卯月),55,61,66
2026-01-01,P014 (1965F 卯月),49,55,60
2026-01-02,P014 (1965F 卯月),64,70,75
2026-01-03,P014 (1965F 卯月),59,65,70
2026-01-04,P014 (1965F 卯月),53,59,64
2026-01-05,P014 (1965F 卯月),53,59,64
2026-01-06,P014 (1965F 卯月),61,67,72
2026-01-07,P014 (1965F 卯月),68,74,79
2026-01-08,P014 (1965F 卯月),58,64,69
2026-01-09,P014 (1965F 卯月),73,79,84
2026-01-10,P014 (1965F 卯月),69,75,80
2026-01-11,P014 (1965F 卯月),67,73,78
2026-01-12,P014 (1965F 卯月),57,63,68
2026-01-13,P014 (1965F 卯月),51,57,62
2026-01-14,P014 (1965F 卯月),54,60,65
2026-01-15,P014 (1965F 卯月),60,66,71
2026-01-16,P014 (1965F 卯月),49,55,60
2026-01-17,P014 (1965F 卯月),57,63,68
2026-01-18,P014 (1965F 卯月),63,69,74
2026-01-19,P014 (1965F 卯月),74,80,85
2026-01-20,P014 (1965F 卯月),57,63,68
2026-01-21,P014 (1965F 卯月),68,74,79
2026-01-22,P014 (1965F 卯月),73,79,84
2026-01-23,P014 (1965F 卯月),68,74,79
2026-01-24,P014 (1965F 卯月),52,58,63
2026-01-25,P014 (1965F 卯月),48,54,59
2026-01-26,P014 (1965F 卯月),52,58,63
2026-01-27,P014 (1965F 卯月),59,65,70
2026-01-28,P014 (1965F 卯月),55,61,66
2026-01-29,P014 (1965F 卯月),63,69,74
2026-01-30,P014 (1965F 卯月),66,72,77
2026-01-31,P014 (1965F 卯月),70,76,81
2026-02-01,P014 (1965F 卯月),62,68,73
2026-02-02,P014 (1965F 卯月),71,77,82
2026-02-03,P014 (1965F 卯月),70,76,81
2026-02-04,P014 (1965F 卯月),59,65,70
2026-02-05,P014 (1965F 卯月),49,55,60
2026-02-06,P014 (1965F 卯月),46,52,57
2026-02-07,P014 (1965F 卯月),54,60,65
2026-02-08,P014 (1965F 卯月),59,65,70
2026-02-09,P014 (1965F 卯月),49,55,60
2026-02-10,P014 (1965F 卯月),51,57,62
2026-02-11,P014 (1965F 卯月),61,67,72
2026-02-12,P014 (1965F 卯月),62,68,73
2026-02-13,P014 (1965F 卯月),53,59,64
2026-02-14,P014 (1965F 卯月),59,65,70
2026-02-15,P014 (1965F 卯月),57,63,68
2026-02-16,P014 (1965F 卯月),57,63,68
2026-02-17,P014 (1965F 卯月),50,56,61
2026-02-18,P014 (1965F 卯月),48,54,59
2026-02-19,P014 (1965F 卯月),54,60,65
2026-02-20,P014 (1965F 卯月),57,63,68
2026-02-21,P014 (1965F 卯月),54,60,65
2026-02-22,P014 (1965F 卯月),54,60,65
2026-02-23,P014 (1965F 卯月),62,68,73
2026-02-24,P014 (1965F 卯月),62,68,73
2026-02-25,P014 (1965F 卯月),53,59,64
2026-02-26,P014 (1965F 卯月),60,66,71
2026-02-27,P014 (1965F 卯月),64,70,75
2026-02-28,P014 (1965F 卯月),66,72,77
2026-03-01,P014 (1965F 卯月),52,58,63
2026-03-02,P014 (1965F 卯月),49,55,60
2026-03-03,P014 (1965F 卯月),58,64,69
2026-03-04,P014 (1965F 卯月),58,64,69
2026-03-05,P014 (1965F 卯月),52,58,63
2026-03-06,P014 (1965F 卯月),50,56,61
2026-03-07,P014 (1965F 卯月),55,61,66
2026-03-08,P014 (1965F 卯月),60,66,71
2026-03-09,P014 (1965F 卯月),54,60,65
2026-03-10,P014 (1965F 卯月),66,72,77
2026-03-11,P014 (1965F 卯月),63,69,74
2026-03-12,P014 (1965F 卯月),59,65,70
2026-03-13,P014 (1965F 卯月),54,60,65
2026-03-14,P014 (1965F 卯月),46,52,57
2026-03-15,P014 (1965F 卯月),51,57,62
2026-03-16,P014 (1965F 卯月),55,61,66
2026-03-17,P014 (1965F 卯月),47,53,58
2026-03-18,P014 (1965F 卯月),49,55,60
2026-03-19,P014 (1965F 卯月),62,68,73
2026-03-20,P014 (1965F 卯月),66,72,77
2026-03-21,P014 (1965F 卯月),53,59,64
2026-03-22,P014 (1965F 卯月),61,67,72
2026-03-23,P014 (1965F 卯月),66,72,77
2026-03-24,P014 (1965F 卯月),59,65,70
2026-03-25,P014 (1965F 卯月),50,56,61
2026-03-26,P014 (1965F 卯月),47,53,58
2026-03-27,P014 (1965F 卯月),50,56,61
2026-03-28,P014 (1965F 卯月),53,59,64
2026-03-29,P014 (1965F 卯月),49,55,60
2026-03-30,P014 (1965F 卯月),54,60,65
2026-03-31,P014 (1965F 卯月),58,64,69
2026-04-01,P014 (1965F 卯月),63,69,74
2026-04-02,P014 (1965F 卯月),57,63,68
2026-04-03,P014 (1965F 卯月),62,68,73
2026-04-04,P014 (1965F 卯月),62,68,73
2026-04-05,P014 (1965F 卯月),71,77,82
2026-04-06,P014 (1965F 卯月),61,67,72
2026-04-07,P014 (1965F 卯月),57,63,68
2026-04-08,P014 (1965F 卯月),66,72,77
2026-04-09,P014 (1965F 卯月),72,78,83
2026-04-10,P014 (1965F 卯月),59,65,70
2026-04-11,P014 (1965F 卯月),63,69,74
2026-04-12,P014 (1965F 卯月),76,82,87
2026-04-13,P014 (1965F 卯月),75,81,86
2026-04-14,P014 (1965F 卯月),66,72,77
2026-04-15,P014 (1965F 卯月),70,76,81
2026-04-16,P014 (1965F 卯月),67,73,78
2026-04-17,P014 (1965F 卯月),69,75,80
2026-04-18,P014 (1965F 卯月),61,67,72
2026-04-19,P014 (1965F 卯月),57,63,68
2026-04-20,P014 (1965F 卯月),60,66,71
2026-04-21,P014 (1965F 卯月),64,70,75
2026-04-22,P014 (1965F 卯月),61,67,72
2026-04-23,P014 (1965F 卯月),62,68,73
2026-04-24,P014 (1965F 卯月),67,73,78
2026-04-25,P014 (1965F 卯月),71,77,82
2026-04-26,P014 (1965F 卯月),63,69,74
2026-04-27,P014 (1965F 卯月),69,75,80
2026-04-28,P014 (1965F 卯月),74,80,85
2026-04-29,P014 (1965F 卯月),75,81,86
2026-04-30,P014 (1965F 卯月),60,66,71
2026-05-01,P014 (1965F 卯月),52,58,63
2026-05-02,P014 (1965F 卯月),64,70,75
2026-05-03,P014 (1965F 卯月),67,73,78
2026-05-04,P014 (1965F 卯月),56,62,67
2026-05-05,P014 (1965F 卯月),58,64,69
2026-05-06,P014 (1965F 卯月),66,72,77
2026-05-07,P014 (1965F 卯月),70,76,81
2026-05-08,P014 (1965F 卯月),66,72,77
2026-05-09,P014 (1965F 卯月),76,82,87
2026-05-10,P014 (1965F 卯月),73,79,84
2026-05-11,P014 (1965F 卯月),70,76,81
2026-05-12,P014 (1965F 卯月),64,70,75
2026-05-13,P014 (1965F 卯月),54,60,65
2026-05-14,P014 (1965F 卯月),62,68,73
2026-05-15,P014 (1965F 卯月),63,69,74
2026-05-16,P014 (1965F 卯月),56,62,67
2026-05-17,P014 (1965F 卯月),58,64,69
2026-05-18,P014 (1965F 卯月),71,77,82
2026-05-19,P014 (1965F 卯月),76,82,87
2026-05-20,P014 (1965F 卯月),63,69,74
2026-05-21,P014 (1965F 卯月),70,76,81
2026-05-22,P014 (1965F 卯月),72,78,83
2026-05-23,P014 (1965F 卯月),68,74,79
2026-05-24,P014 (1965F 卯月),60,66,71
2026-05-25,P014 (1965F 卯月),56,62,67
2026-05-26,P014 (1965F 卯月),61,67,72
2026-05-27,P014 (1965F 卯月),61,67,72
2026-05-28,P014 (1965F 卯月),57,63,68
2026-05-29,P014 (1965F 卯月),66,72,77
2026-05-30,P014 (1965F 卯月),70,76,81
2026-05-31,P014 (1965F 卯月),73,79,84
2025-12-03,P015 (1966M 午月),68,70,75
2025-12-04,P015 (1966M 午月),74,76,81
2025-12-05,P015 (1966M 午月),64,66,71
2025-12-06,P015 (1966M 午月),65,67,72
2025-12-07,P015 (1966M 午月),61,63,68
2025-12-08,P015 (1966M 午月),61,63,68
2025-12-09,P015 (1966M 午月),69,71,76
2025-12-10,P015 (1966M 午月),58,60,65
2025-12-11,P015 (1966M 午月),58,60,65
2025-12-12,P015 (1966M 午月),60,62,67
2025-12-13,P015 (1966M 午月),61,63,68
2025-12-14,P015 (1966M 午月),61,63,68
2025-12-15,P015 (1966M 午月),73,75,80
2025-12-16,P015 (1966M 午月),76,78,83
2025-12-17,P015 (1966M 午月),67,69,74
2025-12-18,P015 (1966M 午月),61,63,68
2025-12-19,P015 (1966M 午月),58,60,65
2025-12-20,P015 (1966M 午月),59,61,66
2025-12-21,P015 (1966M 午月),65,67,72
2025-12-22,P015 (1966M 午月),56,58,63
2025-12-23,P015 (1966M 午月),53,55,60
2025-12-24,P015 (1966M 午月),56,58,63
2025-12-25,P015 (1966M 午月),63,65,70
2025-12-26,P015 (1966M 午月),65,67,72
2025-12-27,P015 (1966M 午月),74,76,81
2025-12-28,P015 (1966M 午月),71,73,78
2025-12-29,P015 (1966M 午月),66,68,73
2025-12-30,P015 (1966M 午月),60,62,67
2025-12-31,P015 (1966M 午月),59,61,66
2026-01-01,P015 (1966M 午月),58,60,65
2026-01-02,P015 (1966M 午月),62,64,69
2026-01-03,P015 (1966M 午月),54,56,61
2026-01-04,P015 (1966M 午月),56,58,63
2026-01-05,P015 (1966M 午月),61,63,68
2026-01-06,P015 (1966M 午月),64,66,71
2026-01-07,P015 (1966M 午月),68,70,75
2026-01-08,P015 (1966M 午月),72,74,79
2026-01-09,P015 (1966M 午月),74,76,81
2026-01-10,P015 (1966M 午月),66,68,73
2026-01-11,P015 (1966M 午月),66,68,73
2026-01-12,P015 (1966M 午月),58,60,65
2026-01-13,P015 (1966M 午月),59,61,66
2026-01-14,P015 (1966M 午月),63,65,70
2026-01-15,P015 (1966M 午月),68,70,75
2026-01-16,P015 (1966M 午月),53,55,60
2026-01-17,P015 (1966M 午月),63,65,70
2026-01-18,P015 (1966M 午月),67,69,74
2026-01-19,P015 (1966M 午月),65,67,72
2026-01-20,P015 (1966M 午月),68,70,75
2026-01-21,P015 (1966M 午月),77,79,84
2026-01-22,P015 (1966M 午月),64,66,71
2026-01-23,P015 (1966M 午月),63,65,70
2026-01-24,P015 (1966M 午月),60,62,67
2026-01-25,P015 (1966M 午月),61,63,68
2026-01-26,P015 (1966M 午月),63,65,70
2026-01-27,P015 (1966M 午月),58,60,65
2026-01-28,P015 (1966M 午月),51,53,58
2026-01-29,P015 (1966M 午月),58,60,65
2026-01-30,P015 (1966M 午月),61,63,68
2026-01-31,P015 (1966M 午月),68,70,75
2026-02-01,P015 (1966M 午月),64,66,71
2026-02-02,P015 (1966M 午月),75,77,82
2026-02-03,P015 (1966M 午月),67,69,74
2026-02-04,P015 (1966M 午月),54,56,61
2026-02-05,P015 (1966M 午月),54,56,61
2026-02-06,P015 (1966M 午月),53,55,60
2026-02-07,P015 (1966M 午月),59,61,66
2026-02-08,P015 (1966M 午月),48,50,55
2026-02-09,P015 (1966M 午月),51,53,58
2026-02-10,P015 (1966M 午月),52,54,59
2026-02-11,P015 (1966M 午月),52,54,59
2026-02-12,P015 (1966M 午月),54,56,61
2026-02-13,P015 (1966M 午月),66,68,73
2026-02-14,P015 (1966M 午月),70,72,77
2026-02-15,P015 (1966M 午月),61,63,68
2026-02-16,P015 (1966M 午月),52,54,59
2026-02-17,P015 (1966M 午月),51,53,58
2026-02-18,P015 (1966M 午月),51,53,58
2026-02-19,P015 (1966M 午月),58,60,65
2026-02-20,P015 (1966M 午月),50,52,57
2026-02-21,P015 (1966M 午月),48,50,55
2026-02-22,P015 (1966M 午月),52,54,59
2026-02-23,P015 (1966M 午月),56,58,63
2026-02-24,P015 (1966M 午月),61,63,68
2026-02-25,P015 (1966M 午月),66,68,73
2026-02-26,P015 (1966M 午月),68,70,75
2026-02-27,P015 (1966M 午月),61,63,68
2026-02-28,P015 (1966M 午月),53,55,60
2026-03-01,P015 (1966M 午月),55,57,62
2026-03-02,P015 (1966M 午月),53,55,60
2026-03-03,P015 (1966M 午月),58,60,65
2026-03-04,P015 (1966M 午月),51,53,58
2026-03-05,P015 (1966M 午月),52,54,59
2026-03-06,P015 (1966M 午月),74,76,81
2026-03-07,P015 (1966M 午月),67,69,74
2026-03-08,P015 (1966M 午月),69,71,76
2026-03-09,P015 (1966M 午月),73,75,80
2026-03-10,P015 (1966M 午月),77,79,84
2026-03-11,P015 (1966M 午月),69,71,76
2026-03-12,P015 (1966M 午月),68,70,75
2026-03-13,P015 (1966M 午月),60,62,67
2026-03-14,P015 (1966M 午月),62,64,69
2026-03-15,P015 (1966M 午月),67,69,74
2026-03-16,P015 (1966M 午月),71,73,78
2026-03-17,P015 (1966M 午月),58,60,65
2026-03-18,P015 (1966M 午月),65,67,72
2026-03-19,P015 (1966M 午月),71,73,78
2026-03-20,P015 (1966M 午月),70,72,77
2026-03-21,P015 (1966M 午月),72,74,79
2026-03-22,P015 (1966M 午月),81,83,88
2026-03-23,P015 (1966M 午月),66,68,73
2026-03-24,P015 (1966M 午月),66,68,73
2026-03-25,P015 (1966M 午月),65,67,72
2026-03-26,P015 (1966M 午月),66,68,73
2026-03-27,P015 (1966M 午月),68,70,75
2026-03-28,P015 (1966M 午月),63,65,70
2026-03-29,P015 (1966M 午月),57,59,64
2026-03-30,P015 (1966M 午月),64,66,71
2026-03-31,P015 (1966M 午月),68,70,75
2026-04-01,P015 (1966M 午月),70,72,77
2026-04-02,P015 (1966M 午月),65,67,72
2026-04-03,P015 (1966M 午月),77,79,84
2026-04-04,P015 (1966M 午月),69,71,76
2026-04-05,P015 (1966M 午月),69,71,76
2026-04-06,P015 (1966M 午月),64,66,71
2026-04-07,P015 (1966M 午月),62,64,69
2026-04-08,P015 (1966M 午月),72,74,79
2026-04-09,P015 (1966M 午月),61,63,68
2026-04-10,P015 (1966M 午月),61,63,68
2026-04-11,P015 (1966M 午月),65,67,72
2026-04-12,P015 (1966M 午月),64,66,71
2026-04-13,P015 (1966M 午月),70,72,77
2026-04-14,P015 (1966M 午月),80,82,87
2026-04-15,P015 (1966M 午月),83,85,90
2026-04-16,P015 (1966M 午月),73,75,80
2026-04-17,P015 (1966M 午月),66,68,73
2026-04-18,P015 (1966M 午月),63,65,70
2026-04-19,P015 (1966M 午月),62,64,69
2026-04-20,P015 (1966M 午月),68,70,75
2026-04-21,P015 (1966M 午月),61,63,68
2026-04-22,P015 (1966M 午月),56,58,63
2026-04-23,P015 (1966M 午月),64,66,71
2026-04-24,P015 (1966M 午月),69,71,76
2026-04-25,P015 (1966M 午月),72,74,79
2026-04-26,P015 (1966M 午月),77,79,84
2026-04-27,P015 (1966M 午月),78,80,85
2026-04-28,P015 (1966M 午月),71,73,78
2026-04-29,P015 (1966M 午月),64,66,71
2026-04-30,P015 (1966M 午月),63,65,70
2026-05-01,P015 (1966M 午月),61,63,68
2026-05-02,P015 (1966M 午月),65,67,72
2026-05-03,P015 (1966M 午月),62,64,69
2026-05-04,P015 (1966M 午月),60,62,67
2026-05-05,P015 (1966M 午月),68,70,75
2026-05-06,P015 (1966M 午月),72,74,79
2026-05-07,P015 (1966M 午月),75,77,82
2026-05-08,P015 (1966M 午月),82,84,89
2026-05-09,P015 (1966M 午月),79,81,86
2026-05-10,P015 (1966M 午月),71,73,78
2026-05-11,P015 (1966M 午月),72,74,79
2026-05-12,P015 (1966M 午月),62,64,69
2026-05-13,P015 (1966M 午月),63,65,70
2026-05-14,P015 (1966M 午月),75,77,82
2026-05-15,P015 (1966M 午月),73,75,80
2026-05-16,P015 (1966M 午月),65,67,72
2026-05-17,P015 (1966M 午月),69,71,76
2026-05-18,P015 (1966M 午月),73,75,80
2026-05-19,P015 (1966M 午月),72,74,79
2026-05-20,P015 (1966M 午月),80,82,87
2026-05-21,P015 (1966M 午月),83,85,90
2026-05-22,P015 (1966M 午月),71,73,78
2026-05-23,P015 (1966M 午月),71,73,78
2026-05-24,P015 (1966M 午月),67,69,74
2026-05-25,P015 (1966M 午月),67,69,74
2026-05-26,P015 (1966M 午月),74,76,81
2026-05-27,P015 (1966M 午月),68,70,75
2026-05-28,P015 (1966M 午月),64,66,71
2026-05-29,P015 (1966M 午月),68,70,75
2026-05-30,P015 (1966M 午月),71,73,78
2026-05-31,P015 (1966M 午月),74,76,81
2025-12-03,P016 (1967F 酉月),72,77,82
2025-12-04,P016 (1967F 酉月),71,76,81
2025-12-05,P016 (1967F 酉月),61,66,71
2025-12-06,P016 (1967F 酉月),71,76,81
2025-12-07,P016 (1967F 酉月),57,62,67
2025-12-08,P016 (1967F 酉月),62,67,72
2025-12-09,P016 (1967F 酉月),67,72,77
2025-12-10,P016 (1967F 酉月),54,59,64
2025-12-11,P016 (1967F 酉月),56,61,66
2025-12-12,P016 (1967F 酉月),61,66,71
2025-12-13,P016 (1967F 酉月),80,85,90
2025-12-14,P016 (1967F 酉月),71,76,81
2025-12-15,P016 (1967F 酉月),68,73,78
2025-12-16,P016 (1967F 酉月),69,74,79
2025-12-17,P016 (1967F 酉月),68,73,78
2025-12-18,P016 (1967F 酉月),72,77,82
2025-12-19,P016 (1967F 酉月),56,61,66
2025-12-20,P016 (1967F 酉月),63,68,73
2025-12-21,P016 (1967F 酉月),63,68,73
2025-12-22,P016 (1967F 酉月),57,62,67
2025-12-23,P016 (1967F 酉月),63,68,73
2025-12-24,P016 (1967F 酉月),63,68,73
2025-12-25,P016 (1967F 酉月),75,80,85
2025-12-26,P016 (1967F 酉月),67,72,77
2025-12-27,P016 (1967F 酉月),73,78,83
2025-12-28,P016 (1967F 酉月),66,71,76
2025-12-29,P016 (1967F 酉月),68,73,78
2025-12-30,P016 (1967F 酉月),76,81,86
2025-12-31,P016 (1967F 酉月),52,57,62
2026-01-01,P016 (1967F 酉月),67,72,77
2026-01-02,P016 (1967F 酉月),70,75,80
2026-01-03,P016 (1967F 酉月),60,65,70
2026-01-04,P016 (1967F 酉月),58,63,68
2026-01-05,P016 (1967F 酉月),60,65,70
2026-01-06,P016 (1967F 酉月),68,73,78
2026-01-07,P016 (1967F 酉月),54,59,64
2026-01-08,P016 (1967F 酉月),62,67,72
2026-01-09,P016 (1967F 酉月),58,63,68
2026-01-10,P016 (1967F 酉月),60,65,70
2026-01-11,P016 (1967F 酉月),69,74,79
2026-01-12,P016 (1967F 酉月),52,57,62
2026-01-13,P016 (1967F 酉月),59,64,69
2026-01-14,P016 (1967F 酉月),53,58,63
2026-01-15,P016 (1967F 酉月),47,52,57
2026-01-16,P016 (1967F 酉月),54,59,64
2026-01-17,P016 (1967F 酉月),48,53,58
2026-01-18,P016 (1967F 酉月),67,72,77
2026-01-19,P016 (1967F 酉月),57,62,67
2026-01-20,P016 (1967F 酉月),59,64,69
2026-01-21,P016 (1967F 酉月),62,67,72
2026-01-22,P016 (1967F 酉月),63,68,73
2026-01-23,P016 (1967F 酉月),68,73,78
2026-01-24,P016 (1967F 酉月),49,54,59
2026-01-25,P016 (1967F 酉月),53,58,63
2026-01-26,P016 (1967F 酉月),56,61,66
2026-01-27,P016 (1967F 酉月),50,55,60
2026-01-28,P016 (1967F 酉月),54,59,64
2026-01-29,P016 (1967F 酉月),46,51,56
2026-01-30,P016 (1967F 酉月),62,67,72
2026-01-31,P016 (1967F 酉月),60,65,70
2026-02-01,P016 (1967F 酉月),65,70,75
2026-02-02,P016 (1967F 酉月),63,68,73
2026-02-03,P016 (1967F 酉月),60,65,70
2026-02-04,P016 (1967F 酉月),60,65,70
2026-02-05,P016 (1967F 酉月),48,53,58
2026-02-06,P016 (1967F 酉月),49,54,59
2026-02-07,P016 (1967F 酉月),54,59,64
2026-02-08,P016 (1967F 酉月),48,53,58
2026-02-09,P016 (1967F 酉月),50,55,60
2026-02-10,P016 (1967F 酉月),49,54,59
2026-02-11,P016 (1967F 酉月),68,73,78
2026-02-12,P016 (1967F 酉月),58,63,68
2026-02-13,P016 (1967F 酉月),57,62,67
2026-02-14,P016 (1967F 酉月),58,63,68
2026-02-15,P016 (1967F 酉月),60,65,70
2026-02-16,P016 (1967F 酉月),58,63,68
2026-02-17,P016 (1967F 酉月),48,53,58
2026-02-18,P016 (1967F 酉月),49,54,59
2026-02-19,P016 (1967F 酉月),52,57,62
2026-02-20,P016 (1967F 酉月),48,53,58
2026-02-21,P016 (1967F 酉月),53,58,63
2026-02-22,P016 (1967F 酉月),51,56,61
2026-02-23,P016 (1967F 酉月),62,67,72
2026-02-24,P016 (1967F 酉月),57,62,67
2026-02-25,P016 (1967F 酉月),61,66,71
2026-02-26,P016 (1967F 酉月),57,62,67
2026-02-27,P016 (1967F 酉月),62,67,72
2026-02-28,P016 (1967F 酉月),63,68,73
2026-03-01,P016 (1967F 酉月),49,54,59
2026-03-02,P016 (1967F 酉月),54,59,64
2026-03-03,P016 (1967F 酉月),59,64,69
2026-03-04,P016 (1967F 酉月),50,55,60
2026-03-05,P016 (1967F 酉月),52,57,62
2026-03-06,P016 (1967F 酉月),52,57,62
2026-03-07,P016 (1967F 酉月),70,75,80
2026-03-08,P016 (1967F 酉月),58,63,68
2026-03-09,P016 (1967F 酉月),66,71,76
2026-03-10,P016 (1967F 酉月),63,68,73
2026-03-11,P016 (1967F 酉月),58,63,68
2026-03-12,P016 (1967F 酉月),72,77,82
2026-03-13,P016 (1967F 酉月),51,56,61
2026-03-14,P016 (1967F 酉月),63,68,73
2026-03-15,P016 (1967F 酉月),58,63,68
2026-03-16,P016 (1967F 酉月),50,55,60
2026-03-17,P016 (1967F 酉月),53,58,63
2026-03-18,P016 (1967F 酉月),50,55,60
2026-03-19,P016 (1967F 酉月),70,75,80
2026-03-20,P016 (1967F 酉月),59,64,69
2026-03-21,P016 (1967F 酉月),61,66,71
2026-03-22,P016 (1967F 酉月),66,71,76
2026-03-23,P016 (1967F 酉月),66,71,76
2026-03-24,P016 (1967F 酉月),73,78,83
2026-03-25,P016 (1967F 酉月),48,53,58
2026-03-26,P016 (1967F 酉月),56,61,66
2026-03-27,P016 (1967F 酉月),60,65,70
2026-03-28,P016 (1967F 酉月),49,54,59
2026-03-29,P016 (1967F 酉月),53,58,63
2026-03-30,P016 (1967F 酉月),51,56,61
2026-03-31,P016 (1967F 酉月),67,72,77
2026-04-01,P016 (1967F 酉月),61,66,71
2026-04-02,P016 (1967F 酉月),69,74,79
2026-04-03,P016 (1967F 酉月),67,72,77
2026-04-04,P016 (1967F 酉月),56,61,66
2026-04-05,P016 (1967F 酉月),84,89,94
2026-04-06,P016 (1967F 酉月),67,72,77
2026-04-07,P016 (1967F 酉月),73,78,83
2026-04-08,P016 (1967F 酉月),79,84,89
2026-04-09,P016 (1967F 酉月),66,71,76
2026-04-10,P016 (1967F 酉月),67,72,77
2026-04-11,P016 (1967F 酉月),73,78,83
2026-04-12,P016 (1967F 酉月),84,89,94
2026-04-13,P016 (1967F 酉月),83,88,93
2026-04-14,P016 (1967F 酉月),82,87,92
2026-04-15,P016 (1967F 酉月),81,86,91
2026-04-16,P016 (1967F 酉月),81,86,91
2026-04-17,P016 (1967F 酉月),81,86,91
2026-04-18,P016 (1967F 酉月),67,72,77
2026-04-19,P016 (1967F 酉月),75,80,85
2026-04-20,P016 (1967F 酉月),74,79,84
2026-04-21,P016 (1967F 酉月),68,73,78
2026-04-22,P016 (1967F 酉月),77,82,87
2026-04-23,P016 (1967F 酉月),76,81,86
2026-04-24,P016 (1967F 酉月),83,88,93
2026-04-25,P016 (1967F 酉月),81,86,91
2026-04-26,P016 (1967F 酉月),85,90,95
2026-04-27,P016 (1967F 酉月),80,85,90
2026-04-28,P016 (1967F 酉月),80,85,90
2026-04-29,P016 (1967F 酉月),82,87,92
2026-04-30,P016 (1967F 酉月),61,66,71
2026-05-01,P016 (1967F 酉月),76,81,86
2026-05-02,P016 (1967F 酉月),81,86,91
2026-05-03,P016 (1967F 酉月),70,75,80
2026-05-04,P016 (1967F 酉月),68,73,78
2026-05-05,P016 (1967F 酉月),68,73,78
2026-05-06,P016 (1967F 酉月),70,75,80
2026-05-07,P016 (1967F 酉月),57,62,67
2026-05-08,P016 (1967F 酉月),64,69,74
2026-05-09,P016 (1967F 酉月),60,65,70
2026-05-10,P016 (1967F 酉月),59,64,69
2026-05-11,P016 (1967F 酉月),70,75,80
2026-05-12,P016 (1967F 酉月),51,56,61
2026-05-13,P016 (1967F 酉月),60,65,70
2026-05-14,P016 (1967F 酉月),58,63,68
2026-05-15,P016 (1967F 酉月),48,53,58
2026-05-16,P016 (1967F 酉月),57,62,67
2026-05-17,P016 (1967F 酉月),51,56,61
2026-05-18,P016 (1967F 酉月),70,75,80
2026-05-19,P016 (1967F 酉月),59,64,69
2026-05-20,P016 (1967F 酉月),61,66,71
2026-05-21,P016 (1967F 酉月),66,71,76
2026-05-22,P016 (1967F 酉月),69,74,79
2026-05-23,P016 (1967F 酉月),75,80,85
2026-05-24,P016 (1967F 酉月),51,56,61
2026-05-25,P016 (1967F 酉月),57,62,67
2026-05-26,P016 (1967F 酉月),58,63,68
2026-05-27,P016 (1967F 酉月),50,55,60
2026-05-28,P016 (1967F 酉月),56,61,66
2026-05-29,P016 (1967F 酉月),50,55,60
2026-05-30,P016 (1967F 酉月),67,72,77
2026-05-31,P016 (1967F 酉月),62,67,72
2025-12-03,P017 (1968M 戌月),61,65,70
2025-12-04,P017 (1968M 戌月),65,69,74
2025-12-05,P017 (1968M 戌月),62,66,71
2025-12-06,P017 (1968M 戌月),68,72,77
2025-12-07,P017 (1968M 戌月),79,83,88
2025-12-08,P017 (1968M 戌月),73,77,82
2025-12-09,P017 (1968M 戌月),65,69,74
2025-12-10,P017 (1968M 戌月),63,67,72
2025-12-11,P017 (1968M 戌月),60,64,69
2025-12-12,P017 (1968M 戌月),81,85,90
2025-12-13,P017 (1968M 戌月),64,68,73
2025-12-14,P017 (1968M 戌月),63,67,72
2025-12-15,P017 (1968M 戌月),58,62,67
2025-12-16,P017 (1968M 戌月),64,68,73
2025-12-17,P017 (1968M 戌月),73,77,82
2025-12-18,P017 (1968M 戌月),72,76,81
2025-12-19,P017 (1968M 戌月),74,78,83
2025-12-20,P017 (1968M 戌月),64,68,73
2025-12-21,P017 (1968M 戌月),61,65,70
2025-12-22,P017 (1968M 戌月),62,66,71
2025-12-23,P017 (1968M 戌月),56,60,65
2025-12-24,P017 (1968M 戌月),81,85,90
2025-12-25,P017 (1968M 戌月),58,62,67
2025-12-26,P017 (1968M 戌月),63,67,72
2025-12-27,P017 (1968M 戌月),68,72,77
2025-12-28,P017 (1968M 戌月),65,69,74
2025-12-29,P017 (1968M 戌月),62,66,71
2025-12-30,P017 (1968M 戌月),65,69,74
2025-12-31,P017 (1968M 戌月),75,79,84
2026-01-01,P017 (1968M 戌月),65,69,74
2026-01-02,P017 (1968M 戌月),63,67,72
2026-01-03,P017 (1968M 戌月),61,65,70
2026-01-04,P017 (1968M 戌月),52,56,61
2026-01-05,P017 (1968M 戌月),78,82,87
2026-01-06,P017 (1968M 戌月),56,60,65
2026-01-07,P017 (1968M 戌月),61,65,70
2026-01-08,P017 (1968M 戌月),53,57,62
2026-01-09,P017 (1968M 戌月),60,64,69
2026-01-10,P017 (1968M 戌月),59,63,68
2026-01-11,P017 (1968M 戌月),65,69,74
2026-01-12,P017 (1968M 戌月),70,74,79
2026-01-13,P017 (1968M 戌月),67,71,76
2026-01-14,P017 (1968M 戌月),59,63,68
2026-01-15,P017 (1968M 戌月),62,66,71
2026-01-16,P017 (1968M 戌月),56,60,65
2026-01-17,P017 (1968M 戌月),80,84,89
2026-01-18,P017 (1968M 戌月),56,60,65
2026-01-19,P017 (1968M 戌月),60,64,69
2026-01-20,P017 (1968M 戌月),59,63,68
2026-01-21,P017 (1968M 戌月),64,68,73
2026-01-22,P017 (1968M 戌月),67,71,76
2026-01-23,P017 (1968M 戌月),67,71,76
2026-01-24,P017 (1968M 戌月),67,71,76
2026-01-25,P017 (1968M 戌月),67,71,76
2026-01-26,P017 (1968M 戌月),69,73,78
2026-01-27,P017 (1968M 戌月),64,68,73
2026-01-28,P017 (1968M 戌月),51,55,60
2026-01-29,P017 (1968M 戌月),75,79,84
2026-01-30,P017 (1968M 戌月),57,61,66
2026-01-31,P017 (1968M 戌月),61,65,70
2026-02-01,P017 (1968M 戌月),64,68,73
2026-02-02,P017 (1968M 戌月),65,69,74
2026-02-03,P017 (1968M 戌月),60,64,69
2026-02-04,P017 (1968M 戌月),53,57,62
2026-02-05,P017 (1968M 戌月),69,73,78
2026-02-06,P017 (1968M 戌月),54,58,63
2026-02-07,P017 (1968M 戌月),53,57,62
2026-02-08,P017 (1968M 戌月),47,51,56
2026-02-09,P017 (1968M 戌月),50,54,59
2026-02-10,P017 (1968M 戌月),65,69,74
2026-02-11,P017 (1968M 戌月),56,60,65
2026-02-12,P017 (1968M 戌月),49,53,58
2026-02-13,P017 (1968M 戌月),49,53,58
2026-02-14,P017 (1968M 戌月),51,55,60
2026-02-15,P017 (1968M 戌月),57,61,66
2026-02-16,P017 (1968M 戌月),57,61,66
2026-02-17,P017 (1968M 戌月),65,69,74
2026-02-18,P017 (1968M 戌月),50,54,59
2026-02-19,P017 (1968M 戌月),55,59,64
2026-02-20,P017 (1968M 戌月),48,52,57
2026-02-21,P017 (1968M 戌月),50,54,59
2026-02-22,P017 (1968M 戌月),64,68,73
2026-02-23,P017 (1968M 戌月),50,54,59
2026-02-24,P017 (1968M 戌月),48,52,57
2026-02-25,P017 (1968M 戌月),52,56,61
2026-02-26,P017 (1968M 戌月),51,55,60
2026-02-27,P017 (1968M 戌月),55,59,64
2026-02-28,P017 (1968M 戌月),53,57,62
2026-03-01,P017 (1968M 戌月),66,70,75
2026-03-02,P017 (1968M 戌月),52,56,61
2026-03-03,P017 (1968M 戌月),55,59,64
2026-03-04,P017 (1968M 戌月),50,54,59
2026-03-05,P017 (1968M 戌月),47,51,56
2026-03-06,P017 (1968M 戌月),87,91,96
2026-03-07,P017 (1968M 戌月),69,73,78
2026-03-08,P017 (1968M 戌月),74,78,83
2026-03-09,P017 (1968M 戌月),68,72,77
2026-03-10,P017 (1968M 戌月),74,78,83
2026-03-11,P017 (1968M 戌月),73,77,82
2026-03-12,P017 (1968M 戌月),79,83,88
2026-03-13,P017 (1968M 戌月),81,85,90
2026-03-14,P017 (1968M 戌月),80,84,89
2026-03-15,P017 (1968M 戌月),70,74,79
2026-03-16,P017 (1968M 戌月),73,77,82
2026-03-17,P017 (1968M 戌月),68,72,77
2026-03-18,P017 (1968M 戌月),90,94,99
2026-03-19,P017 (1968M 戌月),67,71,76
2026-03-20,P017 (1968M 戌月),71,75,80
2026-03-21,P017 (1968M 戌月),68,72,77
2026-03-22,P017 (1968M 戌月),74,78,83
2026-03-23,P017 (1968M 戌月),76,80,85
2026-03-24,P017 (1968M 戌月),79,83,88
2026-03-25,P017 (1968M 戌月),76,80,85
2026-03-26,P017 (1968M 戌月),77,81,86
2026-03-27,P017 (1968M 戌月),81,85,90
2026-03-28,P017 (1968M 戌月),75,79,84
2026-03-29,P017 (1968M 戌月),63,67,72
2026-03-30,P017 (1968M 戌月),86,90,95
2026-03-31,P017 (1968M 戌月),69,73,78
2026-04-01,P017 (1968M 戌月),72,76,81
2026-04-02,P017 (1968M 戌月),72,76,81
2026-04-03,P017 (1968M 戌月),74,78,83
2026-04-04,P017 (1968M 戌月),70,74,79
2026-04-05,P017 (1968M 戌月),55,59,64
2026-04-06,P017 (1968M 戌月),72,76,81
2026-04-07,P017 (1968M 戌月),59,63,68
2026-04-08,P017 (1968M 戌月),57,61,66
2026-04-09,P017 (1968M 戌月),51,55,60
2026-04-10,P017 (1968M 戌月),54,58,63
2026-04-11,P017 (1968M 戌月),69,73,78
2026-04-12,P017 (1968M 戌月),60,64,69
2026-04-13,P017 (1968M 戌月),54,58,63
2026-04-14,P017 (1968M 戌月),53,57,62
2026-04-15,P017 (1968M 戌月),55,59,64
2026-04-16,P017 (1968M 戌月),62,66,71
2026-04-17,P017 (1968M 戌月),61,65,70
2026-04-18,P017 (1968M 戌月),71,75,80
2026-04-19,P017 (1968M 戌月),58,62,67
2026-04-20,P017 (1968M 戌月),62,66,71
2026-04-21,P017 (1968M 戌月),55,59,64
2026-04-22,P017 (1968M 戌月),55,59,64
2026-04-23,P017 (1968M 戌月),72,76,81
2026-04-24,P017 (1968M 戌月),57,61,66
2026-04-25,P017 (1968M 戌月),53,57,62
2026-04-26,P017 (1968M 戌月),57,61,66
2026-04-27,P017 (1968M 戌月),57,61,66
2026-04-28,P017 (1968M 戌月),63,67,72
2026-04-29,P017 (1968M 戌月),57,61,66
2026-04-30,P017 (1968M 戌月),71,75,80
2026-05-01,P017 (1968M 戌月),58,62,67
2026-05-02,P017 (1968M 戌月),59,63,68
2026-05-03,P017 (1968M 戌月),54,58,63
2026-05-04,P017 (1968M 戌月),50,54,59
2026-05-05,P017 (1968M 戌月),69,73,78
2026-05-06,P017 (1968M 戌月),56,60,65
2026-05-07,P017 (1968M 戌月),60,64,69
2026-05-08,P017 (1968M 戌月),53,57,62
2026-05-09,P017 (1968M 戌月),60,64,69
2026-05-10,P017 (1968M 戌月),58,62,67
2026-05-11,P017 (1968M 戌月),63,67,72
2026-05-12,P017 (1968M 戌月),67,71,76
2026-05-13,P017 (1968M 戌月),65,69,74
2026-05-14,P017 (1968M 戌月),57,61,66
2026-05-15,P017 (1968M 戌月),59,63,68
2026-05-16,P017 (1968M 戌月),53,57,62
2026-05-17,P017 (1968M 戌月),78,82,87
2026-05-18,P017 (1968M 戌月),55,59,64
2026-05-19,P017 (1968M 戌月),56,60,65
2026-05-20,P017 (1968M 戌月),54,58,63
2026-05-21,P017 (1968M 戌月),60,64,69
2026-05-22,P017 (1968M 戌月),64,68,73
2026-05-23,P017 (1968M 戌月),66,70,75
2026-05-24,P017 (1968M 戌月),64,68,73
2026-05-25,P017 (1968M 戌月),65,69,74
2026-05-26,P017 (1968M 戌月),66,70,75
2026-05-27,P017 (1968M 戌月),61,65,70
2026-05-28,P017 (1968M 戌月),47,51,56
2026-05-29,P017 (1968M 戌月),72,76,81
2026-05-30,P017 (1968M 戌月),56,60,65
2026-05-31,P017 (1968M 戌月),59,63,68
2025-12-03,P018 (1969F 子月),55,61,66
2025-12-04,P018 (1969F 子月),54,60,65
2025-12-05,P018 (1969F 子月),58,64,69
2025-12-06,P018 (1969F 子月),62,68,73
2025-12-07,P018 (1969F 子月),47,53,58
2025-12-08,P018 (1969F 子月),54,60,65
2025-12-09,P018 (1969F 子月),48,54,59
2025-12-10,P018 (1969F 子月),56,62,67
2025-12-11,P018 (1969F 子月),53,59,64
2025-12-12,P018 (1969F 子月),53,59,64
2025-12-13,P018 (1969F 子月),61,67,72
2025-12-14,P018 (1969F 子月),64,70,75
2025-12-15,P018 (1969F 子月),57,63,68
2025-12-16,P018 (1969F 子月),61,67,72
2025-12-17,P018 (1969F 子月),61,67,72
2025-12-18,P018 (1969F 子月),65,71,76
2025-12-19,P018 (1969F 子月),49,55,60
2025-12-20,P018 (1969F 子月),53,59,64
2025-12-21,P018 (1969F 子月),48,54,59
2025-12-22,P018 (1969F 子月),59,65,70
2025-12-23,P018 (1969F 子月),48,54,59
2025-12-24,P018 (1969F 子月),48,54,59
2025-12-25,P018 (1969F 子月),59,65,70
2025-12-26,P018 (1969F 子月),69,75,80
2025-12-27,P018 (1969F 子月),55,61,66
2025-12-28,P018 (1969F 子月),56,62,67
2025-12-29,P018 (1969F 子月),59,65,70
2025-12-30,P018 (1969F 子月),58,64,69
2025-12-31,P018 (1969F 子月),53,59,64
2026-01-01,P018 (1969F 子月),57,63,68
2026-01-02,P018 (1969F 子月),48,54,59
2026-01-03,P018 (1969F 子月),56,62,67
2026-01-04,P018 (1969F 子月),50,56,61
2026-01-05,P018 (1969F 子月),52,58,63
2026-01-06,P018 (1969F 子月),71,77,82
2026-01-07,P018 (1969F 子月),78,84,89
2026-01-08,P018 (1969F 子月),60,66,71
2026-01-09,P018 (1969F 子月),60,66,71
2026-01-10,P018 (1969F 子月),78,84,89
2026-01-11,P018 (1969F 子月),70,76,81
2026-01-12,P018 (1969F 子月),63,69,74
2026-01-13,P018 (1969F 子月),60,66,71
2026-01-14,P018 (1969F 子月),58,64,69
2026-01-15,P018 (1969F 子月),75,81,86
2026-01-16,P018 (1969F 子月),59,65,70
2026-01-17,P018 (1969F 子月),57,63,68
2026-01-18,P018 (1969F 子月),71,77,82
2026-01-19,P018 (1969F 子月),72,78,83
2026-01-20,P018 (1969F 子月),68,74,79
2026-01-21,P018 (1969F 子月),64,70,75
2026-01-22,P018 (1969F 子月),72,78,83
2026-01-23,P018 (1969F 子月),73,79,84
2026-01-24,P018 (1969F 子月),64,70,75
2026-01-25,P018 (1969F 子月),62,68,73
2026-01-26,P018 (1969F 子月),55,61,66
2026-01-27,P018 (1969F 子月),71,77,82
2026-01-28,P018 (1969F 子月),55,61,66
2026-01-29,P018 (1969F 子月),52,58,63
2026-01-30,P018 (1969F 子月),76,82,87
2026-01-31,P018 (1969F 子月),73,79,84
2026-02-01,P018 (1969F 子月),64,70,75
2026-02-02,P018 (1969F 子月),65,71,76
2026-02-03,P018 (1969F 子月),75,81,86
2026-02-04,P018 (1969F 子月),68,74,79
2026-02-05,P018 (1969F 子月),49,55,60
2026-02-06,P018 (1969F 子月),51,57,62
2026-02-07,P018 (1969F 子月),47,53,58
2026-02-08,P018 (1969F 子月),51,57,62
2026-02-09,P018 (1969F 子月),52,58,63
2026-02-10,P018 (1969F 子月),45,51,56
2026-02-11,P018 (1969F 子月),59,65,70
2026-02-12,P018 (1969F 子月),62,68,73
2026-02-13,P018 (1969F 子月),54,60,65
2026-02-14,P018 (1969F 子月),61,67,72
2026-02-15,P018 (1969F 子月),60,66,71
2026-02-16,P018 (1969F 子月),63,69,74
2026-02-17,P018 (1969F 子月),49,55,60
2026-02-18,P018 (1969F 子月),48,54,59
2026-02-19,P018 (1969F 子月),48,54,59
2026-02-20,P018 (1969F 子月),53,59,64
2026-02-21,P018 (1969F 子月),48,54,59
2026-02-22,P018 (1969F 子月),45,51,56
2026-02-23,P018 (1969F 子月),61,67,72
2026-02-24,P018 (1969F 子月),69,75,80
2026-02-25,P018 (1969F 子月),51,57,62
2026-02-26,P018 (1969F 子月),56,62,67
2026-02-27,P018 (1969F 子月),61,67,72
2026-02-28,P018 (1969F 子月),56,62,67
2026-03-01,P018 (1969F 子月),56,62,67
2026-03-02,P018 (1969F 子月),51,57,62
2026-03-03,P018 (1969F 子月),48,54,59
2026-03-04,P018 (1969F 子月),58,64,69
2026-03-05,P018 (1969F 子月),49,55,60
2026-03-06,P018 (1969F 子月),50,56,61
2026-03-07,P018 (1969F 子月),60,66,71
2026-03-08,P018 (1969F 子月),68,74,79
2026-03-09,P018 (1969F 子月),57,63,68
2026-03-10,P018 (1969F 子月),54,60,65
2026-03-11,P018 (1969F 子月),68,74,79
2026-03-12,P018 (1969F 子月),64,70,75
2026-03-13,P018 (1969F 子月),50,56,61
2026-03-14,P018 (1969F 子月),55,61,66
2026-03-15,P018 (1969F 子月),48,54,59
2026-03-16,P018 (1969F 子月),64,70,75
2026-03-17,P018 (1969F 子月),48,54,59
2026-03-18,P018 (1969F 子月),52,58,63
2026-03-19,P018 (1969F 子月),60,66,71
2026-03-20,P018 (1969F 子月),63,69,74
2026-03-21,P018 (1969F 子月),60,66,71
2026-03-22,P018 (1969F 子月),58,64,69
2026-03-23,P018 (1969F 子月),63,69,74
2026-03-24,P018 (1969F 子月),60,66,71
2026-03-25,P018 (1969F 子月),52,58,63
2026-03-26,P018 (1969F 子月),55,61,66
2026-03-27,P018 (1969F 子月),49,55,60
2026-03-28,P018 (1969F 子月),61,67,72
2026-03-29,P018 (1969F 子月),48,54,59
2026-03-30,P018 (1969F 子月),49,55,60
2026-03-31,P018 (1969F 子月),63,69,74
2026-04-01,P018 (1969F 子月),68,74,79
2026-04-02,P018 (1969F 子月),56,62,67
2026-04-03,P018 (1969F 子月),57,63,68
2026-04-04,P018 (1969F 子月),64,70,75
2026-04-05,P018 (1969F 子月),80,86,91
2026-04-06,P018 (1969F 子月),62,68,73
2026-04-07,P018 (1969F 子月),67,73,78
2026-04-08,P018 (1969F 子月),59,65,70
2026-04-09,P018 (1969F 子月),66,72,77
2026-04-10,P018 (1969F 子月),64,70,75
2026-04-11,P018 (1969F 子月),60,66,71
2026-04-12,P018 (1969F 子月),72,78,83
2026-04-13,P018 (1969F 子月),76,82,87
2026-04-14,P018 (1969F 子月),65,71,76
2026-04-15,P018 (1969F 子月),74,80,85
2026-04-16,P018 (1969F 子月),73,79,84
2026-04-17,P018 (1969F 子月),74,80,85
2026-04-18,P018 (1969F 子月),59,65,70
2026-04-19,P018 (1969F 子月),60,66,71
2026-04-20,P018 (1969F 子月),56,62,67
2026-04-21,P018 (1969F 子月),65,71,76
2026-04-22,P018 (1969F 子月),54,60,65
2026-04-23,P018 (1969F 子月),56,62,67
2026-04-24,P018 (1969F 子月),72,78,83
2026-04-25,P018 (1969F 子月),81,87,92
2026-04-26,P018 (1969F 子月),66,72,77
2026-04-27,P018 (1969F 子月),67,73,78
2026-04-28,P018 (1969F 子月),71,77,82
2026-04-29,P018 (1969F 子月),69,75,80
2026-04-30,P018 (1969F 子月),67,73,78
2026-05-01,P018 (1969F 子月),66,72,77
2026-05-02,P018 (1969F 子月),54,60,65
2026-05-03,P018 (1969F 子月),66,72,77
2026-05-04,P018 (1969F 子月),59,65,70
2026-05-05,P018 (1969F 子月),58,64,69
2026-05-06,P018 (1969F 子月),70,76,81
2026-05-07,P018 (1969F 子月),78,84,89
2026-05-08,P018 (1969F 子月),65,71,76
2026-05-09,P018 (1969F 子月),63,69,74
2026-05-10,P018 (1969F 子月),78,84,89
2026-05-11,P018 (1969F 子月),72,78,83
2026-05-12,P018 (1969F 子月),61,67,72
2026-05-13,P018 (1969F 子月),63,69,74
2026-05-14,P018 (1969F 子月),54,60,65
2026-05-15,P018 (1969F 子月),71,77,82
2026-05-16,P018 (1969F 子月),52,58,63
2026-05-17,P018 (1969F 子月),54,60,65
2026-05-18,P018 (1969F 子月),65,71,76
2026-05-19,P018 (1969F 子月),68,74,79
2026-05-20,P018 (1969F 子月),66,72,77
2026-05-21,P018 (1969F 子月),66,72,77
2026-05-22,P018 (1969F 子月),74,80,85
2026-05-23,P018 (1969F 子月),70,76,81
2026-05-24,P018 (1969F 子月),59,65,70
2026-05-25,P018 (1969F 子月),61,67,72
2026-05-26,P018 (1969F 子月),54,60,65
2026-05-27,P018 (1969F 子月),69,75,80
2026-05-28,P018 (1969F 子月),54,60,65
2026-05-29,P018 (1969F 子月),57,63,68
2026-05-30,P018 (1969F 子月),74,80,85
2026-05-31,P018 (1969F 子月),77,83,88
2025-12-03,P019 (1970M 丑月),64,70,75
2025-12-04,P019 (1970M 丑月),58,64,69
2025-12-05,P019 (1970M 丑月),55,61,66
2025-12-06,P019 (1970M 丑月),55,61,66
2025-12-07,P019 (1970M 丑月),59,65,70
2025-12-08,P019 (1970M 丑月),65,71,76
2025-12-09,P019 (1970M 丑月),59,65,70
2025-12-10,P019 (1970M 丑月),59,65,70
2025-12-11,P019 (1970M 丑月),62,68,73
2025-12-12,P019 (1970M 丑月),55,61,66
2025-12-13,P019 (1970M 丑月),61,67,72
2025-12-14,P019 (1970M 丑月),51,57,62
2025-12-15,P019 (1970M 丑月),51,57,62
2025-12-16,P019 (1970M 丑月),51,57,62
2025-12-17,P019 (1970M 丑月),52,58,63
2025-12-18,P019 (1970M 丑月),55,61,66
2025-12-19,P019 (1970M 丑月),59,65,70
2025-12-20,P019 (1970M 丑月),57,63,68
2025-12-21,P019 (1970M 丑月),59,65,70
2025-12-22,P019 (1970M 丑月),57,63,68
2025-12-23,P019 (1970M 丑月),57,63,68
2025-12-24,P019 (1970M 丑月),54,60,65
2025-12-25,P019 (1970M 丑月),58,64,69
2025-12-26,P019 (1970M 丑月),55,61,66
2025-12-27,P019 (1970M 丑月),61,67,72
2025-12-28,P019 (1970M 丑月),52,58,63
2025-12-29,P019 (1970M 丑月),49,55,60
2025-12-30,P019 (1970M 丑月),49,55,60
2025-12-31,P019 (1970M 丑月),58,64,69
2026-01-01,P019 (1970M 丑月),57,63,68
2026-01-02,P019 (1970M 丑月),59,65,70
2026-01-03,P019 (1970M 丑月),64,70,75
2026-01-04,P019 (1970M 丑月),59,65,70
2026-01-05,P019 (1970M 丑月),58,64,69
2026-01-06,P019 (1970M 丑月),80,86,91
2026-01-07,P019 (1970M 丑月),69,75,80
2026-01-08,P019 (1970M 丑月),74,80,85
2026-01-09,P019 (1970M 丑月),60,66,71
2026-01-10,P019 (1970M 丑月),64,70,75
2026-01-11,P019 (1970M 丑月),60,66,71
2026-01-12,P019 (1970M 丑月),71,77,82
2026-01-13,P019 (1970M 丑月),76,82,87
2026-01-14,P019 (1970M 丑月),67,73,78
2026-01-15,P019 (1970M 丑月),74,80,85
2026-01-16,P019 (1970M 丑月),77,83,88
2026-01-17,P019 (1970M 丑月),69,75,80
2026-01-18,P019 (1970M 丑月),80,86,91
2026-01-19,P019 (1970M 丑月),62,68,73
2026-01-20,P019 (1970M 丑月),75,81,86
2026-01-21,P019 (1970M 丑月),59,65,70
2026-01-22,P019 (1970M 丑月),60,66,71
2026-01-23,P019 (1970M 丑月),62,68,73
2026-01-24,P019 (1970M 丑月),64,70,75
2026-01-25,P019 (1970M 丑月),80,86,91
2026-01-26,P019 (1970M 丑月),76,82,87
2026-01-27,P019 (1970M 丑月),77,83,88
2026-01-28,P019 (1970M 丑月),77,83,88
2026-01-29,P019 (1970M 丑月),64,70,75
2026-01-30,P019 (1970M 丑月),77,83,88
2026-01-31,P019 (1970M 丑月),57,63,68
2026-02-01,P019 (1970M 丑月),70,76,81
2026-02-02,P019 (1970M 丑月),60,66,71
2026-02-03,P019 (1970M 丑月),55,61,66
2026-02-04,P019 (1970M 丑月),53,59,64
2026-02-05,P019 (1970M 丑月),62,68,73
2026-02-06,P019 (1970M 丑月),67,73,78
2026-02-07,P019 (1970M 丑月),62,68,73
2026-02-08,P019 (1970M 丑月),64,70,75
2026-02-09,P019 (1970M 丑月),68,74,79
2026-02-10,P019 (1970M 丑月),58,64,69
2026-02-11,P019 (1970M 丑月),63,69,74
2026-02-12,P019 (1970M 丑月),52,58,63
2026-02-13,P019 (1970M 丑月),55,61,66
2026-02-14,P019 (1970M 丑月),53,59,64
2026-02-15,P019 (1970M 丑月),54,60,65
2026-02-16,P019 (1970M 丑月),57,63,68
2026-02-17,P019 (1970M 丑月),61,67,72
2026-02-18,P019 (1970M 丑月),61,67,72
2026-02-19,P019 (1970M 丑月),62,68,73
2026-02-20,P019 (1970M 丑月),62,68,73
2026-02-21,P019 (1970M 丑月),62,68,73
2026-02-22,P019 (1970M 丑月),59,65,70
2026-02-23,P019 (1970M 丑月),61,67,72
2026-02-24,P019 (1970M 丑月),58,64,69
2026-02-25,P019 (1970M 丑月),65,71,76
2026-02-26,P019 (1970M 丑月),55,61,66
2026-02-27,P019 (1970M 丑月),53,59,64
2026-02-28,P019 (1970M 丑月),54,60,65
2026-03-01,P019 (1970M 丑月),63,69,74
2026-03-02,P019 (1970M 丑月),60,66,71
2026-03-03,P019 (1970M 丑月),60,66,71
2026-03-04,P019 (1970M 丑月),66,72,77
2026-03-05,P019 (1970M 丑月),59,65,70
2026-03-06,P019 (1970M 丑月),57,63,68
2026-03-07,P019 (1970M 丑月),65,71,76
2026-03-08,P019 (1970M 丑月),54,60,65
2026-03-09,P019 (1970M 丑月),61,67,72
2026-03-10,P019 (1970M 丑月),53,59,64
2026-03-11,P019 (1970M 丑月),54,60,65
2026-03-12,P019 (1970M 丑月),53,59,64
2026-03-13,P019 (1970M 丑月),57,63,68
2026-03-14,P019 (1970M 丑月),63,69,74
2026-03-15,P019 (1970M 丑月),53,59,64
2026-03-16,P019 (1970M 丑月),61,67,72
2026-03-17,P019 (1970M 丑月),64,70,75
2026-03-18,P019 (1970M 丑月),62,68,73
2026-03-19,P019 (1970M 丑月),67,73,78
2026-03-20,P019 (1970M 丑月),52,58,63
2026-03-21,P019 (1970M 丑月),61,67,72
2026-03-22,P019 (1970M 丑月),52,58,63
2026-03-23,P019 (1970M 丑月),53,59,64
2026-03-24,P019 (1970M 丑月),52,58,63
2026-03-25,P019 (1970M 丑月),52,58,63
2026-03-26,P019 (1970M 丑月),63,69,74
2026-03-27,P019 (1970M 丑月),60,66,71
2026-03-28,P019 (1970M 丑月),67,73,78
2026-03-29,P019 (1970M 丑月),63,69,74
2026-03-30,P019 (1970M 丑月),58,64,69
2026-03-31,P019 (1970M 丑月),64,70,75
2026-04-01,P019 (1970M 丑月),51,57,62
2026-04-02,P019 (1970M 丑月),55,61,66
2026-04-03,P019 (1970M 丑月),50,56,61
2026-04-04,P019 (1970M 丑月),49,55,60
2026-04-05,P019 (1970M 丑月),59,65,70
2026-04-06,P019 (1970M 丑月),74,80,85
2026-04-07,P019 (1970M 丑月),78,84,89
2026-04-08,P019 (1970M 丑月),73,79,84
2026-04-09,P019 (1970M 丑月),70,76,81
2026-04-10,P019 (1970M 丑月),76,82,87
2026-04-11,P019 (1970M 丑月),63,69,74
2026-04-12,P019 (1970M 丑月),73,79,84
2026-04-13,P019 (1970M 丑月),63,69,74
2026-04-14,P019 (1970M 丑月),65,71,76
2026-04-15,P019 (1970M 丑月),61,67,72
2026-04-16,P019 (1970M 丑月),63,69,74
2026-04-17,P019 (1970M 丑月),62,68,73
2026-04-18,P019 (1970M 丑月),70,76,81
2026-04-19,P019 (1970M 丑月),67,73,78
2026-04-20,P019 (1970M 丑月),70,76,81
2026-04-21,P019 (1970M 丑月),65,71,76
2026-04-22,P019 (1970M 丑月),70,76,81
2026-04-23,P019 (1970M 丑月),64,70,75
2026-04-24,P019 (1970M 丑月),66,72,77
2026-04-25,P019 (1970M 丑月),64,70,75
2026-04-26,P019 (1970M 丑月),72,78,83
2026-04-27,P019 (1970M 丑月),60,66,71
2026-04-28,P019 (1970M 丑月),61,67,72
2026-04-29,P019 (1970M 丑月),56,62,67
2026-04-30,P019 (1970M 丑月),68,74,79
2026-05-01,P019 (1970M 丑月),63,69,74
2026-05-02,P019 (1970M 丑月),65,71,76
2026-05-03,P019 (1970M 丑月),70,76,81
2026-05-04,P019 (1970M 丑月),65,71,76
2026-05-05,P019 (1970M 丑月),63,69,74
2026-05-06,P019 (1970M 丑月),67,73,78
2026-05-07,P019 (1970M 丑月),55,61,66
2026-05-08,P019 (1970M 丑月),60,66,71
2026-05-09,P019 (1970M 丑月),49,55,60
2026-05-10,P019 (1970M 丑月),52,58,63
2026-05-11,P019 (1970M 丑月),50,56,61
2026-05-12,P019 (1970M 丑月),54,60,65
2026-05-13,P019 (1970M 丑月),64,70,75
2026-05-14,P019 (1970M 丑月),54,60,65
2026-05-15,P019 (1970M 丑月),60,66,71
2026-05-16,P019 (1970M 丑月),67,73,78
2026-05-17,P019 (1970M 丑月),61,67,72
2026-05-18,P019 (1970M 丑月),65,71,76
2026-05-19,P019 (1970M 丑月),49,55,60
2026-05-20,P019 (1970M 丑月),61,67,72
2026-05-21,P019 (1970M 丑月),50,56,61
2026-05-22,P019 (1970M 丑月),51,57,62
2026-05-23,P019 (1970M 丑月),53,59,64
2026-05-24,P019 (1970M 丑月),53,59,64
2026-05-25,P019 (1970M 丑月),64,70,75
2026-05-26,P019 (1970M 丑月),60,66,71
2026-05-27,P019 (1970M 丑月),66,72,77
2026-05-28,P019 (1970M 丑月),62,68,73
2026-05-29,P019 (1970M 丑月),55,61,66
2026-05-30,P019 (1970M 丑月),64,70,75
2026-05-31,P019 (1970M 丑月),47,53,58
2025-12-03,P020 (1971F 卯月),87,83,88
2025-12-04,P020 (1971F 卯月),86,82,87
2025-12-05,P020 (1971F 卯月),79,75,80
2025-12-06,P020 (1971F 卯月),83,79,84
2025-12-07,P020 (1971F 卯月),69,65,70
2025-12-08,P020 (1971F 卯月),82,78,83
2025-12-09,P020 (1971F 卯月),61,57,62
2025-12-10,P020 (1971F 卯月),62,58,63
2025-12-11,P020 (1971F 卯月),76,72,77
2025-12-12,P020 (1971F 卯月),63,59,64
2025-12-13,P020 (1971F 卯月),67,63,68
2025-12-14,P020 (1971F 卯月),66,62,67
2025-12-15,P020 (1971F 卯月),71,67,72
2025-12-16,P020 (1971F 卯月),76,72,77
2025-12-17,P020 (1971F 卯月),59,55,60
2025-12-18,P020 (1971F 卯月),69,65,70
2025-12-19,P020 (1971F 卯月),68,64,69
2025-12-20,P020 (1971F 卯月),79,75,80
2025-12-21,P020 (1971F 卯月),65,61,66
2025-12-22,P020 (1971F 卯月),59,55,60
2025-12-23,P020 (1971F 卯月),82,78,83
2025-12-24,P020 (1971F 卯月),72,68,73
2025-12-25,P020 (1971F 卯月),62,58,63
2025-12-26,P020 (1971F 卯月),64,60,65
2025-12-27,P020 (1971F 卯月),64,60,65
2025-12-28,P020 (1971F 卯月),74,70,75
2025-12-29,P020 (1971F 卯月),58,54,59
2025-12-30,P020 (1971F 卯月),57,53,58
2025-12-31,P020 (1971F 卯月),67,63,68
2026-01-01,P020 (1971F 卯月),67,63,68
2026-01-02,P020 (1971F 卯月),69,65,70
2026-01-03,P020 (1971F 卯月),64,60,65
2026-01-04,P020 (1971F 卯月),77,73,78
2026-01-05,P020 (1971F 卯月),76,72,77
2026-01-06,P020 (1971F 卯月),55,51,56
2026-01-07,P020 (1971F 卯月),65,61,66
2026-01-08,P020 (1971F 卯月),67,63,68
2026-01-09,P020 (1971F 卯月),71,67,72
2026-01-10,P020 (1971F 卯月),65,61,66
2026-01-11,P020 (1971F 卯月),63,59,64
2026-01-12,P020 (1971F 卯月),77,73,78
2026-01-13,P020 (1971F 卯月),81,77,82
2026-01-14,P020 (1971F 卯月),67,63,68
2026-01-15,P020 (1971F 卯月),71,67,72
2026-01-16,P020 (1971F 卯月),77,73,78
2026-01-17,P020 (1971F 卯月),76,72,77
2026-01-18,P020 (1971F 卯月),61,57,62
2026-01-19,P020 (1971F 卯月),70,66,71
2026-01-20,P020 (1971F 卯月),71,67,72
2026-01-21,P020 (1971F 卯月),66,62,67
2026-01-22,P020 (1971F 卯月),70,66,71
2026-01-23,P020 (1971F 卯月),70,66,71
2026-01-24,P020 (1971F 卯月),75,71,76
2026-01-25,P020 (1971F 卯月),85,81,86
2026-01-26,P020 (1971F 卯月),60,56,61
2026-01-27,P020 (1971F 卯月),69,65,70
2026-01-28,P020 (1971F 卯月),80,76,81
2026-01-29,P020 (1971F 卯月),75,71,76
2026-01-30,P020 (1971F 卯月),62,58,63
2026-01-31,P020 (1971F 卯月),65,61,66
2026-02-01,P020 (1971F 卯月),77,73,78
2026-02-02,P020 (1971F 卯月),74,70,75
2026-02-03,P020 (1971F 卯月),66,62,67
2026-02-04,P020 (1971F 卯月),81,77,82
2026-02-05,P020 (1971F 卯月),79,75,80
2026-02-06,P020 (1971F 卯月),80,76,81
2026-02-07,P020 (1971F 卯月),75,71,76
2026-02-08,P020 (1971F 卯月),79,75,80
2026-02-09,P020 (1971F 卯月),86,82,87
2026-02-10,P020 (1971F 卯月),77,73,78
2026-02-11,P020 (1971F 卯月),81,77,82
2026-02-12,P020 (1971F 卯月),79,75,80
2026-02-13,P020 (1971F 卯月),82,78,83
2026-02-14,P020 (1971F 卯月),82,78,83
2026-02-15,P020 (1971F 卯月),69,65,70
2026-02-16,P020 (1971F 卯月),77,73,78
2026-02-17,P020 (1971F 卯月),77,73,78
2026-02-18,P020 (1971F 卯月),80,76,81
2026-02-19,P020 (1971F 卯月),78,74,79
2026-02-20,P020 (1971F 卯月),69,65,70
2026-02-21,P020 (1971F 卯月),85,81,86
2026-02-22,P020 (1971F 卯月),80,76,81
2026-02-23,P020 (1971F 卯月),73,69,74
2026-02-24,P020 (1971F 卯月),75,71,76
2026-02-25,P020 (1971F 卯月),77,73,78
2026-02-26,P020 (1971F 卯月),81,77,82
2026-02-27,P020 (1971F 卯月),72,68,73
2026-02-28,P020 (1971F 卯月),74,70,75
2026-03-01,P020 (1971F 卯月),80,76,81
2026-03-02,P020 (1971F 卯月),78,74,79
2026-03-03,P020 (1971F 卯月),80,76,81
2026-03-04,P020 (1971F 卯月),77,73,78
2026-03-05,P020 (1971F 卯月),84,80,85
2026-03-06,P020 (1971F 卯月),80,76,81
2026-03-07,P020 (1971F 卯月),64,60,65
2026-03-08,P020 (1971F 卯月),70,66,71
2026-03-09,P020 (1971F 卯月),75,71,76
2026-03-10,P020 (1971F 卯月),79,75,80
2026-03-11,P020 (1971F 卯月),70,66,71
2026-03-12,P020 (1971F 卯月),64,60,65
2026-03-13,P020 (1971F 卯月),80,76,81
2026-03-14,P020 (1971F 卯月),79,75,80
2026-03-15,P020 (1971F 卯月),73,69,74
2026-03-16,P020 (1971F 卯月),75,71,76
2026-03-17,P020 (1971F 卯月),77,73,78
2026-03-18,P020 (1971F 卯月),78,74,79
2026-03-19,P020 (1971F 卯月),63,59,64
2026-03-20,P020 (1971F 卯月),69,65,70
2026-03-21,P020 (1971F 卯月),75,71,76
2026-03-22,P020 (1971F 卯月),69,65,70
2026-03-23,P020 (1971F 卯月),77,73,78
2026-03-24,P020 (1971F 卯月),72,68,73
2026-03-25,P020 (1971F 卯月),79,75,80
2026-03-26,P020 (1971F 卯月),79,75,80
2026-03-27,P020 (1971F 卯月),65,61,66
2026-03-28,P020 (1971F 卯月),76,72,77
2026-03-29,P020 (1971F 卯月),79,75,80
2026-03-30,P020 (1971F 卯月),76,72,77
2026-03-31,P020 (1971F 卯月),68,64,69
2026-04-01,P020 (1971F 卯月),68,64,69
2026-04-02,P020 (1971F 卯月),85,81,86
2026-04-03,P020 (1971F 卯月),82,78,83
2026-04-04,P020 (1971F 卯月),76,72,77
2026-04-05,P020 (1971F 卯月),62,58,63
2026-04-06,P020 (1971F 卯月),63,59,64
2026-04-07,P020 (1971F 卯月),78,74,79
2026-04-08,P020 (1971F 卯月),54,50,55
2026-04-09,P020 (1971F 卯月),58,54,59
2026-04-10,P020 (1971F 卯月),73,69,74
2026-04-11,P020 (1971F 卯月),61,57,62
2026-04-12,P020 (1971F 卯月),66,62,67
2026-04-13,P020 (1971F 卯月),61,57,62
2026-04-14,P020 (1971F 卯月),68,64,69
2026-04-15,P020 (1971F 卯月),74,70,75
2026-04-16,P020 (1971F 卯月),59,55,60
2026-04-17,P020 (1971F 卯月),63,59,64
2026-04-18,P020 (1971F 卯月),67,63,68
2026-04-19,P020 (1971F 卯月),79,75,80
2026-04-20,P020 (1971F 卯月),64,60,65
2026-04-21,P020 (1971F 卯月),56,52,57
2026-04-22,P020 (1971F 卯月),79,75,80
2026-04-23,P020 (1971F 卯月),71,67,72
2026-04-24,P020 (1971F 卯月),62,58,63
2026-04-25,P020 (1971F 卯月),62,58,63
2026-04-26,P020 (1971F 卯月),62,58,63
2026-04-27,P020 (1971F 卯月),73,69,74
2026-04-28,P020 (1971F 卯月),60,56,61
2026-04-29,P020 (1971F 卯月),60,56,61
2026-04-30,P020 (1971F 卯月),69,65,70
2026-05-01,P020 (1971F 卯月),69,65,70
2026-05-02,P020 (1971F 卯月),64,60,65
2026-05-03,P020 (1971F 卯月),60,56,61
2026-05-04,P020 (1971F 卯月),75,71,76
2026-05-05,P020 (1971F 卯月),72,68,73
2026-05-06,P020 (1971F 卯月),57,53,58
2026-05-07,P020 (1971F 卯月),69,65,70
2026-05-08,P020 (1971F 卯月),66,62,67
2026-05-09,P020 (1971F 卯月),69,65,70
2026-05-10,P020 (1971F 卯月),59,55,60
2026-05-11,P020 (1971F 卯月),63,59,64
2026-05-12,P020 (1971F 卯月),73,69,74
2026-05-13,P020 (1971F 卯月),78,74,79
2026-05-14,P020 (1971F 卯月),60,56,61
2026-05-15,P020 (1971F 卯月),62,58,63
2026-05-16,P020 (1971F 卯月),75,71,76
2026-05-17,P020 (1971F 卯月),67,63,68
2026-05-18,P020 (1971F 卯月),56,52,57
2026-05-19,P020 (1971F 卯月),69,65,70
2026-05-20,P020 (1971F 卯月),62,58,63
2026-05-21,P020 (1971F 卯月),65,61,66
2026-05-22,P020 (1971F 卯月),63,59,64
2026-05-23,P020 (1971F 卯月),68,64,69
2026-05-24,P020 (1971F 卯月),66,62,67
2026-05-25,P020 (1971F 卯月),76,72,77
2026-05-26,P020 (1971F 卯月),56,52,57
2026-05-27,P020 (1971F 卯月),61,57,62
2026-05-28,P020 (1971F 卯月),79,75,80
2026-05-29,P020 (1971F 卯月),65,61,66
2026-05-30,P020 (1971F 卯月),55,51,56
2026-05-31,P020 (1971F 卯月),65,61,66
2025-12-03,P021 (1972M 巳月),55,61,66
2025-12-04,P021 (1972M 巳月),60,66,71
2025-12-05,P021 (1972M 巳月),63,69,74
2025-12-06,P021 (1972M 巳月),67,73,78
2025-12-07,P021 (1972M 巳月),52,58,63
2025-12-08,P021 (1972M 巳月),53,59,64
2025-12-09,P021 (1972M 巳月),56,62,67
2025-12-10,P021 (1972M 巳月),51,57,62
2025-12-11,P021 (1972M 巳月),49,55,60
2025-12-12,P021 (1972M 巳月),54,60,65
2025-12-13,P021 (1972M 巳月),57,63,68
2025-12-14,P021 (1972M 巳月),68,74,79
2025-12-15,P021 (1972M 巳月),54,60,65
2025-12-16,P021 (1972M 巳月),57,63,68
2025-12-17,P021 (1972M 巳月),62,68,73
2025-12-18,P021 (1972M 巳月),59,65,70
2025-12-19,P021 (1972M 巳月),52,58,63
2025-12-20,P021 (1972M 巳月),50,56,61
2025-12-21,P021 (1972M 巳月),51,57,62
2025-12-22,P021 (1972M 巳月),50,56,61
2025-12-23,P021 (1972M 巳月),48,54,59
2025-12-24,P021 (1972M 巳月),53,59,64
2025-12-25,P021 (1972M 巳月),57,63,68
2025-12-26,P021 (1972M 巳月),70,76,81
2025-12-27,P021 (1972M 巳月),56,62,67
2025-12-28,P021 (1972M 巳月),55,61,66
2025-12-29,P021 (1972M 巳月),66,72,77
2025-12-30,P021 (1972M 巳月),62,68,73
2025-12-31,P021 (1972M 巳月),49,55,60
2026-01-01,P021 (1972M 巳月),51,57,62
2026-01-02,P021 (1972M 巳月),49,55,60
2026-01-03,P021 (1972M 巳月),50,56,61
2026-01-04,P021 (1972M 巳月),48,54,59
2026-01-05,P021 (1972M 巳月),53,59,64
2026-01-06,P021 (1972M 巳月),58,64,69
2026-01-07,P021 (1972M 巳月),61,67,72
2026-01-08,P021 (1972M 巳月),53,59,64
2026-01-09,P021 (1972M 巳月),51,57,62
2026-01-10,P021 (1972M 巳月),53,59,64
2026-01-11,P021 (1972M 巳月),62,68,73
2026-01-12,P021 (1972M 巳月),47,53,58
2026-01-13,P021 (1972M 巳月),50,56,61
2026-01-14,P021 (1972M 巳月),50,56,61
2026-01-15,P021 (1972M 巳月),54,60,65
2026-01-16,P021 (1972M 巳月),52,58,63
2026-01-17,P021 (1972M 巳月),57,63,68
2026-01-18,P021 (1972M 巳月),60,66,71
2026-01-19,P021 (1972M 巳月),66,72,77
2026-01-20,P021 (1972M 巳月),59,65,70
2026-01-21,P021 (1972M 巳月),63,69,74
2026-01-22,P021 (1972M 巳月),61,67,72
2026-01-23,P021 (1972M 巳月),69,75,80
2026-01-24,P021 (1972M 巳月),53,59,64
2026-01-25,P021 (1972M 巳月),61,67,72
2026-01-26,P021 (1972M 巳月),61,67,72
2026-01-27,P021 (1972M 巳月),59,65,70
2026-01-28,P021 (1972M 巳月),55,61,66
2026-01-29,P021 (1972M 巳月),58,64,69
2026-01-30,P021 (1972M 巳月),60,66,71
2026-01-31,P021 (1972M 巳月),71,77,82
2026-02-01,P021 (1972M 巳月),57,63,68
2026-02-02,P021 (1972M 巳月),59,65,70
2026-02-03,P021 (1972M 巳月),60,66,71
2026-02-04,P021 (1972M 巳月),61,67,72
2026-02-05,P021 (1972M 巳月),51,57,62
2026-02-06,P021 (1972M 巳月),49,55,60
2026-02-07,P021 (1972M 巳月),52,58,63
2026-02-08,P021 (1972M 巳月),49,55,60
2026-02-09,P021 (1972M 巳月),47,53,58
2026-02-10,P021 (1972M 巳月),50,56,61
2026-02-11,P021 (1972M 巳月),49,55,60
2026-02-12,P021 (1972M 巳月),61,67,72
2026-02-13,P021 (1972M 巳月),48,54,59
2026-02-14,P021 (1972M 巳月),50,56,61
2026-02-15,P021 (1972M 巳月),59,65,70
2026-02-16,P021 (1972M 巳月),56,62,67
2026-02-17,P021 (1972M 巳月),50,56,61
2026-02-18,P021 (1972M 巳月),48,54,59
2026-02-19,P021 (1972M 巳月),50,56,61
2026-02-20,P021 (1972M 巳月),49,55,60
2026-02-21,P021 (1972M 巳月),48,54,59
2026-02-22,P021 (1972M 巳月),48,54,59
2026-02-23,P021 (1972M 巳月),50,56,61
2026-02-24,P021 (1972M 巳月),60,66,71
2026-02-25,P021 (1972M 巳月),52,58,63
2026-02-26,P021 (1972M 巳月),50,56,61
2026-02-27,P021 (1972M 巳月),57,63,68
2026-02-28,P021 (1972M 巳月),55,61,66
2026-03-01,P021 (1972M 巳月),49,55,60
2026-03-02,P021 (1972M 巳月),49,55,60
2026-03-03,P021 (1972M 巳月),48,54,59
2026-03-04,P021 (1972M 巳月),49,55,60
2026-03-05,P021 (1972M 巳月),49,55,60
2026-03-06,P021 (1972M 巳月),59,65,70
2026-03-07,P021 (1972M 巳月),61,67,72
2026-03-08,P021 (1972M 巳月),65,71,76
2026-03-09,P021 (1972M 巳月),57,63,68
2026-03-10,P021 (1972M 巳月),55,61,66
2026-03-11,P021 (1972M 巳月),59,65,70
2026-03-12,P021 (1972M 巳月),61,67,72
2026-03-13,P021 (1972M 巳月),50,56,61
2026-03-14,P021 (1972M 巳月),56,62,67
2026-03-15,P021 (1972M 巳月),54,60,65
2026-03-16,P021 (1972M 巳月),58,64,69
2026-03-17,P021 (1972M 巳月),51,57,62
2026-03-18,P021 (1972M 巳月),57,63,68
2026-03-19,P021 (1972M 巳月),60,66,71
2026-03-20,P021 (1972M 巳月),66,72,77
2026-03-21,P021 (1972M 巳月),58,64,69
2026-03-22,P021 (1972M 巳月),56,62,67
2026-03-23,P021 (1972M 巳月),60,66,71
2026-03-24,P021 (1972M 巳月),67,73,78
2026-03-25,P021 (1972M 巳月),53,59,64
2026-03-26,P021 (1972M 巳月),59,65,70
2026-03-27,P021 (1972M 巳月),56,62,67
2026-03-28,P021 (1972M 巳月),56,62,67
2026-03-29,P021 (1972M 巳月),52,58,63
2026-03-30,P021 (1972M 巳月),54,60,65
2026-03-31,P021 (1972M 巳月),58,64,69
2026-04-01,P021 (1972M 巳月),65,71,76
2026-04-02,P021 (1972M 巳月),52,58,63
2026-04-03,P021 (1972M 巳月),55,61,66
2026-04-04,P021 (1972M 巳月),59,65,70
2026-04-05,P021 (1972M 巳月),82,88,93
2026-04-06,P021 (1972M 巳月),71,77,82
2026-04-07,P021 (1972M 巳月),65,71,76
2026-04-08,P021 (1972M 巳月),72,78,83
2026-04-09,P021 (1972M 巳月),63,69,74
2026-04-10,P021 (1972M 巳月),58,64,69
2026-04-11,P021 (1972M 巳月),67,73,78
2026-04-12,P021 (1972M 巳月),63,69,74
2026-04-13,P021 (1972M 巳月),81,87,92
2026-04-14,P021 (1972M 巳月),64,70,75
2026-04-15,P021 (1972M 巳月),73,79,84
2026-04-16,P021 (1972M 巳月),80,86,91
2026-04-17,P021 (1972M 巳月),77,83,88
2026-04-18,P021 (1972M 巳月),70,76,81
2026-04-19,P021 (1972M 巳月),64,70,75
2026-04-20,P021 (1972M 巳月),64,70,75
2026-04-21,P021 (1972M 巳月),65,71,76
2026-04-22,P021 (1972M 巳月),54,60,65
2026-04-23,P021 (1972M 巳月),67,73,78
2026-04-24,P021 (1972M 巳月),72,78,83
2026-04-25,P021 (1972M 巳月),85,91,96
2026-04-26,P021 (1972M 巳月),72,78,83
2026-04-27,P021 (1972M 巳月),70,76,81
2026-04-28,P021 (1972M 巳月),81,87,92
2026-04-29,P021 (1972M 巳月),79,85,90
2026-04-30,P021 (1972M 巳月),63,69,74
2026-05-01,P021 (1972M 巳月),69,75,80
2026-05-02,P021 (1972M 巳月),59,65,70
2026-05-03,P021 (1972M 巳月),66,72,77
2026-05-04,P021 (1972M 巳月),64,70,75
2026-05-05,P021 (1972M 巳月),69,75,80
2026-05-06,P021 (1972M 巳月),73,79,84
2026-05-07,P021 (1972M 巳月),77,83,88
2026-05-08,P021 (1972M 巳月),68,74,79
2026-05-09,P021 (1972M 巳月),63,69,74
2026-05-10,P021 (1972M 巳月),69,75,80
2026-05-11,P021 (1972M 巳月),74,80,85
2026-05-12,P021 (1972M 巳月),58,64,69
2026-05-13,P021 (1972M 巳月),65,71,76
2026-05-14,P021 (1972M 巳月),65,71,76
2026-05-15,P021 (1972M 巳月),69,75,80
2026-05-16,P021 (1972M 巳月),64,70,75
2026-05-17,P021 (1972M 巳月),69,75,80
2026-05-18,P021 (1972M 巳月),73,79,84
2026-05-19,P021 (1972M 巳月),74,80,85
2026-05-20,P021 (1972M 巳月),65,71,76
2026-05-21,P021 (1972M 巳月),66,72,77
2026-05-22,P021 (1972M 巳月),65,71,76
2026-05-23,P021 (1972M 巳月),76,82,87
2026-05-24,P021 (1972M 巳月),60,66,71
2026-05-25,P021 (1972M 巳月),68,74,79
2026-05-26,P021 (1972M 巳月),67,73,78
2026-05-27,P021 (1972M 巳月),64,70,75
2026-05-28,P021 (1972M 巳月),59,65,70
2026-05-29,P021 (1972M 巳月),65,71,76
2026-05-30,P021 (1972M 巳月),68,74,79
2026-05-31,P021 (1972M 巳月),76,82,87
2025-12-03,P022 (1973F 未月),49,55,60
2025-12-04,P022 (1973F 未月),47,53,58
2025-12-05,P022 (1973F 未月),49,55,60
2025-12-06,P022 (1973F 未月),56,62,67
2025-12-07,P022 (1973F 未月),48,54,59
2025-12-08,P022 (1973F 未月),50,56,61
2025-12-09,P022 (1973F 未月),69,75,80
2025-12-10,P022 (1973F 未月),57,63,68
2025-12-11,P022 (1973F 未月),52,58,63
2025-12-12,P022 (1973F 未月),67,73,78
2025-12-13,P022 (1973F 未月),71,77,82
2025-12-14,P022 (1973F 未月),72,78,83
2025-12-15,P022 (1973F 未月),67,73,78
2025-12-16,P022 (1973F 未月),51,57,62
2025-12-17,P022 (1973F 未月),73,79,84
2025-12-18,P022 (1973F 未月),75,81,86
2025-12-19,P022 (1973F 未月),47,53,58
2025-12-20,P022 (1973F 未月),51,57,62
2025-12-21,P022 (1973F 未月),69,75,80
2025-12-22,P022 (1973F 未月),52,58,63
2025-12-23,P022 (1973F 未月),53,59,64
2025-12-24,P022 (1973F 未月),62,68,73
2025-12-25,P022 (1973F 未月),66,72,77
2025-12-26,P022 (1973F 未月),62,68,73
2025-12-27,P022 (1973F 未月),70,76,81
2025-12-28,P022 (1973F 未月),53,59,64
2025-12-29,P022 (1973F 未月),66,72,77
2025-12-30,P022 (1973F 未月),73,79,84
2025-12-31,P022 (1973F 未月),46,52,57
2026-01-01,P022 (1973F 未月),50,56,61
2026-01-02,P022 (1973F 未月),67,73,78
2026-01-03,P022 (1973F 未月),49,55,60
2026-01-04,P022 (1973F 未月),48,54,59
2026-01-05,P022 (1973F 未月),50,56,61
2026-01-06,P022 (1973F 未月),54,60,65
2026-01-07,P022 (1973F 未月),54,60,65
2026-01-08,P022 (1973F 未月),47,53,58
2026-01-09,P022 (1973F 未月),45,51,56
2026-01-10,P022 (1973F 未月),46,52,57
2026-01-11,P022 (1973F 未月),55,61,66
2026-01-12,P022 (1973F 未月),46,52,57
2026-01-13,P022 (1973F 未月),47,53,58
2026-01-14,P022 (1973F 未月),48,54,59
2026-01-15,P022 (1973F 未月),46,52,57
2026-01-16,P022 (1973F 未月),46,52,57
2026-01-17,P022 (1973F 未月),47,53,58
2026-01-18,P022 (1973F 未月),48,54,59
2026-01-19,P022 (1973F 未月),59,65,70
2026-01-20,P022 (1973F 未月),51,57,62
2026-01-21,P022 (1973F 未月),51,57,62
2026-01-22,P022 (1973F 未月),54,60,65
2026-01-23,P022 (1973F 未月),64,70,75
2026-01-24,P022 (1973F 未月),48,54,59
2026-01-25,P022 (1973F 未月),48,54,59
2026-01-26,P022 (1973F 未月),62,68,73
2026-01-27,P022 (1973F 未月),52,58,63
2026-01-28,P022 (1973F 未月),49,55,60
2026-01-29,P022 (1973F 未月),54,60,65
2026-01-30,P022 (1973F 未月),55,61,66
2026-01-31,P022 (1973F 未月),65,71,76
2026-02-01,P022 (1973F 未月),55,61,66
2026-02-02,P022 (1973F 未月),51,57,62
2026-02-03,P022 (1973F 未月),54,60,65
2026-02-04,P022 (1973F 未月),56,62,67
2026-02-05,P022 (1973F 未月),49,55,60
2026-02-06,P022 (1973F 未月),50,56,61
2026-02-07,P022 (1973F 未月),57,63,68
2026-02-08,P022 (1973F 未月),48,54,59
2026-02-09,P022 (1973F 未月),48,54,59
2026-02-10,P022 (1973F 未月),54,60,65
2026-02-11,P022 (1973F 未月),57,63,68
2026-02-12,P022 (1973F 未月),60,66,71
2026-02-13,P022 (1973F 未月),53,59,64
2026-02-14,P022 (1973F 未月),49,55,60
2026-02-15,P022 (1973F 未月),58,64,69
2026-02-16,P022 (1973F 未月),61,67,72
2026-02-17,P022 (1973F 未月),49,55,60
2026-02-18,P022 (1973F 未月),49,55,60
2026-02-19,P022 (1973F 未月),55,61,66
2026-02-20,P022 (1973F 未月),49,55,60
2026-02-21,P022 (1973F 未月),47,53,58
2026-02-22,P022 (1973F 未月),52,58,63
2026-02-23,P022 (1973F 未月),57,63,68
2026-02-24,P022 (1973F 未月),53,59,64
2026-02-25,P022 (1973F 未月),59,65,70
2026-02-26,P022 (1973F 未月),49,55,60
2026-02-27,P022 (1973F 未月),54,60,65
2026-02-28,P022 (1973F 未月),62,68,73
2026-03-01,P022 (1973F 未月),49,55,60
2026-03-02,P022 (1973F 未月),49,55,60
2026-03-03,P022 (1973F 未月),60,66,71
2026-03-04,P022 (1973F 未月),49,55,60
2026-03-05,P022 (1973F 未月),48,54,59
2026-03-06,P022 (1973F 未月),49,55,60
2026-03-07,P022 (1973F 未月),64,70,75
2026-03-08,P022 (1973F 未月),62,68,73
2026-03-09,P022 (1973F 未月),55,61,66
2026-03-10,P022 (1973F 未月),51,57,62
2026-03-11,P022 (1973F 未月),57,63,68
2026-03-12,P022 (1973F 未月),68,74,79
2026-03-13,P022 (1973F 未月),49,55,60
2026-03-14,P022 (1973F 未月),49,55,60
2026-03-15,P022 (1973F 未月),62,68,73
2026-03-16,P022 (1973F 未月),48,54,59
2026-03-17,P022 (1973F 未月),48,54,59
2026-03-18,P022 (1973F 未月),51,57,62
2026-03-19,P022 (1973F 未月),54,60,65
2026-03-20,P022 (1973F 未月),60,66,71
2026-03-21,P022 (1973F 未月),52,58,63
2026-03-22,P022 (1973F 未月),50,56,61
2026-03-23,P022 (1973F 未月),57,63,68
2026-03-24,P022 (1973F 未月),62,68,73
2026-03-25,P022 (1973F 未月),48,54,59
2026-03-26,P022 (1973F 未月),49,55,60
2026-03-27,P022 (1973F 未月),69,75,80
2026-03-28,P022 (1973F 未月),53,59,64
2026-03-29,P022 (1973F 未月),50,56,61
2026-03-30,P022 (1973F 未月),57,63,68
2026-03-31,P022 (1973F 未月),59,65,70
2026-04-01,P022 (1973F 未月),67,73,78
2026-04-02,P022 (1973F 未月),59,65,70
2026-04-03,P022 (1973F 未月),50,56,61
2026-04-04,P022 (1973F 未月),59,65,70
2026-04-05,P022 (1973F 未月),67,73,78
2026-04-06,P022 (1973F 未月),55,61,66
2026-04-07,P022 (1973F 未月),55,61,66
2026-04-08,P022 (1973F 未月),76,82,87
2026-04-09,P022 (1973F 未月),60,66,71
2026-04-10,P022 (1973F 未月),53,59,64
2026-04-11,P022 (1973F 未月),70,76,81
2026-04-12,P022 (1973F 未月),72,78,83
2026-04-13,P022 (1973F 未月),75,81,86
2026-04-14,P022 (1973F 未月),68,74,79
2026-04-15,P022 (1973F 未月),54,60,65
2026-04-16,P022 (1973F 未月),77,83,88
2026-04-17,P022 (1973F 未月),79,85,90
2026-04-18,P022 (1973F 未月),49,55,60
2026-04-19,P022 (1973F 未月),57,63,68
2026-04-20,P022 (1973F 未月),73,79,84
2026-04-21,P022 (1973F 未月),62,68,73
2026-04-22,P022 (1973F 未月),57,63,68
2026-04-23,P022 (1973F 未月),63,69,74
2026-04-24,P022 (1973F 未月),69,75,80
2026-04-25,P022 (1973F 未月),65,71,76
2026-04-26,P022 (1973F 未月),74,80,85
2026-04-27,P022 (1973F 未月),55,61,66
2026-04-28,P022 (1973F 未月),67,73,78
2026-04-29,P022 (1973F 未月),76,82,87
2026-04-30,P022 (1973F 未月),46,52,57
2026-05-01,P022 (1973F 未月),57,63,68
2026-05-02,P022 (1973F 未月),74,80,85
2026-05-03,P022 (1973F 未月),56,62,67
2026-05-04,P022 (1973F 未月),55,61,66
2026-05-05,P022 (1973F 未月),57,63,68
2026-05-06,P022 (1973F 未月),75,81,86
2026-05-07,P022 (1973F 未月),74,80,85
2026-05-08,P022 (1973F 未月),67,73,78
2026-05-09,P022 (1973F 未月),58,64,69
2026-05-10,P022 (1973F 未月),68,74,79
2026-05-11,P022 (1973F 未月),77,83,88
2026-05-12,P022 (1973F 未月),51,57,62
2026-05-13,P022 (1973F 未月),53,59,64
2026-05-14,P022 (1973F 未月),75,81,86
2026-05-15,P022 (1973F 未月),54,60,65
2026-05-16,P022 (1973F 未月),62,68,73
2026-05-17,P022 (1973F 未月),67,73,78
2026-05-18,P022 (1973F 未月),72,78,83
2026-05-19,P022 (1973F 未月),76,82,87
2026-05-20,P022 (1973F 未月),64,70,75
2026-05-21,P022 (1973F 未月),58,64,69
2026-05-22,P022 (1973F 未月),68,74,79
2026-05-23,P022 (1973F 未月),74,80,85
2026-05-24,P022 (1973F 未月),49,55,60
2026-05-25,P022 (1973F 未月),49,55,60
2026-05-26,P022 (1973F 未月),81,87,92
2026-05-27,P022 (1973F 未月),57,63,68
2026-05-28,P022 (1973F 未月),55,61,66
2026-05-29,P022 (1973F 未月),66,72,77
2026-05-30,P022 (1973F 未月),68,74,79
2026-05-31,P022 (1973F 未月),77,83,88
2025-12-03,P023 (1974M 申月),51,57,62
2025-12-04,P023 (1974M 申月),46,52,57
2025-12-05,P023 (1974M 申月),47,53,58
2025-12-06,P023 (1974M 申月),61,67,72
2025-12-07,P023 (1974M 申月),56,62,67
2025-12-08,P023 (1974M 申月),55,61,66
2025-12-09,P023 (1974M 申月),66,72,77
2025-12-10,P023 (1974M 申月),68,74,79
2025-12-11,P023 (1974M 申月),52,58,63
2025-12-12,P023 (1974M 申月),59,65,70
2025-12-13,P023 (1974M 申月),63,69,74
2025-12-14,P023 (1974M 申月),65,71,76
2025-12-15,P023 (1974M 申月),54,60,65
2025-12-16,P023 (1974M 申月),58,64,69
2025-12-17,P023 (1974M 申月),57,63,68
2025-12-18,P023 (1974M 申月),66,72,77
2025-12-19,P023 (1974M 申月),57,63,68
2025-12-20,P023 (1974M 申月),60,66,71
2025-12-21,P023 (1974M 申月),80,86,91
2025-12-22,P023 (1974M 申月),75,81,86
2025-12-23,P023 (1974M 申月),51,57,62
2025-12-24,P023 (1974M 申月),57,63,68
2025-12-25,P023 (1974M 申月),57,63,68
2025-12-26,P023 (1974M 申月),67,73,78
2025-12-27,P023 (1974M 申月),51,57,62
2025-12-28,P023 (1974M 申月),58,64,69
2025-12-29,P023 (1974M 申月),52,58,63
2025-12-30,P023 (1974M 申月),59,65,70
2025-12-31,P023 (1974M 申月),62,68,73
2026-01-01,P023 (1974M 申月),62,68,73
2026-01-02,P023 (1974M 申月),72,78,83
2026-01-03,P023 (1974M 申月),72,78,83
2026-01-04,P023 (1974M 申月),52,58,63
2026-01-05,P023 (1974M 申月),59,65,70
2026-01-06,P023 (1974M 申月),60,66,71
2026-01-07,P023 (1974M 申月),66,72,77
2026-01-08,P023 (1974M 申月),51,57,62
2026-01-09,P023 (1974M 申月),50,56,61
2026-01-10,P023 (1974M 申月),53,59,64
2026-01-11,P023 (1974M 申月),68,74,79
2026-01-12,P023 (1974M 申月),58,64,69
2026-01-13,P023 (1974M 申月),59,65,70
2026-01-14,P023 (1974M 申月),62,68,73
2026-01-15,P023 (1974M 申月),68,74,79
2026-01-16,P023 (1974M 申月),47,53,58
2026-01-17,P023 (1974M 申月),49,55,60
2026-01-18,P023 (1974M 申月),51,57,62
2026-01-19,P023 (1974M 申月),56,62,67
2026-01-20,P023 (1974M 申月),55,61,66
2026-01-21,P023 (1974M 申月),51,57,62
2026-01-22,P023 (1974M 申月),48,54,59
2026-01-23,P023 (1974M 申月),63,69,74
2026-01-24,P023 (1974M 申月),57,63,68
2026-01-25,P023 (1974M 申月),61,67,72
2026-01-26,P023 (1974M 申月),67,73,78
2026-01-27,P023 (1974M 申月),68,74,79
2026-01-28,P023 (1974M 申月),47,53,58
2026-01-29,P023 (1974M 申月),52,58,63
2026-01-30,P023 (1974M 申月),66,72,77
2026-01-31,P023 (1974M 申月),71,77,82
2026-02-01,P023 (1974M 申月),56,62,67
2026-02-02,P023 (1974M 申月),54,60,65
2026-02-03,P023 (1974M 申月),56,62,67
2026-02-04,P023 (1974M 申月),53,59,64
2026-02-05,P023 (1974M 申月),50,56,61
2026-02-06,P023 (1974M 申月),50,56,61
2026-02-07,P023 (1974M 申月),58,64,69
2026-02-08,P023 (1974M 申月),62,68,73
2026-02-09,P023 (1974M 申月),49,55,60
2026-02-10,P023 (1974M 申月),47,53,58
2026-02-11,P023 (1974M 申月),52,58,63
2026-02-12,P023 (1974M 申月),51,57,62
2026-02-13,P023 (1974M 申月),50,56,61
2026-02-14,P023 (1974M 申月),51,57,62
2026-02-15,P023 (1974M 申月),50,56,61
2026-02-16,P023 (1974M 申月),54,60,65
2026-02-17,P023 (1974M 申月),50,56,61
2026-02-18,P023 (1974M 申月),49,55,60
2026-02-19,P023 (1974M 申月),64,70,75
2026-02-20,P023 (1974M 申月),64,70,75
2026-02-21,P023 (1974M 申月),50,56,61
2026-02-22,P023 (1974M 申月),49,55,60
2026-02-23,P023 (1974M 申月),55,61,66
2026-02-24,P023 (1974M 申月),55,61,66
2026-02-25,P023 (1974M 申月),48,54,59
2026-02-26,P023 (1974M 申月),53,59,64
2026-02-27,P023 (1974M 申月),49,55,60
2026-02-28,P023 (1974M 申月),54,60,65
2026-03-01,P023 (1974M 申月),50,56,61
2026-03-02,P023 (1974M 申月),52,58,63
2026-03-03,P023 (1974M 申月),62,68,73
2026-03-04,P023 (1974M 申月),61,67,72
2026-03-05,P023 (1974M 申月),50,56,61
2026-03-06,P023 (1974M 申月),51,57,62
2026-03-07,P023 (1974M 申月),52,58,63
2026-03-08,P023 (1974M 申月),57,63,68
2026-03-09,P023 (1974M 申月),50,56,61
2026-03-10,P023 (1974M 申月),52,58,63
2026-03-11,P023 (1974M 申月),51,57,62
2026-03-12,P023 (1974M 申月),62,68,73
2026-03-13,P023 (1974M 申月),51,57,62
2026-03-14,P023 (1974M 申月),51,57,62
2026-03-15,P023 (1974M 申月),60,66,71
2026-03-16,P023 (1974M 申月),63,69,74
2026-03-17,P023 (1974M 申月),47,53,58
2026-03-18,P023 (1974M 申月),50,56,61
2026-03-19,P023 (1974M 申月),49,55,60
2026-03-20,P023 (1974M 申月),53,59,64
2026-03-21,P023 (1974M 申月),50,56,61
2026-03-22,P023 (1974M 申月),49,55,60
2026-03-23,P023 (1974M 申月),48,54,59
2026-03-24,P023 (1974M 申月),57,63,68
2026-03-25,P023 (1974M 申月),51,57,62
2026-03-26,P023 (1974M 申月),54,60,65
2026-03-27,P023 (1974M 申月),59,65,70
2026-03-28,P023 (1974M 申月),64,70,75
2026-03-29,P023 (1974M 申月),49,55,60
2026-03-30,P023 (1974M 申月),52,58,63
2026-03-31,P023 (1974M 申月),61,67,72
2026-04-01,P023 (1974M 申月),65,71,76
2026-04-02,P023 (1974M 申月),51,57,62
2026-04-03,P023 (1974M 申月),50,56,61
2026-04-04,P023 (1974M 申月),50,56,61
2026-04-05,P023 (1974M 申月),60,66,71
2026-04-06,P023 (1974M 申月),55,61,66
2026-04-07,P023 (1974M 申月),55,61,66
2026-04-08,P023 (1974M 申月),66,72,77
2026-04-09,P023 (1974M 申月),67,73,78
2026-04-10,P023 (1974M 申月),52,58,63
2026-04-11,P023 (1974M 申月),56,62,67
2026-04-12,P023 (1974M 申月),60,66,71
2026-04-13,P023 (1974M 申月),63,69,74
2026-04-14,P023 (1974M 申月),51,57,62
2026-04-15,P023 (1974M 申月),54,60,65
2026-04-16,P023 (1974M 申月),55,61,66
2026-04-17,P023 (1974M 申月),59,65,70
2026-04-18,P023 (1974M 申月),53,59,64
2026-04-19,P023 (1974M 申月),56,62,67
2026-04-20,P023 (1974M 申月),72,78,83
2026-04-21,P023 (1974M 申月),74,80,85
2026-04-22,P023 (1974M 申月),54,60,65
2026-04-23,P023 (1974M 申月),52,58,63
2026-04-24,P023 (1974M 申月),58,64,69
2026-04-25,P023 (1974M 申月),60,66,71
2026-04-26,P023 (1974M 申月),51,57,62
2026-04-27,P023 (1974M 申月),54,60,65
2026-04-28,P023 (1974M 申月),49,55,60
2026-04-29,P023 (1974M 申月),59,65,70
2026-04-30,P023 (1974M 申月),57,63,68
2026-05-01,P023 (1974M 申月),59,65,70
2026-05-02,P023 (1974M 申月),69,75,80
2026-05-03,P023 (1974M 申月),67,73,78
2026-05-04,P023 (1974M 申月),52,58,63
2026-05-05,P023 (1974M 申月),52,58,63
2026-05-06,P023 (1974M 申月),61,67,72
2026-05-07,P023 (1974M 申月),67,73,78
2026-05-08,P023 (1974M 申月),50,56,61
2026-05-09,P023 (1974M 申月),54,60,65
2026-05-10,P023 (1974M 申月),59,65,70
2026-05-11,P023 (1974M 申月),73,79,84
2026-05-12,P023 (1974M 申月),62,68,73
2026-05-13,P023 (1974M 申月),65,71,76
2026-05-14,P023 (1974M 申月),68,74,79
2026-05-15,P023 (1974M 申月),72,78,83
2026-05-16,P023 (1974M 申月),51,57,62
2026-05-17,P023 (1974M 申月),52,58,63
2026-05-18,P023 (1974M 申月),55,61,66
2026-05-19,P023 (1974M 申月),62,68,73
2026-05-20,P023 (1974M 申月),59,65,70
2026-05-21,P023 (1974M 申月),53,59,64
2026-05-22,P023 (1974M 申月),52,58,63
2026-05-23,P023 (1974M 申月),67,73,78
2026-05-24,P023 (1974M 申月),51,57,62
2026-05-25,P023 (1974M 申月),58,64,69
2026-05-26,P023 (1974M 申月),68,74,79
2026-05-27,P023 (1974M 申月),68,74,79
2026-05-28,P023 (1974M 申月),48,54,59
2026-05-29,P023 (1974M 申月),54,60,65
2026-05-30,P023 (1974M 申月),64,70,75
2026-05-31,P023 (1974M 申月),73,79,84
2025-12-03,P024 (1975F 亥月),66,72,77
2025-12-04,P024 (1975F 亥月),83,89,94
2025-12-05,P024 (1975F 亥月),70,76,81
2025-12-06,P024 (1975F 亥月),66,72,77
2025-12-07,P024 (1975F 亥月),62,68,73
2025-12-08,P024 (1975F 亥月),56,62,67
2025-12-09,P024 (1975F 亥月),60,66,71
2025-12-10,P024 (1975F 亥月),61,67,72
2025-12-11,P024 (1975F 亥月),52,58,63
2025-12-12,P024 (1975F 亥月),50,56,61
2025-12-13,P024 (1975F 亥月),58,64,69
2025-12-14,P024 (1975F 亥月),52,58,63
2025-12-15,P024 (1975F 亥月),57,63,68
2025-12-16,P024 (1975F 亥月),65,71,76
2025-12-17,P024 (1975F 亥月),56,62,67
2025-12-18,P024 (1975F 亥月),52,58,63
2025-12-19,P024 (1975F 亥月),68,74,79
2025-12-20,P024 (1975F 亥月),61,67,72
2025-12-21,P024 (1975F 亥月),55,61,66
2025-12-22,P024 (1975F 亥月),65,71,76
2025-12-23,P024 (1975F 亥月),48,54,59
2025-12-24,P024 (1975F 亥月),49,55,60
2025-12-25,P024 (1975F 亥月),60,66,71
2025-12-26,P024 (1975F 亥月),49,55,60
2025-12-27,P024 (1975F 亥月),56,62,67
2025-12-28,P024 (1975F 亥月),58,64,69
2025-12-29,P024 (1975F 亥月),61,67,72
2025-12-30,P024 (1975F 亥月),50,56,61
2025-12-31,P024 (1975F 亥月),58,64,69
2026-01-01,P024 (1975F 亥月),60,66,71
2026-01-02,P024 (1975F 亥月),46,52,57
2026-01-03,P024 (1975F 亥月),60,66,71
2026-01-04,P024 (1975F 亥月),47,53,58
2026-01-05,P024 (1975F 亥月),51,57,62
2026-01-06,P024 (1975F 亥月),76,82,87
2026-01-07,P024 (1975F 亥月),59,65,70
2026-01-08,P024 (1975F 亥月),75,81,86
2026-01-09,P024 (1975F 亥月),75,81,86
2026-01-10,P024 (1975F 亥月),66,72,77
2026-01-11,P024 (1975F 亥月),64,70,75
2026-01-12,P024 (1975F 亥月),68,74,79
2026-01-13,P024 (1975F 亥月),77,83,88
2026-01-14,P024 (1975F 亥月),65,71,76
2026-01-15,P024 (1975F 亥月),76,82,87
2026-01-16,P024 (1975F 亥月),60,66,71
2026-01-17,P024 (1975F 亥月),52,58,63
2026-01-18,P024 (1975F 亥月),76,82,87
2026-01-19,P024 (1975F 亥月),55,61,66
2026-01-20,P024 (1975F 亥月),67,73,78
2026-01-21,P024 (1975F 亥月),77,83,88
2026-01-22,P024 (1975F 亥月),53,59,64
2026-01-23,P024 (1975F 亥月),60,66,71
2026-01-24,P024 (1975F 亥月),66,72,77
2026-01-25,P024 (1975F 亥月),73,79,84
2026-01-26,P024 (1975F 亥月),68,74,79
2026-01-27,P024 (1975F 亥月),66,72,77
2026-01-28,P024 (1975F 亥月),66,72,77
2026-01-29,P024 (1975F 亥月),57,63,68
2026-01-30,P024 (1975F 亥月),75,81,86
2026-01-31,P024 (1975F 亥月),64,70,75
2026-02-01,P024 (1975F 亥月),62,68,73
2026-02-02,P024 (1975F 亥月),77,83,88
2026-02-03,P024 (1975F 亥月),66,72,77
2026-02-04,P024 (1975F 亥月),55,61,66
2026-02-05,P024 (1975F 亥月),61,67,72
2026-02-06,P024 (1975F 亥月),56,62,67
2026-02-07,P024 (1975F 亥月),57,63,68
2026-02-08,P024 (1975F 亥月),58,64,69
2026-02-09,P024 (1975F 亥月),51,57,62
2026-02-10,P024 (1975F 亥月),51,57,62
2026-02-11,P024 (1975F 亥月),57,63,68
2026-02-12,P024 (1975F 亥月),49,55,60
2026-02-13,P024 (1975F 亥月),53,59,64
2026-02-14,P024 (1975F 亥月),59,65,70
2026-02-15,P024 (1975F 亥月),53,59,64
2026-02-16,P024 (1975F 亥月),51,57,62
2026-02-17,P024 (1975F 亥月),65,71,76
2026-02-18,P024 (1975F 亥月),57,63,68
2026-02-19,P024 (1975F 亥月),52,58,63
2026-02-20,P024 (1975F 亥月),61,67,72
2026-02-21,P024 (1975F 亥月),48,54,59
2026-02-22,P024 (1975F 亥月),50,56,61
2026-02-23,P024 (1975F 亥月),59,65,70
2026-02-24,P024 (1975F 亥月),54,60,65
2026-02-25,P024 (1975F 亥月),58,64,69
2026-02-26,P024 (1975F 亥月),59,65,70
2026-02-27,P024 (1975F 亥月),58,64,69
2026-02-28,P024 (1975F 亥月),54,60,65
2026-03-01,P024 (1975F 亥月),61,67,72
2026-03-02,P024 (1975F 亥月),62,68,73
2026-03-03,P024 (1975F 亥月),51,57,62
2026-03-04,P024 (1975F 亥月),63,69,74
2026-03-05,P024 (1975F 亥月),52,58,63
2026-03-06,P024 (1975F 亥月),55,61,66
2026-03-07,P024 (1975F 亥月),63,69,74
2026-03-08,P024 (1975F 亥月),54,60,65
2026-03-09,P024 (1975F 亥月),60,66,71
2026-03-10,P024 (1975F 亥月),63,69,74
2026-03-11,P024 (1975F 亥月),54,60,65
2026-03-12,P024 (1975F 亥月),55,61,66
2026-03-13,P024 (1975F 亥月),59,65,70
2026-03-14,P024 (1975F 亥月),59,65,70
2026-03-15,P024 (1975F 亥月),52,58,63
2026-03-16,P024 (1975F 亥月),60,66,71
2026-03-17,P024 (1975F 亥月),51,57,62
2026-03-18,P024 (1975F 亥月),49,55,60
2026-03-19,P024 (1975F 亥月),61,67,72
2026-03-20,P024 (1975F 亥月),52,58,63
2026-03-21,P024 (1975F 亥月),55,61,66
2026-03-22,P024 (1975F 亥月),60,66,71
2026-03-23,P024 (1975F 亥月),49,55,60
2026-03-24,P024 (1975F 亥月),56,62,67
2026-03-25,P024 (1975F 亥月),66,72,77
2026-03-26,P024 (1975F 亥月),61,67,72
2026-03-27,P024 (1975F 亥月),52,58,63
2026-03-28,P024 (1975F 亥月),57,63,68
2026-03-29,P024 (1975F 亥月),53,59,64
2026-03-30,P024 (1975F 亥月),52,58,63
2026-03-31,P024 (1975F 亥月),61,67,72
2026-04-01,P024 (1975F 亥月),55,61,66
2026-04-02,P024 (1975F 亥月),55,61,66
2026-04-03,P024 (1975F 亥月),62,68,73
2026-04-04,P024 (1975F 亥月),56,62,67
2026-04-05,P024 (1975F 亥月),62,68,73
2026-04-06,P024 (1975F 亥月),72,78,83
2026-04-07,P024 (1975F 亥月),64,70,75
2026-04-08,P024 (1975F 亥月),69,75,80
2026-04-09,P024 (1975F 亥月),68,74,79
2026-04-10,P024 (1975F 亥月),54,60,65
2026-04-11,P024 (1975F 亥月),57,63,68
2026-04-12,P024 (1975F 亥月),60,66,71
2026-04-13,P024 (1975F 亥月),58,64,69
2026-04-14,P024 (1975F 亥月),61,67,72
2026-04-15,P024 (1975F 亥月),72,78,83
2026-04-16,P024 (1975F 亥月),61,67,72
2026-04-17,P024 (1975F 亥月),54,60,65
2026-04-18,P024 (1975F 亥月),71,77,82
2026-04-19,P024 (1975F 亥月),63,69,74
2026-04-20,P024 (1975F 亥月),59,65,70
2026-04-21,P024 (1975F 亥月),73,79,84
2026-04-22,P024 (1975F 亥月),51,57,62
2026-04-23,P024 (1975F 亥月),59,65,70
2026-04-24,P024 (1975F 亥月),70,76,81
2026-04-25,P024 (1975F 亥月),56,62,67
2026-04-26,P024 (1975F 亥月),68,74,79
2026-04-27,P024 (1975F 亥月),63,69,74
2026-04-28,P024 (1975F 亥月),67,73,78
2026-04-29,P024 (1975F 亥月),56,62,67
2026-04-30,P024 (1975F 亥月),67,73,78
2026-05-01,P024 (1975F 亥月),72,78,83
2026-05-02,P024 (1975F 亥月),53,59,64
2026-05-03,P024 (1975F 亥月),72,78,83
2026-05-04,P024 (1975F 亥月),55,61,66
2026-05-05,P024 (1975F 亥月),54,60,65
2026-05-06,P024 (1975F 亥月),55,61,66
2026-05-07,P024 (1975F 亥月),47,53,58
2026-05-08,P024 (1975F 亥月),53,59,64
2026-05-09,P024 (1975F 亥月),57,63,68
2026-05-10,P024 (1975F 亥月),47,53,58
2026-05-11,P024 (1975F 亥月),53,59,64
2026-05-12,P024 (1975F 亥月),58,64,69
2026-05-13,P024 (1975F 亥月),56,62,67
2026-05-14,P024 (1975F 亥月),51,57,62
2026-05-15,P024 (1975F 亥月),62,68,73
2026-05-16,P024 (1975F 亥月),50,56,61
2026-05-17,P024 (1975F 亥月),49,55,60
2026-05-18,P024 (1975F 亥月),63,69,74
2026-05-19,P024 (1975F 亥月),51,57,62
2026-05-20,P024 (1975F 亥月),53,59,64
2026-05-21,P024 (1975F 亥月),60,66,71
2026-05-22,P024 (1975F 亥月),50,56,61
2026-05-23,P024 (1975F 亥月),56,62,67
2026-05-24,P024 (1975F 亥月),64,70,75
2026-05-25,P024 (1975F 亥月),60,66,71
2026-05-26,P024 (1975F 亥月),51,57,62
2026-05-27,P024 (1975F 亥月),55,61,66
2026-05-28,P024 (1975F 亥月),52,58,63
2026-05-29,P024 (1975F 亥月),51,57,62
2026-05-30,P024 (1975F 亥月),58,64,69
2026-05-31,P024 (1975F 亥月),53,59,64
2025-12-03,P025 (1976M 寅月),68,73,78
2025-12-04,P025 (1976M 寅月),56,61,66
2025-12-05,P025 (1976M 寅月),67,72,77
2025-12-06,P025 (1976M 寅月),60,65,70
2025-12-07,P025 (1976M 寅月),69,74,79
2025-12-08,P025 (1976M 寅月),68,73,78
2025-12-09,P025 (1976M 寅月),63,68,73
2025-12-10,P025 (1976M 寅月),65,70,75
2025-12-11,P025 (1976M 寅月),78,83,88
2025-12-12,P025 (1976M 寅月),75,80,85
2025-12-13,P025 (1976M 寅月),59,64,69
2025-12-14,P025 (1976M 寅月),60,65,70
2025-12-15,P025 (1976M 寅月),59,64,69
2025-12-16,P025 (1976M 寅月),48,53,58
2025-12-17,P025 (1976M 寅月),56,61,66
2025-12-18,P025 (1976M 寅月),50,55,60
2025-12-19,P025 (1976M 寅月),71,76,81
2025-12-20,P025 (1976M 寅月),68,73,78
2025-12-21,P025 (1976M 寅月),73,78,83
2025-12-22,P025 (1976M 寅月),67,72,77
2025-12-23,P025 (1976M 寅月),71,76,81
2025-12-24,P025 (1976M 寅月),72,77,82
2025-12-25,P025 (1976M 寅月),56,61,66
2025-12-26,P025 (1976M 寅月),57,62,67
2025-12-27,P025 (1976M 寅月),57,62,67
2025-12-28,P025 (1976M 寅月),47,52,57
2025-12-29,P025 (1976M 寅月),55,60,65
2025-12-30,P025 (1976M 寅月),51,56,61
2025-12-31,P025 (1976M 寅月),80,85,90
2026-01-01,P025 (1976M 寅月),69,74,79
2026-01-02,P025 (1976M 寅月),67,72,77
2026-01-03,P025 (1976M 寅月),64,69,74
2026-01-04,P025 (1976M 寅月),65,70,75
2026-01-05,P025 (1976M 寅月),69,74,79
2026-01-06,P025 (1976M 寅月),56,61,66
2026-01-07,P025 (1976M 寅月),59,64,69
2026-01-08,P025 (1976M 寅月),58,63,68
2026-01-09,P025 (1976M 寅月),47,52,57
2026-01-10,P025 (1976M 寅月),61,66,71
2026-01-11,P025 (1976M 寅月),47,52,57
2026-01-12,P025 (1976M 寅月),78,83,88
2026-01-13,P025 (1976M 寅月),68,73,78
2026-01-14,P025 (1976M 寅月),65,70,75
2026-01-15,P025 (1976M 寅月),62,67,72
2026-01-16,P025 (1976M 寅月),66,71,76
2026-01-17,P025 (1976M 寅月),71,76,81
2026-01-18,P025 (1976M 寅月),49,54,59
2026-01-19,P025 (1976M 寅月),51,56,61
2026-01-20,P025 (1976M 寅月),65,70,75
2026-01-21,P025 (1976M 寅月),46,51,56
2026-01-22,P025 (1976M 寅月),55,60,65
2026-01-23,P025 (1976M 寅月),52,57,62
2026-01-24,P025 (1976M 寅月),69,74,79
2026-01-25,P025 (1976M 寅月),63,68,73
2026-01-26,P025 (1976M 寅月),59,64,69
2026-01-27,P025 (1976M 寅月),66,71,76
2026-01-28,P025 (1976M 寅月),67,72,77
2026-01-29,P025 (1976M 寅月),74,79,84
2026-01-30,P025 (1976M 寅月),63,68,73
2026-01-31,P025 (1976M 寅月),61,66,71
2026-02-01,P025 (1976M 寅月),66,71,76
2026-02-02,P025 (1976M 寅月),51,56,61
2026-02-03,P025 (1976M 寅月),60,65,70
2026-02-04,P025 (1976M 寅月),59,64,69
2026-02-05,P025 (1976M 寅月),77,82,87
2026-02-06,P025 (1976M 寅月),77,82,87
2026-02-07,P025 (1976M 寅月),69,74,79
2026-02-08,P025 (1976M 寅月),74,79,84
2026-02-09,P025 (1976M 寅月),81,86,91
2026-02-10,P025 (1976M 寅月),82,87,92
2026-02-11,P025 (1976M 寅月),68,73,78
2026-02-12,P025 (1976M 寅月),68,73,78
2026-02-13,P025 (1976M 寅月),69,74,79
2026-02-14,P025 (1976M 寅月),56,61,66
2026-02-15,P025 (1976M 寅月),62,67,72
2026-02-16,P025 (1976M 寅月),59,64,69
2026-02-17,P025 (1976M 寅月),78,83,88
2026-02-18,P025 (1976M 寅月),74,79,84
2026-02-19,P025 (1976M 寅月),81,86,91
2026-02-20,P025 (1976M 寅月),76,81,86
2026-02-21,P025 (1976M 寅月),80,85,90
2026-02-22,P025 (1976M 寅月),78,83,88
2026-02-23,P025 (1976M 寅月),64,69,74
2026-02-24,P025 (1976M 寅月),66,71,76
2026-02-25,P025 (1976M 寅月),66,71,76
2026-02-26,P025 (1976M 寅月),59,64,69
2026-02-27,P025 (1976M 寅月),63,68,73
2026-02-28,P025 (1976M 寅月),62,67,72
2026-03-01,P025 (1976M 寅月),86,91,96
2026-03-02,P025 (1976M 寅月),79,84,89
2026-03-03,P025 (1976M 寅月),78,83,88
2026-03-04,P025 (1976M 寅月),74,79,84
2026-03-05,P025 (1976M 寅月),77,82,87
2026-03-06,P025 (1976M 寅月),77,82,87
2026-03-07,P025 (1976M 寅月),62,67,72
2026-03-08,P025 (1976M 寅月),64,69,74
2026-03-09,P025 (1976M 寅月),63,68,73
2026-03-10,P025 (1976M 寅月),53,58,63
2026-03-11,P025 (1976M 寅月),64,69,74
2026-03-12,P025 (1976M 寅月),62,67,72
2026-03-13,P025 (1976M 寅月),83,88,93
2026-03-14,P025 (1976M 寅月),74,79,84
2026-03-15,P025 (1976M 寅月),69,74,79
2026-03-16,P025 (1976M 寅月),67,72,77
2026-03-17,P025 (1976M 寅月),77,82,87
2026-03-18,P025 (1976M 寅月),76,81,86
2026-03-19,P025 (1976M 寅月),62,67,72
2026-03-20,P025 (1976M 寅月),62,67,72
2026-03-21,P025 (1976M 寅月),71,76,81
2026-03-22,P025 (1976M 寅月),55,60,65
2026-03-23,P025 (1976M 寅月),63,68,73
2026-03-24,P025 (1976M 寅月),59,64,69
2026-03-25,P025 (1976M 寅月),75,80,85
2026-03-26,P025 (1976M 寅月),68,73,78
2026-03-27,P025 (1976M 寅月),63,68,73
2026-03-28,P025 (1976M 寅月),64,69,74
2026-03-29,P025 (1976M 寅月),71,76,81
2026-03-30,P025 (1976M 寅月),72,77,82
2026-03-31,P025 (1976M 寅月),61,66,71
2026-04-01,P025 (1976M 寅月),59,64,69
2026-04-02,P025 (1976M 寅月),67,72,77
2026-04-03,P025 (1976M 寅月),49,54,59
2026-04-04,P025 (1976M 寅月),65,70,75
2026-04-05,P025 (1976M 寅月),46,51,56
2026-04-06,P025 (1976M 寅月),64,69,74
2026-04-07,P025 (1976M 寅月),59,64,69
2026-04-08,P025 (1976M 寅月),54,59,64
2026-04-09,P025 (1976M 寅月),55,60,65
2026-04-10,P025 (1976M 寅月),66,71,76
2026-04-11,P025 (1976M 寅月),63,68,73
2026-04-12,P025 (1976M 寅月),52,57,62
2026-04-13,P025 (1976M 寅月),45,50,55
2026-04-14,P025 (1976M 寅月),50,55,60
2026-04-15,P025 (1976M 寅月),45,50,55
2026-04-16,P025 (1976M 寅月),50,55,60
2026-04-17,P025 (1976M 寅月),47,52,57
2026-04-18,P025 (1976M 寅月),58,63,68
2026-04-19,P025 (1976M 寅月),55,60,65
2026-04-20,P025 (1976M 寅月),53,58,63
2026-04-21,P025 (1976M 寅月),52,57,62
2026-04-22,P025 (1976M 寅月),58,63,68
2026-04-23,P025 (1976M 寅月),57,62,67
2026-04-24,P025 (1976M 寅月),53,58,63
2026-04-25,P025 (1976M 寅月),49,54,59
2026-04-26,P025 (1976M 寅月),52,57,62
2026-04-27,P025 (1976M 寅月),47,52,57
2026-04-28,P025 (1976M 寅月),53,58,63
2026-04-29,P025 (1976M 寅月),48,53,58
2026-04-30,P025 (1976M 寅月),64,69,74
2026-05-01,P025 (1976M 寅月),62,67,72
2026-05-02,P025 (1976M 寅月),56,61,66
2026-05-03,P025 (1976M 寅月),54,59,64
2026-05-04,P025 (1976M 寅月),63,68,73
2026-05-05,P025 (1976M 寅月),61,66,71
2026-05-06,P025 (1976M 寅月),48,53,58
2026-05-07,P025 (1976M 寅月),47,52,57
2026-05-08,P025 (1976M 寅月),49,54,59
2026-05-09,P025 (1976M 寅月),48,53,58
2026-05-10,P025 (1976M 寅月),49,54,59
2026-05-11,P025 (1976M 寅月),48,53,58
2026-05-12,P025 (1976M 寅月),66,71,76
2026-05-13,P025 (1976M 寅月),60,65,70
2026-05-14,P025 (1976M 寅月),56,61,66
2026-05-15,P025 (1976M 寅月),53,58,63
2026-05-16,P025 (1976M 寅月),60,65,70
2026-05-17,P025 (1976M 寅月),62,67,72
2026-05-18,P025 (1976M 寅月),49,54,59
2026-05-19,P025 (1976M 寅月),48,53,58
2026-05-20,P025 (1976M 寅月),52,57,62
2026-05-21,P025 (1976M 寅月),47,52,57
2026-05-22,P025 (1976M 寅月),51,56,61
2026-05-23,P025 (1976M 寅月),47,52,57
2026-05-24,P025 (1976M 寅月),65,70,75
2026-05-25,P025 (1976M 寅月),56,61,66
2026-05-26,P025 (1976M 寅月),54,59,64
2026-05-27,P025 (1976M 寅月),54,59,64
2026-05-28,P025 (1976M 寅月),55,60,65
2026-05-29,P025 (1976M 寅月),56,61,66
2026-05-30,P025 (1976M 寅月),50,55,60
2026-05-31,P025 (1976M 寅月),49,54,59
2025-12-03,P026 (1977F 辰月),52,58,63
2025-12-04,P026 (1977F 辰月),60,66,71
2025-12-05,P026 (1977F 辰月),46,52,57
2025-12-06,P026 (1977F 辰月),54,60,65
2025-12-07,P026 (1977F 辰月),47,53,58
2025-12-08,P026 (1977F 辰月),45,51,56
2025-12-09,P026 (1977F 辰月),57,63,68
2025-12-10,P026 (1977F 辰月),58,64,69
2025-12-11,P026 (1977F 辰月),63,69,74
2025-12-12,P026 (1977F 辰月),56,62,67
2025-12-13,P026 (1977F 辰月),62,68,73
2025-12-14,P026 (1977F 辰月),53,59,64
2025-12-15,P026 (1977F 辰月),59,65,70
2025-12-16,P026 (1977F 辰月),65,71,76
2025-12-17,P026 (1977F 辰月),52,58,63
2025-12-18,P026 (1977F 辰月),54,60,65
2025-12-19,P026 (1977F 辰月),54,60,65
2025-12-20,P026 (1977F 辰月),51,57,62
2025-12-21,P026 (1977F 辰月),56,62,67
2025-12-22,P026 (1977F 辰月),62,68,73
2025-12-23,P026 (1977F 辰月),66,72,77
2025-12-24,P026 (1977F 辰月),67,73,78
2025-12-25,P026 (1977F 辰月),59,65,70
2025-12-26,P026 (1977F 辰月),51,57,62
2025-12-27,P026 (1977F 辰月),60,66,71
2025-12-28,P026 (1977F 辰月),58,64,69
2025-12-29,P026 (1977F 辰月),58,64,69
2025-12-30,P026 (1977F 辰月),58,64,69
2025-12-31,P026 (1977F 辰月),50,56,61
2026-01-01,P026 (1977F 辰月),49,55,60
2026-01-02,P026 (1977F 辰月),57,63,68
2026-01-03,P026 (1977F 辰月),69,75,80
2026-01-04,P026 (1977F 辰月),60,66,71
2026-01-05,P026 (1977F 辰月),59,65,70
2026-01-06,P026 (1977F 辰月),64,70,75
2026-01-07,P026 (1977F 辰月),54,60,65
2026-01-08,P026 (1977F 辰月),72,78,83
2026-01-09,P026 (1977F 辰月),66,72,77
2026-01-10,P026 (1977F 辰月),61,67,72
2026-01-11,P026 (1977F 辰月),60,66,71
2026-01-12,P026 (1977F 辰月),54,60,65
2026-01-13,P026 (1977F 辰月),56,62,67
2026-01-14,P026 (1977F 辰月),56,62,67
2026-01-15,P026 (1977F 辰月),67,73,78
2026-01-16,P026 (1977F 辰月),63,69,74
2026-01-17,P026 (1977F 辰月),59,65,70
2026-01-18,P026 (1977F 辰月),69,75,80
2026-01-19,P026 (1977F 辰月),52,58,63
2026-01-20,P026 (1977F 辰月),64,70,75
2026-01-21,P026 (1977F 辰月),66,72,77
2026-01-22,P026 (1977F 辰月),59,65,70
2026-01-23,P026 (1977F 辰月),65,71,76
2026-01-24,P026 (1977F 辰月),52,58,63
2026-01-25,P026 (1977F 辰月),51,57,62
2026-01-26,P026 (1977F 辰月),54,60,65
2026-01-27,P026 (1977F 辰月),55,61,66
2026-01-28,P026 (1977F 辰月),68,74,79
2026-01-29,P026 (1977F 辰月),60,66,71
2026-01-30,P026 (1977F 辰月),63,69,74
2026-01-31,P026 (1977F 辰月),51,57,62
2026-02-01,P026 (1977F 辰月),65,71,76
2026-02-02,P026 (1977F 辰月),73,79,84
2026-02-03,P026 (1977F 辰月),56,62,67
2026-02-04,P026 (1977F 辰月),61,67,72
2026-02-05,P026 (1977F 辰月),50,56,61
2026-02-06,P026 (1977F 辰月),49,55,60
2026-02-07,P026 (1977F 辰月),58,64,69
2026-02-08,P026 (1977F 辰月),59,65,70
2026-02-09,P026 (1977F 辰月),60,66,71
2026-02-10,P026 (1977F 辰月),58,64,69
2026-02-11,P026 (1977F 辰月),62,68,73
2026-02-12,P026 (1977F 辰月),55,61,66
2026-02-13,P026 (1977F 辰月),60,66,71
2026-02-14,P026 (1977F 辰月),66,72,77
2026-02-15,P026 (1977F 辰月),53,59,64
2026-02-16,P026 (1977F 辰月),56,62,67
2026-02-17,P026 (1977F 辰月),51,57,62
2026-02-18,P026 (1977F 辰月),51,57,62
2026-02-19,P026 (1977F 辰月),54,60,65
2026-02-20,P026 (1977F 辰月),62,68,73
2026-02-21,P026 (1977F 辰月),64,70,75
2026-02-22,P026 (1977F 辰月),64,70,75
2026-02-23,P026 (1977F 辰月),56,62,67
2026-02-24,P026 (1977F 辰月),53,59,64
2026-02-25,P026 (1977F 辰月),56,62,67
2026-02-26,P026 (1977F 辰月),58,64,69
2026-02-27,P026 (1977F 辰月),59,65,70
2026-02-28,P026 (1977F 辰月),60,66,71
2026-03-01,P026 (1977F 辰月),50,56,61
2026-03-02,P026 (1977F 辰月),52,58,63
2026-03-03,P026 (1977F 辰月),57,63,68
2026-03-04,P026 (1977F 辰月),69,75,80
2026-03-05,P026 (1977F 辰月),62,68,73
2026-03-06,P026 (1977F 辰月),64,70,75
2026-03-07,P026 (1977F 辰月),60,66,71
2026-03-08,P026 (1977F 辰月),52,58,63
2026-03-09,P026 (1977F 辰月),66,72,77
2026-03-10,P026 (1977F 辰月),64,70,75
2026-03-11,P026 (1977F 辰月),59,65,70
2026-03-12,P026 (1977F 辰月),62,68,73
2026-03-13,P026 (1977F 辰月),54,60,65
2026-03-14,P026 (1977F 辰月),55,61,66
2026-03-15,P026 (1977F 辰月),56,62,67
2026-03-16,P026 (1977F 辰月),68,74,79
2026-03-17,P026 (1977F 辰月),64,70,75
2026-03-18,P026 (1977F 辰月),62,68,73
2026-03-19,P026 (1977F 辰月),68,74,79
2026-03-20,P026 (1977F 辰月),57,63,68
2026-03-21,P026 (1977F 辰月),65,71,76
2026-03-22,P026 (1977F 辰月),67,73,78
2026-03-23,P026 (1977F 辰月),59,65,70
2026-03-24,P026 (1977F 辰月),66,72,77
2026-03-25,P026 (1977F 辰月),56,62,67
2026-03-26,P026 (1977F 辰月),57,63,68
2026-03-27,P026 (1977F 辰月),56,62,67
2026-03-28,P026 (1977F 辰月),61,67,72
2026-03-29,P026 (1977F 辰月),70,76,81
2026-03-30,P026 (1977F 辰月),67,73,78
2026-03-31,P026 (1977F 辰月),64,70,75
2026-04-01,P026 (1977F 辰月),54,60,65
2026-04-02,P026 (1977F 辰月),63,69,74
2026-04-03,P026 (1977F 辰月),70,76,81
2026-04-04,P026 (1977F 辰月),52,58,63
2026-04-05,P026 (1977F 辰月),57,63,68
2026-04-06,P026 (1977F 辰月),46,52,57
2026-04-07,P026 (1977F 辰月),47,53,58
2026-04-08,P026 (1977F 辰月),53,59,64
2026-04-09,P026 (1977F 辰月),53,59,64
2026-04-10,P026 (1977F 辰月),55,61,66
2026-04-11,P026 (1977F 辰月),55,61,66
2026-04-12,P026 (1977F 辰月),54,60,65
2026-04-13,P026 (1977F 辰月),48,54,59
2026-04-14,P026 (1977F 辰月),55,61,66
2026-04-15,P026 (1977F 辰月),61,67,72
2026-04-16,P026 (1977F 辰月),51,57,62
2026-04-17,P026 (1977F 辰月),54,60,65
2026-04-18,P026 (1977F 辰月),51,57,62
2026-04-19,P026 (1977F 辰月),51,57,62
2026-04-20,P026 (1977F 辰月),54,60,65
2026-04-21,P026 (1977F 辰月),60,66,71
2026-04-22,P026 (1977F 辰月),61,67,72
2026-04-23,P026 (1977F 辰月),62,68,73
2026-04-24,P026 (1977F 辰月),57,63,68
2026-04-25,P026 (1977F 辰月),53,59,64
2026-04-26,P026 (1977F 辰月),57,63,68
2026-04-27,P026 (1977F 辰月),56,62,67
2026-04-28,P026 (1977F 辰月),54,60,65
2026-04-29,P026 (1977F 辰月),58,64,69
2026-04-30,P026 (1977F 辰月),49,55,60
2026-05-01,P026 (1977F 辰月),49,55,60
2026-05-02,P026 (1977F 辰月),53,59,64
2026-05-03,P026 (1977F 辰月),66,72,77
2026-05-04,P026 (1977F 辰月),59,65,70
2026-05-05,P026 (1977F 辰月),60,66,71
2026-05-06,P026 (1977F 辰月),53,59,64
2026-05-07,P026 (1977F 辰月),49,55,60
2026-05-08,P026 (1977F 辰月),54,60,65
2026-05-09,P026 (1977F 辰月),58,64,69
2026-05-10,P026 (1977F 辰月),47,53,58
2026-05-11,P026 (1977F 辰月),54,60,65
2026-05-12,P026 (1977F 辰月),48,54,59
2026-05-13,P026 (1977F 辰月),50,56,61
2026-05-14,P026 (1977F 辰月),47,53,58
2026-05-15,P026 (1977F 辰月),57,63,68
2026-05-16,P026 (1977F 辰月),54,60,65
2026-05-17,P026 (1977F 辰月),57,63,68
2026-05-18,P026 (1977F 辰月),55,61,66
2026-05-19,P026 (1977F 辰月),53,59,64
2026-05-20,P026 (1977F 辰月),55,61,66
2026-05-21,P026 (1977F 辰月),61,67,72
2026-05-22,P026 (1977F 辰月),51,57,62
2026-05-23,P026 (1977F 辰月),61,67,72
2026-05-24,P026 (1977F 辰月),49,55,60
2026-05-25,P026 (1977F 辰月),49,55,60
2026-05-26,P026 (1977F 辰月),48,54,59
2026-05-27,P026 (1977F 辰月),58,64,69
2026-05-28,P026 (1977F 辰月),58,64,69
2026-05-29,P026 (1977F 辰月),60,66,71
2026-05-30,P026 (1977F 辰月),51,57,62
2026-05-31,P026 (1977F 辰月),51,57,62
2025-12-03,P027 (1978M 酉月),77,81,86
2025-12-04,P027 (1978M 酉月),73,77,82
2025-12-05,P027 (1978M 酉月),58,62,67
2025-12-06,P027 (1978M 酉月),65,69,74
2025-12-07,P027 (1978M 酉月),47,51,56
2025-12-08,P027 (1978M 酉月),55,59,64
2025-12-09,P027 (1978M 酉月),48,52,57
2025-12-10,P027 (1978M 酉月),48,52,57
2025-12-11,P027 (1978M 酉月),51,55,60
2025-12-12,P027 (1978M 酉月),56,60,65
2025-12-13,P027 (1978M 酉月),64,68,73
2025-12-14,P027 (1978M 酉月),67,71,76
2025-12-15,P027 (1978M 酉月),70,74,79
2025-12-16,P027 (1978M 酉月),66,70,75
2025-12-17,P027 (1978M 酉月),49,53,58
2025-12-18,P027 (1978M 酉月),57,61,66
2025-12-19,P027 (1978M 酉月),47,51,56
2025-12-20,P027 (1978M 酉月),55,59,64
2025-12-21,P027 (1978M 酉月),47,51,56
2025-12-22,P027 (1978M 酉月),46,50,55
2025-12-23,P027 (1978M 酉月),58,62,67
2025-12-24,P027 (1978M 酉月),57,61,66
2025-12-25,P027 (1978M 酉月),63,67,72
2025-12-26,P027 (1978M 酉月),71,75,80
2025-12-27,P027 (1978M 酉月),65,69,74
2025-12-28,P027 (1978M 酉月),69,73,78
2025-12-29,P027 (1978M 酉月),56,60,65
2025-12-30,P027 (1978M 酉月),70,74,79
2025-12-31,P027 (1978M 酉月),51,55,60
2026-01-01,P027 (1978M 酉月),57,61,66
2026-01-02,P027 (1978M 酉月),49,53,58
2026-01-03,P027 (1978M 酉月),46,50,55
2026-01-04,P027 (1978M 酉月),57,61,66
2026-01-05,P027 (1978M 酉月),56,60,65
2026-01-06,P027 (1978M 酉月),52,56,61
2026-01-07,P027 (1978M 酉月),62,66,71
2026-01-08,P027 (1978M 酉月),65,69,74
2026-01-09,P027 (1978M 酉月),66,70,75
2026-01-10,P027 (1978M 酉月),52,56,61
2026-01-11,P027 (1978M 酉月),56,60,65
2026-01-12,P027 (1978M 酉月),48,52,57
2026-01-13,P027 (1978M 酉月),50,54,59
2026-01-14,P027 (1978M 酉月),47,51,56
2026-01-15,P027 (1978M 酉月),47,51,56
2026-01-16,P027 (1978M 酉月),49,53,58
2026-01-17,P027 (1978M 酉月),51,55,60
2026-01-18,P027 (1978M 酉月),53,57,62
2026-01-19,P027 (1978M 酉月),60,64,69
2026-01-20,P027 (1978M 酉月),61,65,70
2026-01-21,P027 (1978M 酉月),58,62,67
2026-01-22,P027 (1978M 酉月),49,53,58
2026-01-23,P027 (1978M 酉月),48,52,57
2026-01-24,P027 (1978M 酉月),46,50,55
2026-01-25,P027 (1978M 酉月),46,50,55
2026-01-26,P027 (1978M 酉月),46,50,55
2026-01-27,P027 (1978M 酉月),47,51,56
2026-01-28,P027 (1978M 酉月),47,51,56
2026-01-29,P027 (1978M 酉月),49,53,58
2026-01-30,P027 (1978M 酉月),55,59,64
2026-01-31,P027 (1978M 酉月),62,66,71
2026-02-01,P027 (1978M 酉月),66,70,75
2026-02-02,P027 (1978M 酉月),59,63,68
2026-02-03,P027 (1978M 酉月),50,54,59
2026-02-04,P027 (1978M 酉月),68,72,77
2026-02-05,P027 (1978M 酉月),53,57,62
2026-02-06,P027 (1978M 酉月),59,63,68
2026-02-07,P027 (1978M 酉月),49,53,58
2026-02-08,P027 (1978M 酉月),49,53,58
2026-02-09,P027 (1978M 酉月),58,62,67
2026-02-10,P027 (1978M 酉月),56,60,65
2026-02-11,P027 (1978M 酉月),71,75,80
2026-02-12,P027 (1978M 酉月),73,77,82
2026-02-13,P027 (1978M 酉月),80,84,89
2026-02-14,P027 (1978M 酉月),76,80,85
2026-02-15,P027 (1978M 酉月),52,56,61
2026-02-16,P027 (1978M 酉月),69,73,78
2026-02-17,P027 (1978M 酉月),50,54,59
2026-02-18,P027 (1978M 酉月),61,65,70
2026-02-19,P027 (1978M 酉月),49,53,58
2026-02-20,P027 (1978M 酉月),48,52,57
2026-02-21,P027 (1978M 酉月),64,68,73
2026-02-22,P027 (1978M 酉月),53,57,62
2026-02-23,P027 (1978M 酉月),65,69,74
2026-02-24,P027 (1978M 酉月),74,78,83
2026-02-25,P027 (1978M 酉月),67,71,76
2026-02-26,P027 (1978M 酉月),75,79,84
2026-02-27,P027 (1978M 酉月),53,57,62
2026-02-28,P027 (1978M 酉月),72,76,81
2026-03-01,P027 (1978M 酉月),51,55,60
2026-03-02,P027 (1978M 酉月),53,57,62
2026-03-03,P027 (1978M 酉月),53,57,62
2026-03-04,P027 (1978M 酉月),46,50,55
2026-03-05,P027 (1978M 酉月),61,65,70
2026-03-06,P027 (1978M 酉月),61,65,70
2026-03-07,P027 (1978M 酉月),60,64,69
2026-03-08,P027 (1978M 酉月),75,79,84
2026-03-09,P027 (1978M 酉月),78,82,87
2026-03-10,P027 (1978M 酉月),81,85,90
2026-03-11,P027 (1978M 酉月),64,68,73
2026-03-12,P027 (1978M 酉月),67,71,76
2026-03-13,P027 (1978M 酉月),60,64,69
2026-03-14,P027 (1978M 酉月),62,66,71
2026-03-15,P027 (1978M 酉月),51,55,60
2026-03-16,P027 (1978M 酉月),50,54,59
2026-03-17,P027 (1978M 酉月),55,59,64
2026-03-18,P027 (1978M 酉月),60,64,69
2026-03-19,P027 (1978M 酉月),65,69,74
2026-03-20,P027 (1978M 酉月),81,85,90
2026-03-21,P027 (1978M 酉月),77,81,86
2026-03-22,P027 (1978M 酉月),77,81,86
2026-03-23,P027 (1978M 酉月),65,69,74
2026-03-24,P027 (1978M 酉月),64,68,73
2026-03-25,P027 (1978M 酉月),57,61,66
2026-03-26,P027 (1978M 酉月),63,67,72
2026-03-27,P027 (1978M 酉月),51,55,60
2026-03-28,P027 (1978M 酉月),47,51,56
2026-03-29,P027 (1978M 酉月),56,60,65
2026-03-30,P027 (1978M 酉月),64,68,73
2026-03-31,P027 (1978M 酉月),64,68,73
2026-04-01,P027 (1978M 酉月),74,78,83
2026-04-02,P027 (1978M 酉月),81,85,90
2026-04-03,P027 (1978M 酉月),72,76,81
2026-04-04,P027 (1978M 酉月),60,64,69
2026-04-05,P027 (1978M 酉月),76,80,85
2026-04-06,P027 (1978M 酉月),59,63,68
2026-04-07,P027 (1978M 酉月),66,70,75
2026-04-08,P027 (1978M 酉月),55,59,64
2026-04-09,P027 (1978M 酉月),57,61,66
2026-04-10,P027 (1978M 酉月),65,69,74
2026-04-11,P027 (1978M 酉月),61,65,70
2026-04-12,P027 (1978M 酉月),77,81,86
2026-04-13,P027 (1978M 酉月),79,83,88
2026-04-14,P027 (1978M 酉月),82,86,91
2026-04-15,P027 (1978M 酉月),80,84,89
2026-04-16,P027 (1978M 酉月),61,65,70
2026-04-17,P027 (1978M 酉月),77,81,86
2026-04-18,P027 (1978M 酉月),58,62,67
2026-04-19,P027 (1978M 酉月),70,74,79
2026-04-20,P027 (1978M 酉月),53,57,62
2026-04-21,P027 (1978M 酉月),48,52,57
2026-04-22,P027 (1978M 酉月),72,76,81
2026-04-23,P027 (1978M 酉月),61,65,70
2026-04-24,P027 (1978M 酉月),75,79,84
2026-04-25,P027 (1978M 酉月),83,87,92
2026-04-26,P027 (1978M 酉月),79,83,88
2026-04-27,P027 (1978M 酉月),81,85,90
2026-04-28,P027 (1978M 酉月),65,69,74
2026-04-29,P027 (1978M 酉月),79,83,88
2026-04-30,P027 (1978M 酉月),62,66,71
2026-05-01,P027 (1978M 酉月),62,66,71
2026-05-02,P027 (1978M 酉月),59,63,68
2026-05-03,P027 (1978M 酉月),46,50,55
2026-05-04,P027 (1978M 酉月),66,70,75
2026-05-05,P027 (1978M 酉月),64,68,73
2026-05-06,P027 (1978M 酉月),76,80,85
2026-05-07,P027 (1978M 酉月),82,86,91
2026-05-08,P027 (1978M 酉月),84,88,93
2026-05-09,P027 (1978M 酉月),80,84,89
2026-05-10,P027 (1978M 酉月),72,76,81
2026-05-11,P027 (1978M 酉月),78,82,87
2026-05-12,P027 (1978M 酉月),76,80,85
2026-05-13,P027 (1978M 酉月),73,77,82
2026-05-14,P027 (1978M 酉月),70,74,79
2026-05-15,P027 (1978M 酉月),63,67,72
2026-05-16,P027 (1978M 酉月),71,75,80
2026-05-17,P027 (1978M 酉月),75,79,84
2026-05-18,P027 (1978M 酉月),76,80,85
2026-05-19,P027 (1978M 酉月),85,89,94
2026-05-20,P027 (1978M 酉月),84,88,93
2026-05-21,P027 (1978M 酉月),81,85,90
2026-05-22,P027 (1978M 酉月),79,83,88
2026-05-23,P027 (1978M 酉月),80,84,89
2026-05-24,P027 (1978M 酉月),75,79,84
2026-05-25,P027 (1978M 酉月),75,79,84
2026-05-26,P027 (1978M 酉月),62,66,71
2026-05-27,P027 (1978M 酉月),62,66,71
2026-05-28,P027 (1978M 酉月),69,73,78
2026-05-29,P027 (1978M 酉月),81,85,90
2026-05-30,P027 (1978M 酉月),83,87,92
2026-05-31,P027 (1978M 酉月),85,89,94
2025-12-03,P028 (1979F 子月),53,59,64
2025-12-04,P028 (1979F 子月),65,71,76
2025-12-05,P028 (1979F 子月),73,79,84
2025-12-06,P028 (1979F 子月),60,66,71
2025-12-07,P028 (1979F 子月),53,59,64
2025-12-08,P028 (1979F 子月),54,60,65
2025-12-09,P028 (1979F 子月),51,57,62
2025-12-10,P028 (1979F 子月),48,54,59
2025-12-11,P028 (1979F 子月),48,54,59
2025-12-12,P028 (1979F 子月),52,58,63
2025-12-13,P028 (1979F 子月),52,58,63
2025-12-14,P028 (1979F 子月),57,63,68
2025-12-15,P028 (1979F 子月),49,55,60
2025-12-16,P028 (1979F 子月),66,72,77
2025-12-17,P028 (1979F 子月),60,66,71
2025-12-18,P028 (1979F 子月),50,56,61
2025-12-19,P028 (1979F 子月),55,61,66
2025-12-20,P028 (1979F 子月),53,59,64
2025-12-21,P028 (1979F 子月),51,57,62
2025-12-22,P028 (1979F 子月),50,56,61
2025-12-23,P028 (1979F 子月),48,54,59
2025-12-24,P028 (1979F 子月),52,58,63
2025-12-25,P028 (1979F 子月),59,65,70
2025-12-26,P028 (1979F 子月),67,73,78
2025-12-27,P028 (1979F 子月),51,57,62
2025-12-28,P028 (1979F 子月),62,68,73
2025-12-29,P028 (1979F 子月),61,67,72
2025-12-30,P028 (1979F 子月),52,58,63
2025-12-31,P028 (1979F 子月),57,63,68
2026-01-01,P028 (1979F 子月),57,63,68
2026-01-02,P028 (1979F 子月),50,56,61
2026-01-03,P028 (1979F 子月),50,56,61
2026-01-04,P028 (1979F 子月),49,55,60
2026-01-05,P028 (1979F 子月),57,63,68
2026-01-06,P028 (1979F 子月),51,57,62
2026-01-07,P028 (1979F 子月),58,64,69
2026-01-08,P028 (1979F 子月),52,58,63
2026-01-09,P028 (1979F 子月),58,64,69
2026-01-10,P028 (1979F 子月),58,64,69
2026-01-11,P028 (1979F 子月),52,58,63
2026-01-12,P028 (1979F 子月),51,57,62
2026-01-13,P028 (1979F 子月),57,63,68
2026-01-14,P028 (1979F 子月),53,59,64
2026-01-15,P028 (1979F 子月),49,55,60
2026-01-16,P028 (1979F 子月),47,53,58
2026-01-17,P028 (1979F 子月),51,57,62
2026-01-18,P028 (1979F 子月),55,61,66
2026-01-19,P028 (1979F 子月),58,64,69
2026-01-20,P028 (1979F 子月),51,57,62
2026-01-21,P028 (1979F 子月),57,63,68
2026-01-22,P028 (1979F 子月),55,61,66
2026-01-23,P028 (1979F 子月),51,57,62
2026-01-24,P028 (1979F 子月),56,62,67
2026-01-25,P028 (1979F 子月),59,65,70
2026-01-26,P028 (1979F 子月),49,55,60
2026-01-27,P028 (1979F 子月),48,54,59
2026-01-28,P028 (1979F 子月),48,54,59
2026-01-29,P028 (1979F 子月),50,56,61
2026-01-30,P028 (1979F 子月),53,59,64
2026-01-31,P028 (1979F 子月),57,63,68
2026-02-01,P028 (1979F 子月),52,58,63
2026-02-02,P028 (1979F 子月),60,66,71
2026-02-03,P028 (1979F 子月),66,72,77
2026-02-04,P028 (1979F 子月),52,58,63
2026-02-05,P028 (1979F 子月),53,59,64
2026-02-06,P028 (1979F 子月),53,59,64
2026-02-07,P028 (1979F 子月),52,58,63
2026-02-08,P028 (1979F 子月),50,56,61
2026-02-09,P028 (1979F 子月),48,54,59
2026-02-10,P028 (1979F 子月),52,58,63
2026-02-11,P028 (1979F 子月),52,58,63
2026-02-12,P028 (1979F 子月),56,62,67
2026-02-13,P028 (1979F 子月),49,55,60
2026-02-14,P028 (1979F 子月),60,66,71
2026-02-15,P028 (1979F 子月),57,63,68
2026-02-16,P028 (1979F 子月),50,56,61
2026-02-17,P028 (1979F 子月),52,58,63
2026-02-18,P028 (1979F 子月),54,60,65
2026-02-19,P028 (1979F 子月),48,54,59
2026-02-20,P028 (1979F 子月),48,54,59
2026-02-21,P028 (1979F 子月),48,54,59
2026-02-22,P028 (1979F 子月),49,55,60
2026-02-23,P028 (1979F 子月),54,60,65
2026-02-24,P028 (1979F 子月),60,66,71
2026-02-25,P028 (1979F 子月),49,55,60
2026-02-26,P028 (1979F 子月),58,64,69
2026-02-27,P028 (1979F 子月),58,64,69
2026-02-28,P028 (1979F 子月),51,57,62
2026-03-01,P028 (1979F 子月),52,58,63
2026-03-02,P028 (1979F 子月),56,62,67
2026-03-03,P028 (1979F 子月),48,54,59
2026-03-04,P028 (1979F 子月),48,54,59
2026-03-05,P028 (1979F 子月),48,54,59
2026-03-06,P028 (1979F 子月),65,71,76
2026-03-07,P028 (1979F 子月),61,67,72
2026-03-08,P028 (1979F 子月),68,74,79
2026-03-09,P028 (1979F 子月),54,60,65
2026-03-10,P028 (1979F 子月),67,73,78
2026-03-11,P028 (1979F 子月),68,74,79
2026-03-12,P028 (1979F 子月),55,61,66
2026-03-13,P028 (1979F 子月),62,68,73
2026-03-14,P028 (1979F 子月),61,67,72
2026-03-15,P028 (1979F 子月),62,68,73
2026-03-16,P028 (1979F 子月),56,62,67
2026-03-17,P028 (1979F 子月),48,54,59
2026-03-18,P028 (1979F 子月),59,65,70
2026-03-19,P028 (1979F 子月),61,67,72
2026-03-20,P028 (1979F 子月),63,69,74
2026-03-21,P028 (1979F 子月),50,56,61
2026-03-22,P028 (1979F 子月),61,67,72
2026-03-23,P028 (1979F 子月),64,70,75
2026-03-24,P028 (1979F 子月),52,58,63
2026-03-25,P028 (1979F 子月),66,72,77
2026-03-26,P028 (1979F 子月),67,73,78
2026-03-27,P028 (1979F 子月),54,60,65
2026-03-28,P028 (1979F 子月),51,57,62
2026-03-29,P028 (1979F 子月),50,56,61
2026-03-30,P028 (1979F 子月),58,64,69
2026-03-31,P028 (1979F 子月),62,68,73
2026-04-01,P028 (1979F 子月),62,68,73
2026-04-02,P028 (1979F 子月),51,57,62
2026-04-03,P028 (1979F 子月),64,70,75
2026-04-04,P028 (1979F 子月),72,78,83
2026-04-05,P028 (1979F 子月),58,64,69
2026-04-06,P028 (1979F 子月),58,64,69
2026-04-07,P028 (1979F 子月),59,65,70
2026-04-08,P028 (1979F 子月),55,61,66
2026-04-09,P028 (1979F 子月),53,59,64
2026-04-10,P028 (1979F 子月),51,57,62
2026-04-11,P028 (1979F 子月),55,61,66
2026-04-12,P028 (1979F 子月),58,64,69
2026-04-13,P028 (1979F 子月),63,69,74
2026-04-14,P028 (1979F 子月),54,60,65
2026-04-15,P028 (1979F 子月),72,78,83
2026-04-16,P028 (1979F 子月),64,70,75
2026-04-17,P028 (1979F 子月),54,60,65
2026-04-18,P028 (1979F 子月),60,66,71
2026-04-19,P028 (1979F 子月),61,67,72
2026-04-20,P028 (1979F 子月),56,62,67
2026-04-21,P028 (1979F 子月),53,59,64
2026-04-22,P028 (1979F 子月),47,53,58
2026-04-23,P028 (1979F 子月),55,61,66
2026-04-24,P028 (1979F 子月),65,71,76
2026-04-25,P028 (1979F 子月),71,77,82
2026-04-26,P028 (1979F 子月),53,59,64
2026-04-27,P028 (1979F 子月),67,73,78
2026-04-28,P028 (1979F 子月),67,73,78
2026-04-29,P028 (1979F 子月),55,61,66
2026-04-30,P028 (1979F 子月),61,67,72
2026-05-01,P028 (1979F 子月),62,68,73
2026-05-02,P028 (1979F 子月),53,59,64
2026-05-03,P028 (1979F 子月),52,58,63
2026-05-04,P028 (1979F 子月),50,56,61
2026-05-05,P028 (1979F 子月),64,70,75
2026-05-06,P028 (1979F 子月),60,66,71
2026-05-07,P028 (1979F 子月),66,72,77
2026-05-08,P028 (1979F 子月),52,58,63
2026-05-09,P028 (1979F 子月),64,70,75
2026-05-10,P028 (1979F 子月),64,70,75
2026-05-11,P028 (1979F 子月),51,57,62
2026-05-12,P028 (1979F 子月),54,60,65
2026-05-13,P028 (1979F 子月),54,60,65
2026-05-14,P028 (1979F 子月),57,63,68
2026-05-15,P028 (1979F 子月),54,60,65
2026-05-16,P028 (1979F 子月),46,52,57
2026-05-17,P028 (1979F 子月),58,64,69
2026-05-18,P028 (1979F 子月),60,66,71
2026-05-19,P028 (1979F 子月),62,68,73
2026-05-20,P028 (1979F 子月),51,57,62
2026-05-21,P028 (1979F 子月),61,67,72
2026-05-22,P028 (1979F 子月),60,66,71
2026-05-23,P028 (1979F 子月),52,58,63
2026-05-24,P028 (1979F 子月),67,73,78
2026-05-25,P028 (1979F 子月),66,72,77
2026-05-26,P028 (1979F 子月),55,61,66
2026-05-27,P028 (1979F 子月),49,55,60
2026-05-28,P028 (1979F 子月),46,52,57
2026-05-29,P028 (1979F 子月),54,60,65
2026-05-30,P028 (1979F 子月),61,67,72
2026-05-31,P028 (1979F 子月),58,64,69
2025-12-03,P029 (1980M 丑月),67,72,77
2025-12-04,P029 (1980M 丑月),56,61,66
2025-12-05,P029 (1980M 丑月),62,67,72
2025-12-06,P029 (1980M 丑月),55,60,65
2025-12-07,P029 (1980M 丑月),70,75,80
2025-12-08,P029 (1980M 丑月),71,76,81
2025-12-09,P029 (1980M 丑月),66,71,76
2025-12-10,P029 (1980M 丑月),50,55,60
2025-12-11,P029 (1980M 丑月),62,67,72
2025-12-12,P029 (1980M 丑月),72,77,82
2025-12-13,P029 (1980M 丑月),50,55,60
2025-12-14,P029 (1980M 丑月),68,73,78
2025-12-15,P029 (1980M 丑月),59,64,69
2025-12-16,P029 (1980M 丑月),50,55,60
2025-12-17,P029 (1980M 丑月),66,71,76
2025-12-18,P029 (1980M 丑月),48,53,58
2025-12-19,P029 (1980M 丑月),71,76,81
2025-12-20,P029 (1980M 丑月),63,68,73
2025-12-21,P029 (1980M 丑月),63,68,73
2025-12-22,P029 (1980M 丑月),47,52,57
2025-12-23,P029 (1980M 丑月),53,58,63
2025-12-24,P029 (1980M 丑月),75,80,85
2025-12-25,P029 (1980M 丑月),49,54,59
2025-12-26,P029 (1980M 丑月),67,72,77
2025-12-27,P029 (1980M 丑月),68,73,78
2025-12-28,P029 (1980M 丑月),52,57,62
2025-12-29,P029 (1980M 丑月),69,74,79
2025-12-30,P029 (1980M 丑月),50,55,60
2025-12-31,P029 (1980M 丑月),71,76,81
2026-01-01,P029 (1980M 丑月),67,72,77
2026-01-02,P029 (1980M 丑月),59,64,69
2026-01-03,P029 (1980M 丑月),53,58,63
2026-01-04,P029 (1980M 丑月),52,57,62
2026-01-05,P029 (1980M 丑月),74,79,84
2026-01-06,P029 (1980M 丑月),52,57,62
2026-01-07,P029 (1980M 丑月),61,66,71
2026-01-08,P029 (1980M 丑月),64,69,74
2026-01-09,P029 (1980M 丑月),49,54,59
2026-01-10,P029 (1980M 丑月),61,66,71
2026-01-11,P029 (1980M 丑月),49,54,59
2026-01-12,P029 (1980M 丑月),59,64,69
2026-01-13,P029 (1980M 丑月),65,70,75
2026-01-14,P029 (1980M 丑月),51,56,61
2026-01-15,P029 (1980M 丑月),47,52,57
2026-01-16,P029 (1980M 丑月),55,60,65
2026-01-17,P029 (1980M 丑月),70,75,80
2026-01-18,P029 (1980M 丑月),54,59,64
2026-01-19,P029 (1980M 丑月),59,64,69
2026-01-20,P029 (1980M 丑月),61,66,71
2026-01-21,P029 (1980M 丑月),48,53,58
2026-01-22,P029 (1980M 丑月),54,59,64
2026-01-23,P029 (1980M 丑月),48,53,58
2026-01-24,P029 (1980M 丑月),55,60,65
2026-01-25,P029 (1980M 丑月),62,67,72
2026-01-26,P029 (1980M 丑月),56,61,66
2026-01-27,P029 (1980M 丑月),50,55,60
2026-01-28,P029 (1980M 丑月),56,61,66
2026-01-29,P029 (1980M 丑月),66,71,76
2026-01-30,P029 (1980M 丑月),51,56,61
2026-01-31,P029 (1980M 丑月),58,63,68
2026-02-01,P029 (1980M 丑月),58,63,68
2026-02-02,P029 (1980M 丑月),49,54,59
2026-02-03,P029 (1980M 丑月),52,57,62
2026-02-04,P029 (1980M 丑月),53,58,63
2026-02-05,P029 (1980M 丑月),73,78,83
2026-02-06,P029 (1980M 丑月),73,78,83
2026-02-07,P029 (1980M 丑月),69,74,79
2026-02-08,P029 (1980M 丑月),51,56,61
2026-02-09,P029 (1980M 丑月),66,71,76
2026-02-10,P029 (1980M 丑月),76,81,86
2026-02-11,P029 (1980M 丑月),54,59,64
2026-02-12,P029 (1980M 丑月),71,76,81
2026-02-13,P029 (1980M 丑月),62,67,72
2026-02-14,P029 (1980M 丑月),53,58,63
2026-02-15,P029 (1980M 丑月),68,73,78
2026-02-16,P029 (1980M 丑月),52,57,62
2026-02-17,P029 (1980M 丑月),75,80,85
2026-02-18,P029 (1980M 丑月),69,74,79
2026-02-19,P029 (1980M 丑月),66,71,76
2026-02-20,P029 (1980M 丑月),48,53,58
2026-02-21,P029 (1980M 丑月),55,60,65
2026-02-22,P029 (1980M 丑月),76,81,86
2026-02-23,P029 (1980M 丑月),49,54,59
2026-02-24,P029 (1980M 丑月),66,71,76
2026-02-25,P029 (1980M 丑月),71,76,81
2026-02-26,P029 (1980M 丑月),53,58,63
2026-02-27,P029 (1980M 丑月),73,78,83
2026-02-28,P029 (1980M 丑月),51,56,61
2026-03-01,P029 (1980M 丑月),73,78,83
2026-03-02,P029 (1980M 丑月),67,72,77
2026-03-03,P029 (1980M 丑月),62,67,72
2026-03-04,P029 (1980M 丑月),54,59,64
2026-03-05,P029 (1980M 丑月),54,59,64
2026-03-06,P029 (1980M 丑月),86,91,96
2026-03-07,P029 (1980M 丑月),72,77,82
2026-03-08,P029 (1980M 丑月),84,89,94
2026-03-09,P029 (1980M 丑月),85,90,95
2026-03-10,P029 (1980M 丑月),63,68,73
2026-03-11,P029 (1980M 丑月),81,86,91
2026-03-12,P029 (1980M 丑月),62,67,72
2026-03-13,P029 (1980M 丑月),80,85,90
2026-03-14,P029 (1980M 丑月),85,90,95
2026-03-15,P029 (1980M 丑月),70,75,80
2026-03-16,P029 (1980M 丑月),67,72,77
2026-03-17,P029 (1980M 丑月),76,81,86
2026-03-18,P029 (1980M 丑月),87,92,97
2026-03-19,P029 (1980M 丑月),74,79,84
2026-03-20,P029 (1980M 丑月),77,82,87
2026-03-21,P029 (1980M 丑月),84,89,94
2026-03-22,P029 (1980M 丑月),64,69,74
2026-03-23,P029 (1980M 丑月),77,82,87
2026-03-24,P029 (1980M 丑月),66,71,76
2026-03-25,P029 (1980M 丑月),76,81,86
2026-03-26,P029 (1980M 丑月),85,90,95
2026-03-27,P029 (1980M 丑月),79,84,89
2026-03-28,P029 (1980M 丑月),66,71,76
2026-03-29,P029 (1980M 丑月),78,83,88
2026-03-30,P029 (1980M 丑月),81,86,91
2026-03-31,P029 (1980M 丑月),70,75,80
2026-04-01,P029 (1980M 丑月),77,82,87
2026-04-02,P029 (1980M 丑月),73,78,83
2026-04-03,P029 (1980M 丑月),64,69,74
2026-04-04,P029 (1980M 丑月),69,74,79
2026-04-05,P029 (1980M 丑月),46,51,56
2026-04-06,P029 (1980M 丑月),62,67,72
2026-04-07,P029 (1980M 丑月),62,67,72
2026-04-08,P029 (1980M 丑月),58,63,68
2026-04-09,P029 (1980M 丑月),50,55,60
2026-04-10,P029 (1980M 丑月),56,61,66
2026-04-11,P029 (1980M 丑月),66,71,76
2026-04-12,P029 (1980M 丑月),50,55,60
2026-04-13,P029 (1980M 丑月),60,65,70
2026-04-14,P029 (1980M 丑月),53,58,63
2026-04-15,P029 (1980M 丑月),48,53,58
2026-04-16,P029 (1980M 丑月),59,64,69
2026-04-17,P029 (1980M 丑月),49,54,59
2026-04-18,P029 (1980M 丑月),65,70,75
2026-04-19,P029 (1980M 丑月),60,65,70
2026-04-20,P029 (1980M 丑月),57,62,67
2026-04-21,P029 (1980M 丑月),48,53,58
2026-04-22,P029 (1980M 丑月),53,58,63
2026-04-23,P029 (1980M 丑月),67,72,77
2026-04-24,P029 (1980M 丑月),48,53,58
2026-04-25,P029 (1980M 丑月),59,64,69
2026-04-26,P029 (1980M 丑月),60,65,70
2026-04-27,P029 (1980M 丑月),52,57,62
2026-04-28,P029 (1980M 丑月),64,69,74
2026-04-29,P029 (1980M 丑月),50,55,60
2026-04-30,P029 (1980M 丑月),67,72,77
2026-05-01,P029 (1980M 丑月),59,64,69
2026-05-02,P029 (1980M 丑月),54,59,64
2026-05-03,P029 (1980M 丑月),51,56,61
2026-05-04,P029 (1980M 丑月),54,59,64
2026-05-05,P029 (1980M 丑月),71,76,81
2026-05-06,P029 (1980M 丑月),55,60,65
2026-05-07,P029 (1980M 丑月),68,73,78
2026-05-08,P029 (1980M 丑月),71,76,81
2026-05-09,P029 (1980M 丑月),54,59,64
2026-05-10,P029 (1980M 丑月),66,71,76
2026-05-11,P029 (1980M 丑月),52,57,62
2026-05-12,P029 (1980M 丑月),63,68,73
2026-05-13,P029 (1980M 丑月),68,73,78
2026-05-14,P029 (1980M 丑月),54,59,64
2026-05-15,P029 (1980M 丑月),49,54,59
2026-05-16,P029 (1980M 丑月),61,66,71
2026-05-17,P029 (1980M 丑月),75,80,85
2026-05-18,P029 (1980M 丑月),55,60,65
2026-05-19,P029 (1980M 丑月),63,68,73
2026-05-20,P029 (1980M 丑月),68,73,78
2026-05-21,P029 (1980M 丑月),49,54,59
2026-05-22,P029 (1980M 丑月),59,64,69
2026-05-23,P029 (1980M 丑月),50,55,60
2026-05-24,P029 (1980M 丑月),58,63,68
2026-05-25,P029 (1980M 丑月),68,73,78
2026-05-26,P029 (1980M 丑月),63,68,73
2026-05-27,P029 (1980M 丑月),54,59,64
2026-05-28,P029 (1980M 丑月),61,66,71
2026-05-29,P029 (1980M 丑月),69,74,79
2026-05-30,P029 (1980M 丑月),53,58,63
2026-05-31,P029 (1980M 丑月),60,65,70
2025-12-03,P030 (1981F 卯月),81,85,90
2025-12-04,P030 (1981F 卯月),80,84,89
2025-12-05,P030 (1981F 卯月),73,77,82
2025-12-06,P030 (1981F 卯月),70,74,79
2025-12-07,P030 (1981F 卯月),50,54,59
2025-12-08,P030 (1981F 卯月),54,58,63
2025-12-09,P030 (1981F 卯月),45,49,54
2025-12-10,P030 (1981F 卯月),47,51,56
2025-12-11,P030 (1981F 卯月),48,52,57
2025-12-12,P030 (1981F 卯月),50,54,59
2025-12-13,P030 (1981F 卯月),49,53,58
2025-12-14,P030 (1981F 卯月),55,59,64
2025-12-15,P030 (1981F 卯月),63,67,72
2025-12-16,P030 (1981F 卯月),68,72,77
2025-12-17,P030 (1981F 卯月),50,54,59
2025-12-18,P030 (1981F 卯月),51,55,60
2025-12-19,P030 (1981F 卯月),51,55,60
2025-12-20,P030 (1981F 卯月),55,59,64
2025-12-21,P030 (1981F 卯月),46,50,55
2025-12-22,P030 (1981F 卯月),46,50,55
2025-12-23,P030 (1981F 卯月),46,50,55
2025-12-24,P030 (1981F 卯月),47,51,56
2025-12-25,P030 (1981F 卯月),49,53,58
2025-12-26,P030 (1981F 卯月),61,65,70
2025-12-27,P030 (1981F 卯月),56,60,65
2025-12-28,P030 (1981F 卯月),59,63,68
2025-12-29,P030 (1981F 卯月),49,53,58
2025-12-30,P030 (1981F 卯月),49,53,58
2025-12-31,P030 (1981F 卯月),52,56,61
2026-01-01,P030 (1981F 卯月),56,60,65
2026-01-02,P030 (1981F 卯月),47,51,56
2026-01-03,P030 (1981F 卯月),48,52,57
2026-01-04,P030 (1981F 卯月),51,55,60
2026-01-05,P030 (1981F 卯月),55,59,64
2026-01-06,P030 (1981F 卯月),52,56,61
2026-01-07,P030 (1981F 卯月),60,64,69
2026-01-08,P030 (1981F 卯月),63,67,72
2026-01-09,P030 (1981F 卯月),63,67,72
2026-01-10,P030 (1981F 卯月),52,56,61
2026-01-11,P030 (1981F 卯月),55,59,64
2026-01-12,P030 (1981F 卯月),51,55,60
2026-01-13,P030 (1981F 卯月),57,61,66
2026-01-14,P030 (1981F 卯月),49,53,58
2026-01-15,P030 (1981F 卯月),51,55,60
2026-01-16,P030 (1981F 卯月),53,57,62
2026-01-17,P030 (1981F 卯月),55,59,64
2026-01-18,P030 (1981F 卯月),54,58,63
2026-01-19,P030 (1981F 卯月),60,64,69
2026-01-20,P030 (1981F 卯月),64,68,73
2026-01-21,P030 (1981F 卯月),65,69,74
2026-01-22,P030 (1981F 卯月),51,55,60
2026-01-23,P030 (1981F 卯月),54,58,63
2026-01-24,P030 (1981F 卯月),54,58,63
2026-01-25,P030 (1981F 卯月),62,66,71
2026-01-26,P030 (1981F 卯月),49,53,58
2026-01-27,P030 (1981F 卯月),52,56,61
2026-01-28,P030 (1981F 卯月),54,58,63
2026-01-29,P030 (1981F 卯月),53,57,62
2026-01-30,P030 (1981F 卯月),51,55,60
2026-01-31,P030 (1981F 卯月),61,65,70
2026-02-01,P030 (1981F 卯月),61,65,70
2026-02-02,P030 (1981F 卯月),64,68,73
2026-02-03,P030 (1981F 卯月),50,54,59
2026-02-04,P030 (1981F 卯月),69,73,78
2026-02-05,P030 (1981F 卯月),66,70,75
2026-02-06,P030 (1981F 卯月),71,75,80
2026-02-07,P030 (1981F 卯月),50,54,59
2026-02-08,P030 (1981F 卯月),53,57,62
2026-02-09,P030 (1981F 卯月),63,67,72
2026-02-10,P030 (1981F 卯月),58,62,67
2026-02-11,P030 (1981F 卯月),63,67,72
2026-02-12,P030 (1981F 卯月),73,77,82
2026-02-13,P030 (1981F 卯月),83,87,92
2026-02-14,P030 (1981F 卯月),87,91,96
2026-02-15,P030 (1981F 卯月),65,69,74
2026-02-16,P030 (1981F 卯月),62,66,71
2026-02-17,P030 (1981F 卯月),64,68,73
2026-02-18,P030 (1981F 卯月),70,74,79
2026-02-19,P030 (1981F 卯月),52,56,61
2026-02-20,P030 (1981F 卯月),51,55,60
2026-02-21,P030 (1981F 卯月),59,63,68
2026-02-22,P030 (1981F 卯月),57,61,66
2026-02-23,P030 (1981F 卯月),65,69,74
2026-02-24,P030 (1981F 卯月),79,83,88
2026-02-25,P030 (1981F 卯月),73,77,82
2026-02-26,P030 (1981F 卯月),77,81,86
2026-02-27,P030 (1981F 卯月),64,68,73
2026-02-28,P030 (1981F 卯月),57,61,66
2026-03-01,P030 (1981F 卯月),69,73,78
2026-03-02,P030 (1981F 卯月),69,73,78
2026-03-03,P030 (1981F 卯月),49,53,58
2026-03-04,P030 (1981F 卯月),50,54,59
2026-03-05,P030 (1981F 卯月),64,68,73
2026-03-06,P030 (1981F 卯月),65,69,74
2026-03-07,P030 (1981F 卯月),62,66,71
2026-03-08,P030 (1981F 卯月),72,76,81
2026-03-09,P030 (1981F 卯月),76,80,85
2026-03-10,P030 (1981F 卯月),78,82,87
2026-03-11,P030 (1981F 卯月),65,69,74
2026-03-12,P030 (1981F 卯月),63,67,72
2026-03-13,P030 (1981F 卯月),63,67,72
2026-03-14,P030 (1981F 卯月),66,70,75
2026-03-15,P030 (1981F 卯月),52,56,61
2026-03-16,P030 (1981F 卯月),54,58,63
2026-03-17,P030 (1981F 卯月),59,63,68
2026-03-18,P030 (1981F 卯月),62,66,71
2026-03-19,P030 (1981F 卯月),59,63,68
2026-03-20,P030 (1981F 卯月),69,73,78
2026-03-21,P030 (1981F 卯月),77,81,86
2026-03-22,P030 (1981F 卯月),74,78,83
2026-03-23,P030 (1981F 卯月),61,65,70
2026-03-24,P030 (1981F 卯月),61,65,70
2026-03-25,P030 (1981F 卯月),66,70,75
2026-03-26,P030 (1981F 卯月),75,79,84
2026-03-27,P030 (1981F 卯月),52,56,61
2026-03-28,P030 (1981F 卯月),55,59,64
2026-03-29,P030 (1981F 卯月),63,67,72
2026-03-30,P030 (1981F 卯月),63,67,72
2026-03-31,P030 (1981F 卯月),64,68,73
2026-04-01,P030 (1981F 卯月),71,75,80
2026-04-02,P030 (1981F 卯月),74,78,83
2026-04-03,P030 (1981F 卯月),76,80,85
2026-04-04,P030 (1981F 卯月),67,71,76
2026-04-05,P030 (1981F 卯月),70,74,79
2026-04-06,P030 (1981F 卯月),71,75,80
2026-04-07,P030 (1981F 卯月),77,81,86
2026-04-08,P030 (1981F 卯月),54,58,63
2026-04-09,P030 (1981F 卯月),52,56,61
2026-04-10,P030 (1981F 卯月),66,70,75
2026-04-11,P030 (1981F 卯月),61,65,70
2026-04-12,P030 (1981F 卯月),65,69,74
2026-04-13,P030 (1981F 卯月),76,80,85
2026-04-14,P030 (1981F 卯月),86,90,95
2026-04-15,P030 (1981F 卯月),88,92,97
2026-04-16,P030 (1981F 卯月),68,72,77
2026-04-17,P030 (1981F 卯月),65,69,74
2026-04-18,P030 (1981F 卯月),68,72,77
2026-04-19,P030 (1981F 卯月),75,79,84
2026-04-20,P030 (1981F 卯月),56,60,65
2026-04-21,P030 (1981F 卯月),54,58,63
2026-04-22,P030 (1981F 卯月),62,66,71
2026-04-23,P030 (1981F 卯月),63,67,72
2026-04-24,P030 (1981F 卯月),72,76,81
2026-04-25,P030 (1981F 卯月),84,88,93
2026-04-26,P030 (1981F 卯月),80,84,89
2026-04-27,P030 (1981F 卯月),83,87,92
2026-04-28,P030 (1981F 卯月),69,73,78
2026-04-29,P030 (1981F 卯月),62,66,71
2026-04-30,P030 (1981F 卯月),73,77,82
2026-05-01,P030 (1981F 卯月),76,80,85
2026-05-02,P030 (1981F 卯月),51,55,60
2026-05-03,P030 (1981F 卯月),52,56,61
2026-05-04,P030 (1981F 卯月),68,72,77
2026-05-05,P030 (1981F 卯月),71,75,80
2026-05-06,P030 (1981F 卯月),65,69,74
2026-05-07,P030 (1981F 卯月),80,84,89
2026-05-08,P030 (1981F 卯月),83,87,92
2026-05-09,P030 (1981F 卯月),82,86,91
2026-05-10,P030 (1981F 卯月),74,78,83
2026-05-11,P030 (1981F 卯月),69,73,78
2026-05-12,P030 (1981F 卯月),70,74,79
2026-05-13,P030 (1981F 卯月),74,78,83
2026-05-14,P030 (1981F 卯月),57,61,66
2026-05-15,P030 (1981F 卯月),61,65,70
2026-05-16,P030 (1981F 卯月),66,70,75
2026-05-17,P030 (1981F 卯月),68,72,77
2026-05-18,P030 (1981F 卯月),65,69,74
2026-05-19,P030 (1981F 卯月),77,81,86
2026-05-20,P030 (1981F 卯月),86,90,95
2026-05-21,P030 (1981F 卯月),84,88,93
2026-05-22,P030 (1981F 卯月),70,74,79
2026-05-23,P030 (1981F 卯月),67,71,76
2026-05-24,P030 (1981F 卯月),72,76,81
2026-05-25,P030 (1981F 卯月),80,84,89
2026-05-26,P030 (1981F 卯月),57,61,66
2026-05-27,P030 (1981F 卯月),60,64,69
2026-05-28,P030 (1981F 卯月),69,73,78
2026-05-29,P030 (1981F 卯月),68,72,77
2026-05-30,P030 (1981F 卯月),72,76,81
2026-05-31,P030 (1981F 卯月),79,83,88
2025-12-03,P031 (1982M 午月),58,64,69
2025-12-04,P031 (1982M 午月),62,68,73
2025-12-05,P031 (1982M 午月),55,61,66
2025-12-06,P031 (1982M 午月),58,64,69
2025-12-07,P031 (1982M 午月),55,61,66
2025-12-08,P031 (1982M 午月),50,56,61
2025-12-09,P031 (1982M 午月),46,52,57
2025-12-10,P031 (1982M 午月),48,54,59
2025-12-11,P031 (1982M 午月),63,69,74
2025-12-12,P031 (1982M 午月),57,63,68
2025-12-13,P031 (1982M 午月),47,53,58
2025-12-14,P031 (1982M 午月),52,58,63
2025-12-15,P031 (1982M 午月),62,68,73
2025-12-16,P031 (1982M 午月),58,64,69
2025-12-17,P031 (1982M 午月),53,59,64
2025-12-18,P031 (1982M 午月),51,57,62
2025-12-19,P031 (1982M 午月),56,62,67
2025-12-20,P031 (1982M 午月),54,60,65
2025-12-21,P031 (1982M 午月),50,56,61
2025-12-22,P031 (1982M 午月),49,55,60
2025-12-23,P031 (1982M 午月),65,71,76
2025-12-24,P031 (1982M 午月),62,68,73
2025-12-25,P031 (1982M 午月),52,58,63
2025-12-26,P031 (1982M 午月),52,58,63
2025-12-27,P031 (1982M 午月),60,66,71
2025-12-28,P031 (1982M 午月),55,61,66
2025-12-29,P031 (1982M 午月),51,57,62
2025-12-30,P031 (1982M 午月),51,57,62
2025-12-31,P031 (1982M 午月),55,61,66
2026-01-01,P031 (1982M 午月),54,60,65
2026-01-02,P031 (1982M 午月),50,56,61
2026-01-03,P031 (1982M 午月),49,55,60
2026-01-04,P031 (1982M 午月),63,69,74
2026-01-05,P031 (1982M 午月),62,68,73
2026-01-06,P031 (1982M 午月),48,54,59
2026-01-07,P031 (1982M 午月),49,55,60
2026-01-08,P031 (1982M 午月),58,64,69
2026-01-09,P031 (1982M 午月),54,60,65
2026-01-10,P031 (1982M 午月),49,55,60
2026-01-11,P031 (1982M 午月),49,55,60
2026-01-12,P031 (1982M 午月),47,53,58
2026-01-13,P031 (1982M 午月),55,61,66
2026-01-14,P031 (1982M 午月),48,54,59
2026-01-15,P031 (1982M 午月),50,56,61
2026-01-16,P031 (1982M 午月),69,75,80
2026-01-17,P031 (1982M 午月),62,68,73
2026-01-18,P031 (1982M 午月),49,55,60
2026-01-19,P031 (1982M 午月),51,57,62
2026-01-20,P031 (1982M 午月),60,66,71
2026-01-21,P031 (1982M 午月),62,68,73
2026-01-22,P031 (1982M 午月),49,55,60
2026-01-23,P031 (1982M 午月),51,57,62
2026-01-24,P031 (1982M 午月),53,59,64
2026-01-25,P031 (1982M 午月),63,69,74
2026-01-26,P031 (1982M 午月),48,54,59
2026-01-27,P031 (1982M 午月),49,55,60
2026-01-28,P031 (1982M 午月),66,72,77
2026-01-29,P031 (1982M 午月),61,67,72
2026-01-30,P031 (1982M 午月),49,55,60
2026-01-31,P031 (1982M 午月),56,62,67
2026-02-01,P031 (1982M 午月),56,62,67
2026-02-02,P031 (1982M 午月),62,68,73
2026-02-03,P031 (1982M 午月),53,59,64
2026-02-04,P031 (1982M 午月),75,81,86
2026-02-05,P031 (1982M 午月),78,84,89
2026-02-06,P031 (1982M 午月),76,82,87
2026-02-07,P031 (1982M 午月),68,74,79
2026-02-08,P031 (1982M 午月),63,69,74
2026-02-09,P031 (1982M 午月),83,89,94
2026-02-10,P031 (1982M 午月),84,90,95
2026-02-11,P031 (1982M 午月),61,67,72
2026-02-12,P031 (1982M 午月),73,79,84
2026-02-13,P031 (1982M 午月),80,86,91
2026-02-14,P031 (1982M 午月),83,89,94
2026-02-15,P031 (1982M 午月),72,78,83
2026-02-16,P031 (1982M 午月),69,75,80
2026-02-17,P031 (1982M 午月),75,81,86
2026-02-18,P031 (1982M 午月),70,76,81
2026-02-19,P031 (1982M 午月),63,69,74
2026-02-20,P031 (1982M 午月),65,71,76
2026-02-21,P031 (1982M 午月),78,84,89
2026-02-22,P031 (1982M 午月),81,87,92
2026-02-23,P031 (1982M 午月),65,71,76
2026-02-24,P031 (1982M 午月),75,81,86
2026-02-25,P031 (1982M 午月),80,86,91
2026-02-26,P031 (1982M 午月),75,81,86
2026-02-27,P031 (1982M 午月),67,73,78
2026-02-28,P031 (1982M 午月),64,70,75
2026-03-01,P031 (1982M 午月),71,77,82
2026-03-02,P031 (1982M 午月),74,80,85
2026-03-03,P031 (1982M 午月),57,63,68
2026-03-04,P031 (1982M 午月),63,69,74
2026-03-05,P031 (1982M 午月),85,91,96
2026-03-06,P031 (1982M 午月),87,93,98
2026-03-07,P031 (1982M 午月),67,73,78
2026-03-08,P031 (1982M 午月),72,78,83
2026-03-09,P031 (1982M 午月),82,88,93
2026-03-10,P031 (1982M 午月),76,82,87
2026-03-11,P031 (1982M 午月),69,75,80
2026-03-12,P031 (1982M 午月),67,73,78
2026-03-13,P031 (1982M 午月),64,70,75
2026-03-14,P031 (1982M 午月),74,80,85
2026-03-15,P031 (1982M 午月),60,66,71
2026-03-16,P031 (1982M 午月),69,75,80
2026-03-17,P031 (1982M 午月),85,91,96
2026-03-18,P031 (1982M 午月),83,89,94
2026-03-19,P031 (1982M 午月),61,67,72
2026-03-20,P031 (1982M 午月),65,71,76
2026-03-21,P031 (1982M 午月),77,83,88
2026-03-22,P031 (1982M 午月),79,85,90
2026-03-23,P031 (1982M 午月),61,67,72
2026-03-24,P031 (1982M 午月),68,74,79
2026-03-25,P031 (1982M 午月),71,77,82
2026-03-26,P031 (1982M 午月),81,87,92
2026-03-27,P031 (1982M 午月),61,67,72
2026-03-28,P031 (1982M 午月),64,70,75
2026-03-29,P031 (1982M 午月),83,89,94
2026-03-30,P031 (1982M 午月),79,85,90
2026-03-31,P031 (1982M 午月),62,68,73
2026-04-01,P031 (1982M 午月),71,77,82
2026-04-02,P031 (1982M 午月),70,76,81
2026-04-03,P031 (1982M 午月),78,84,89
2026-04-04,P031 (1982M 午月),67,73,78
2026-04-05,P031 (1982M 午月),52,58,63
2026-04-06,P031 (1982M 午月),58,64,69
2026-04-07,P031 (1982M 午月),54,60,65
2026-04-08,P031 (1982M 午月),48,54,59
2026-04-09,P031 (1982M 午月),45,51,56
2026-04-10,P031 (1982M 午月),66,72,77
2026-04-11,P031 (1982M 午月),62,68,73
2026-04-12,P031 (1982M 午月),49,55,60
2026-04-13,P031 (1982M 午月),51,57,62
2026-04-14,P031 (1982M 午月),63,69,74
2026-04-15,P031 (1982M 午月),61,67,72
2026-04-16,P031 (1982M 午月),53,59,64
2026-04-17,P031 (1982M 午月),55,61,66
2026-04-18,P031 (1982M 午月),58,64,69
2026-04-19,P031 (1982M 午月),56,62,67
2026-04-20,P031 (1982M 午月),49,55,60
2026-04-21,P031 (1982M 午月),45,51,56
2026-04-22,P031 (1982M 午月),60,66,71
2026-04-23,P031 (1982M 午月),58,64,69
2026-04-24,P031 (1982M 午月),46,52,57
2026-04-25,P031 (1982M 午月),49,55,60
2026-04-26,P031 (1982M 午月),58,64,69
2026-04-27,P031 (1982M 午月),56,62,67
2026-04-28,P031 (1982M 午月),50,56,61
2026-04-29,P031 (1982M 午月),51,57,62
2026-04-30,P031 (1982M 午月),60,66,71
2026-05-01,P031 (1982M 午月),55,61,66
2026-05-02,P031 (1982M 午月),47,53,58
2026-05-03,P031 (1982M 午月),47,53,58
2026-05-04,P031 (1982M 午月),69,75,80
2026-05-05,P031 (1982M 午月),68,74,79
2026-05-06,P031 (1982M 午月),51,57,62
2026-05-07,P031 (1982M 午月),54,60,65
2026-05-08,P031 (1982M 午月),65,71,76
2026-05-09,P031 (1982M 午月),59,65,70
2026-05-10,P031 (1982M 午月),54,60,65
2026-05-11,P031 (1982M 午月),53,59,64
2026-05-12,P031 (1982M 午月),55,61,66
2026-05-13,P031 (1982M 午月),60,66,71
2026-05-14,P031 (1982M 午月),49,55,60
2026-05-15,P031 (1982M 午月),52,58,63
2026-05-16,P031 (1982M 午月),72,78,83
2026-05-17,P031 (1982M 午月),64,70,75
2026-05-18,P031 (1982M 午月),49,55,60
2026-05-19,P031 (1982M 午月),52,58,63
2026-05-20,P031 (1982M 午月),62,68,73
2026-05-21,P031 (1982M 午月),61,67,72
2026-05-22,P031 (1982M 午月),48,54,59
2026-05-23,P031 (1982M 午月),50,56,61
2026-05-24,P031 (1982M 午月),57,63,68
2026-05-25,P031 (1982M 午月),63,69,74
2026-05-26,P031 (1982M 午月),51,57,62
2026-05-27,P031 (1982M 午月),50,56,61
2026-05-28,P031 (1982M 午月),72,78,83
2026-05-29,P031 (1982M 午月),66,72,77
2026-05-30,P031 (1982M 午月),51,57,62
2026-05-31,P031 (1982M 午月),57,63,68
2025-12-03,P032 (1983F 未月),70,73,78
2025-12-04,P032 (1983F 未月),82,85,90
2025-12-05,P032 (1983F 未月),71,74,79
2025-12-06,P032 (1983F 未月),67,70,75
2025-12-07,P032 (1983F 未月),64,67,72
2025-12-08,P032 (1983F 未月),78,81,86
2025-12-09,P032 (1983F 未月),63,66,71
2025-12-10,P032 (1983F 未月),54,57,62
2025-12-11,P032 (1983F 未月),69,72,77
2025-12-12,P032 (1983F 未月),69,72,77
2025-12-13,P032 (1983F 未月),63,66,71
2025-12-14,P032 (1983F 未月),59,62,67
2025-12-15,P032 (1983F 未月),62,65,70
2025-12-16,P032 (1983F 未月),67,70,75
2025-12-17,P032 (1983F 未月),60,63,68
2025-12-18,P032 (1983F 未月),53,56,61
2025-12-19,P032 (1983F 未月),70,73,78
2025-12-20,P032 (1983F 未月),85,88,93
2025-12-21,P032 (1983F 未月),59,62,67
2025-12-22,P032 (1983F 未月),50,53,58
2025-12-23,P032 (1983F 未月),72,75,80
2025-12-24,P032 (1983F 未月),65,68,73
2025-12-25,P032 (1983F 未月),60,63,68
2025-12-26,P032 (1983F 未月),60,63,68
2025-12-27,P032 (1983F 未月),59,62,67
2025-12-28,P032 (1983F 未月),70,73,78
2025-12-29,P032 (1983F 未月),62,65,70
2025-12-30,P032 (1983F 未月),54,57,62
2025-12-31,P032 (1983F 未月),67,70,75
2026-01-01,P032 (1983F 未月),81,84,89
2026-01-02,P032 (1983F 未月),60,63,68
2026-01-03,P032 (1983F 未月),50,53,58
2026-01-04,P032 (1983F 未月),67,70,75
2026-01-05,P032 (1983F 未月),60,63,68
2026-01-06,P032 (1983F 未月),52,55,60
2026-01-07,P032 (1983F 未月),57,60,65
2026-01-08,P032 (1983F 未月),55,58,63
2026-01-09,P032 (1983F 未月),68,71,76
2026-01-10,P032 (1983F 未月),47,50,55
2026-01-11,P032 (1983F 未月),51,54,59
2026-01-12,P032 (1983F 未月),51,54,59
2026-01-13,P032 (1983F 未月),70,73,78
2026-01-14,P032 (1983F 未月),49,52,57
2026-01-15,P032 (1983F 未月),47,50,55
2026-01-16,P032 (1983F 未月),57,60,65
2026-01-17,P032 (1983F 未月),58,61,66
2026-01-18,P032 (1983F 未月),46,49,54
2026-01-19,P032 (1983F 未月),58,61,66
2026-01-20,P032 (1983F 未月),52,55,60
2026-01-21,P032 (1983F 未月),68,71,76
2026-01-22,P032 (1983F 未月),52,55,60
2026-01-23,P032 (1983F 未月),54,57,62
2026-01-24,P032 (1983F 未月),60,63,68
2026-01-25,P032 (1983F 未月),79,82,87
2026-01-26,P032 (1983F 未月),54,57,62
2026-01-27,P032 (1983F 未月),52,55,60
2026-01-28,P032 (1983F 未月),65,68,73
2026-01-29,P032 (1983F 未月),68,71,76
2026-01-30,P032 (1983F 未月),49,52,57
2026-01-31,P032 (1983F 未月),60,63,68
2026-02-01,P032 (1983F 未月),59,62,67
2026-02-02,P032 (1983F 未月),72,75,80
2026-02-03,P032 (1983F 未月),57,60,65
2026-02-04,P032 (1983F 未月),65,68,73
2026-02-05,P032 (1983F 未月),77,80,85
2026-02-06,P032 (1983F 未月),88,91,96
2026-02-07,P032 (1983F 未月),72,75,80
2026-02-08,P032 (1983F 未月),59,62,67
2026-02-09,P032 (1983F 未月),76,79,84
2026-02-10,P032 (1983F 未月),75,78,83
2026-02-11,P032 (1983F 未月),66,69,74
2026-02-12,P032 (1983F 未月),66,69,74
2026-02-13,P032 (1983F 未月),67,70,75
2026-02-14,P032 (1983F 未月),74,77,82
2026-02-15,P032 (1983F 未月),69,72,77
2026-02-16,P032 (1983F 未月),60,63,68
2026-02-17,P032 (1983F 未月),80,83,88
2026-02-18,P032 (1983F 未月),86,89,94
2026-02-19,P032 (1983F 未月),66,69,74
2026-02-20,P032 (1983F 未月),59,62,67
2026-02-21,P032 (1983F 未月),79,82,87
2026-02-22,P032 (1983F 未月),72,75,80
2026-02-23,P032 (1983F 未月),70,73,78
2026-02-24,P032 (1983F 未月),66,69,74
2026-02-25,P032 (1983F 未月),67,70,75
2026-02-26,P032 (1983F 未月),78,81,86
2026-02-27,P032 (1983F 未月),71,74,79
2026-02-28,P032 (1983F 未月),61,64,69
2026-03-01,P032 (1983F 未月),71,74,79
2026-03-02,P032 (1983F 未月),85,88,93
2026-03-03,P032 (1983F 未月),68,71,76
2026-03-04,P032 (1983F 未月),57,60,65
2026-03-05,P032 (1983F 未月),80,83,88
2026-03-06,P032 (1983F 未月),77,80,85
2026-03-07,P032 (1983F 未月),67,70,75
2026-03-08,P032 (1983F 未月),71,74,79
2026-03-09,P032 (1983F 未月),71,74,79
2026-03-10,P032 (1983F 未月),83,86,91
2026-03-11,P032 (1983F 未月),64,67,72
2026-03-12,P032 (1983F 未月),65,68,73
2026-03-13,P032 (1983F 未月),69,72,77
2026-03-14,P032 (1983F 未月),86,89,94
2026-03-15,P032 (1983F 未月),66,69,74
2026-03-16,P032 (1983F 未月),62,65,70
2026-03-17,P032 (1983F 未月),73,76,81
2026-03-18,P032 (1983F 未月),72,75,80
2026-03-19,P032 (1983F 未月),67,70,75
2026-03-20,P032 (1983F 未月),73,76,81
2026-03-21,P032 (1983F 未月),67,70,75
2026-03-22,P032 (1983F 未月),80,83,88
2026-03-23,P032 (1983F 未月),66,69,74
2026-03-24,P032 (1983F 未月),68,71,76
2026-03-25,P032 (1983F 未月),72,75,80
2026-03-26,P032 (1983F 未月),87,90,95
2026-03-27,P032 (1983F 未月),66,69,74
2026-03-28,P032 (1983F 未月),62,65,70
2026-03-29,P032 (1983F 未月),78,81,86
2026-03-30,P032 (1983F 未月),75,78,83
2026-03-31,P032 (1983F 未月),62,65,70
2026-04-01,P032 (1983F 未月),70,73,78
2026-04-02,P032 (1983F 未月),66,69,74
2026-04-03,P032 (1983F 未月),81,84,89
2026-04-04,P032 (1983F 未月),65,68,73
2026-04-05,P032 (1983F 未月),53,56,61
2026-04-06,P032 (1983F 未月),67,70,75
2026-04-07,P032 (1983F 未月),77,80,85
2026-04-08,P032 (1983F 未月),64,67,72
2026-04-09,P032 (1983F 未月),53,56,61
2026-04-10,P032 (1983F 未月),67,70,75
2026-04-11,P032 (1983F 未月),69,72,77
2026-04-12,P032 (1983F 未月),60,63,68
2026-04-13,P032 (1983F 未月),61,64,69
2026-04-14,P032 (1983F 未月),59,62,67
2026-04-15,P032 (1983F 未月),68,71,76
2026-04-16,P032 (1983F 未月),63,66,71
2026-04-17,P032 (1983F 未月),53,56,61
2026-04-18,P032 (1983F 未月),69,72,77
2026-04-19,P032 (1983F 未月),84,87,92
2026-04-20,P032 (1983F 未月),61,64,69
2026-04-21,P032 (1983F 未月),51,54,59
2026-04-22,P032 (1983F 未月),71,74,79
2026-04-23,P032 (1983F 未月),64,67,72
2026-04-24,P032 (1983F 未月),61,64,69
2026-04-25,P032 (1983F 未月),58,61,66
2026-04-26,P032 (1983F 未月),58,61,66
2026-04-27,P032 (1983F 未月),70,73,78
2026-04-28,P032 (1983F 未月),61,64,69
2026-04-29,P032 (1983F 未月),55,58,63
2026-04-30,P032 (1983F 未月),63,66,71
2026-05-01,P032 (1983F 未月),78,81,86
2026-05-02,P032 (1983F 未月),60,63,68
2026-05-03,P032 (1983F 未月),50,53,58
2026-05-04,P032 (1983F 未月),70,73,78
2026-05-05,P032 (1983F 未月),60,63,68
2026-05-06,P032 (1983F 未月),53,56,61
2026-05-07,P032 (1983F 未月),59,62,67
2026-05-08,P032 (1983F 未月),57,60,65
2026-05-09,P032 (1983F 未月),72,75,80
2026-05-10,P032 (1983F 未月),53,56,61
2026-05-11,P032 (1983F 未月),55,58,63
2026-05-12,P032 (1983F 未月),58,61,66
2026-05-13,P032 (1983F 未月),80,83,88
2026-05-14,P032 (1983F 未月),54,57,62
2026-05-15,P032 (1983F 未月),50,53,58
2026-05-16,P032 (1983F 未月),60,63,68
2026-05-17,P032 (1983F 未月),61,64,69
2026-05-18,P032 (1983F 未月),53,56,61
2026-05-19,P032 (1983F 未月),62,65,70
2026-05-20,P032 (1983F 未月),53,56,61
2026-05-21,P032 (1983F 未月),67,70,75
2026-05-22,P032 (1983F 未月),51,54,59
2026-05-23,P032 (1983F 未月),55,58,63
2026-05-24,P032 (1983F 未月),56,59,64
2026-05-25,P032 (1983F 未月),73,76,81
2026-05-26,P032 (1983F 未月),54,57,62
2026-05-27,P032 (1983F 未月),52,55,60
2026-05-28,P032 (1983F 未月),64,67,72
2026-05-29,P032 (1983F 未月),66,69,74
2026-05-30,P032 (1983F 未月),51,54,59
2026-05-31,P032 (1983F 未月),62,65,70
2025-12-03,P033 (1984M 申月),48,50,55
2025-12-04,P033 (1984M 申月),49,51,56
2025-12-05,P033 (1984M 申月),71,73,78
2025-12-06,P033 (1984M 申月),67,69,74
2025-12-07,P033 (1984M 申月),66,68,73
2025-12-08,P033 (1984M 申月),68,70,75
2025-12-09,P033 (1984M 申月),85,87,92
2025-12-10,P033 (1984M 申月),81,83,88
2025-12-11,P033 (1984M 申月),70,72,77
2025-12-12,P033 (1984M 申月),63,65,70
2025-12-13,P033 (1984M 申月),79,81,86
2025-12-14,P033 (1984M 申月),80,82,87
2025-12-15,P033 (1984M 申月),61,63,68
2025-12-16,P033 (1984M 申月),56,58,63
2025-12-17,P033 (1984M 申月),83,85,90
2025-12-18,P033 (1984M 申月),71,73,78
2025-12-19,P033 (1984M 申月),69,71,76
2025-12-20,P033 (1984M 申月),68,70,75
2025-12-21,P033 (1984M 申月),92,94,99
2025-12-22,P033 (1984M 申月),88,90,95
2025-12-23,P033 (1984M 申月),71,73,78
2025-12-24,P033 (1984M 申月),65,67,72
2025-12-25,P033 (1984M 申月),81,83,88
2025-12-26,P033 (1984M 申月),85,87,92
2025-12-27,P033 (1984M 申月),67,69,74
2025-12-28,P033 (1984M 申月),60,62,67
2025-12-29,P033 (1984M 申月),82,84,89
2025-12-30,P033 (1984M 申月),68,70,75
2025-12-31,P033 (1984M 申月),77,79,84
2026-01-01,P033 (1984M 申月),76,78,83
2026-01-02,P033 (1984M 申月),88,90,95
2026-01-03,P033 (1984M 申月),88,90,95
2026-01-04,P033 (1984M 申月),67,69,74
2026-01-05,P033 (1984M 申月),62,64,69
2026-01-06,P033 (1984M 申月),78,80,85
2026-01-07,P033 (1984M 申月),77,79,84
2026-01-08,P033 (1984M 申月),57,59,64
2026-01-09,P033 (1984M 申月),51,53,58
2026-01-10,P033 (1984M 申月),87,89,94
2026-01-11,P033 (1984M 申月),78,80,85
2026-01-12,P033 (1984M 申月),66,68,73
2026-01-13,P033 (1984M 申月),71,73,78
2026-01-14,P033 (1984M 申月),79,81,86
2026-01-15,P033 (1984M 申月),82,84,89
2026-01-16,P033 (1984M 申月),63,65,70
2026-01-17,P033 (1984M 申月),57,59,64
2026-01-18,P033 (1984M 申月),79,81,86
2026-01-19,P033 (1984M 申月),74,76,81
2026-01-20,P033 (1984M 申月),58,60,65
2026-01-21,P033 (1984M 申月),58,60,65
2026-01-22,P033 (1984M 申月),80,82,87
2026-01-23,P033 (1984M 申月),80,82,87
2026-01-24,P033 (1984M 申月),63,65,70
2026-01-25,P033 (1984M 申月),74,76,81
2026-01-26,P033 (1984M 申月),84,86,91
2026-01-27,P033 (1984M 申月),81,83,88
2026-01-28,P033 (1984M 申月),63,65,70
2026-01-29,P033 (1984M 申月),56,58,63
2026-01-30,P033 (1984M 申月),83,85,90
2026-01-31,P033 (1984M 申月),77,79,84
2026-02-01,P033 (1984M 申月),55,57,62
2026-02-02,P033 (1984M 申月),55,57,62
2026-02-03,P033 (1984M 申月),80,82,87
2026-02-04,P033 (1984M 申月),52,54,59
2026-02-05,P033 (1984M 申月),47,49,54
2026-02-06,P033 (1984M 申月),48,50,55
2026-02-07,P033 (1984M 申月),68,70,75
2026-02-08,P033 (1984M 申月),60,62,67
2026-02-09,P033 (1984M 申月),51,53,58
2026-02-10,P033 (1984M 申月),46,48,53
2026-02-11,P033 (1984M 申月),55,57,62
2026-02-12,P033 (1984M 申月),56,58,63
2026-02-13,P033 (1984M 申月),46,48,53
2026-02-14,P033 (1984M 申月),46,48,53
2026-02-15,P033 (1984M 申月),62,64,69
2026-02-16,P033 (1984M 申月),49,51,56
2026-02-17,P033 (1984M 申月),48,50,55
2026-02-18,P033 (1984M 申月),46,48,53
2026-02-19,P033 (1984M 申月),69,71,76
2026-02-20,P033 (1984M 申月),65,67,72
2026-02-21,P033 (1984M 申月),49,51,56
2026-02-22,P033 (1984M 申月),45,47,52
2026-02-23,P033 (1984M 申月),58,60,65
2026-02-24,P033 (1984M 申月),57,59,64
2026-02-25,P033 (1984M 申月),46,48,53
2026-02-26,P033 (1984M 申月),46,48,53
2026-02-27,P033 (1984M 申月),66,68,73
2026-02-28,P033 (1984M 申月),50,52,57
2026-03-01,P033 (1984M 申月),52,54,59
2026-03-02,P033 (1984M 申月),54,56,61
2026-03-03,P033 (1984M 申月),70,72,77
2026-03-04,P033 (1984M 申月),68,70,75
2026-03-05,P033 (1984M 申月),50,52,57
2026-03-06,P033 (1984M 申月),48,50,55
2026-03-07,P033 (1984M 申月),58,60,65
2026-03-08,P033 (1984M 申月),62,64,69
2026-03-09,P033 (1984M 申月),47,49,54
2026-03-10,P033 (1984M 申月),47,49,54
2026-03-11,P033 (1984M 申月),73,75,80
2026-03-12,P033 (1984M 申月),61,63,68
2026-03-13,P033 (1984M 申月),50,52,57
2026-03-14,P033 (1984M 申月),56,58,63
2026-03-15,P033 (1984M 申月),66,68,73
2026-03-16,P033 (1984M 申月),72,74,79
2026-03-17,P033 (1984M 申月),48,50,55
2026-03-18,P033 (1984M 申月),47,49,54
2026-03-19,P033 (1984M 申月),59,61,66
2026-03-20,P033 (1984M 申月),56,58,63
2026-03-21,P033 (1984M 申月),47,49,54
2026-03-22,P033 (1984M 申月),47,49,54
2026-03-23,P033 (1984M 申月),68,70,75
2026-03-24,P033 (1984M 申月),57,59,64
2026-03-25,P033 (1984M 申月),49,51,56
2026-03-26,P033 (1984M 申月),57,59,64
2026-03-27,P033 (1984M 申月),69,71,76
2026-03-28,P033 (1984M 申月),69,71,76
2026-03-29,P033 (1984M 申月),49,51,56
2026-03-30,P033 (1984M 申月),49,51,56
2026-03-31,P033 (1984M 申月),73,75,80
2026-04-01,P033 (1984M 申月),66,68,73
2026-04-02,P033 (1984M 申月),46,48,53
2026-04-03,P033 (1984M 申月),47,49,54
2026-04-04,P033 (1984M 申月),66,68,73
2026-04-05,P033 (1984M 申月),72,74,79
2026-04-06,P033 (1984M 申月),61,63,68
2026-04-07,P033 (1984M 申月),64,66,71
2026-04-08,P033 (1984M 申月),82,84,89
2026-04-09,P033 (1984M 申月),78,80,85
2026-04-10,P033 (1984M 申月),64,66,71
2026-04-11,P033 (1984M 申月),57,59,64
2026-04-12,P033 (1984M 申月),74,76,81
2026-04-13,P033 (1984M 申月),76,78,83
2026-04-14,P033 (1984M 申月),53,55,60
2026-04-15,P033 (1984M 申月),48,50,55
2026-04-16,P033 (1984M 申月),77,79,84
2026-04-17,P033 (1984M 申月),63,65,70
2026-04-18,P033 (1984M 申月),58,60,65
2026-04-19,P033 (1984M 申月),58,60,65
2026-04-20,P033 (1984M 申月),87,89,94
2026-04-21,P033 (1984M 申月),84,86,91
2026-04-22,P033 (1984M 申月),62,64,69
2026-04-23,P033 (1984M 申月),57,59,64
2026-04-24,P033 (1984M 申月),75,77,82
2026-04-25,P033 (1984M 申月),79,81,86
2026-04-26,P033 (1984M 申月),61,63,68
2026-04-27,P033 (1984M 申月),54,56,61
2026-04-28,P033 (1984M 申月),79,81,86
2026-04-29,P033 (1984M 申月),63,65,70
2026-04-30,P033 (1984M 申月),70,72,77
2026-05-01,P033 (1984M 申月),70,72,77
2026-05-02,P033 (1984M 申月),82,84,89
2026-05-03,P033 (1984M 申月),84,86,91
2026-05-04,P033 (1984M 申月),61,63,68
2026-05-05,P033 (1984M 申月),59,61,66
2026-05-06,P033 (1984M 申月),78,80,85
2026-05-07,P033 (1984M 申月),73,75,80
2026-05-08,P033 (1984M 申月),54,56,61
2026-05-09,P033 (1984M 申月),50,52,57
2026-05-10,P033 (1984M 申月),83,85,90
2026-05-11,P033 (1984M 申月),69,71,76
2026-05-12,P033 (1984M 申月),58,60,65
2026-05-13,P033 (1984M 申月),64,66,71
2026-05-14,P033 (1984M 申月),78,80,85
2026-05-15,P033 (1984M 申月),79,81,86
2026-05-16,P033 (1984M 申月),60,62,67
2026-05-17,P033 (1984M 申月),50,52,57
2026-05-18,P033 (1984M 申月),73,75,80
2026-05-19,P033 (1984M 申月),67,69,74
2026-05-20,P033 (1984M 申月),58,60,65
2026-05-21,P033 (1984M 申月),51,53,58
2026-05-22,P033 (1984M 申月),76,78,83
2026-05-23,P033 (1984M 申月),73,75,80
2026-05-24,P033 (1984M 申月),61,63,68
2026-05-25,P033 (1984M 申月),68,70,75
2026-05-26,P033 (1984M 申月),86,88,93
2026-05-27,P033 (1984M 申月),84,86,91
2026-05-28,P033 (1984M 申月),64,66,71
2026-05-29,P033 (1984M 申月),51,53,58
2026-05-30,P033 (1984M 申月),83,85,90
2026-05-31,P033 (1984M 申月),76,78,83
2025-12-03,P034 (1985F 戌月),67,67,72
2025-12-04,P034 (1985F 戌月),60,60,65
2025-12-05,P034 (1985F 戌月),70,70,75
2025-12-06,P034 (1985F 戌月),78,78,83
2025-12-07,P034 (1985F 戌月),67,67,72
2025-12-08,P034 (1985F 戌月),80,80,85
2025-12-09,P034 (1985F 戌月),81,81,86
2025-12-10,P034 (1985F 戌月),84,84,89
2025-12-11,P034 (1985F 戌月),81,81,86
2025-12-12,P034 (1985F 戌月),64,64,69
2025-12-13,P034 (1985F 戌月),80,80,85
2025-12-14,P034 (1985F 戌月),73,73,78
2025-12-15,P034 (1985F 戌月),63,63,68
2025-12-16,P034 (1985F 戌月),59,59,64
2025-12-17,P034 (1985F 戌月),65,65,70
2025-12-18,P034 (1985F 戌月),78,78,83
2025-12-19,P034 (1985F 戌月),64,64,69
2025-12-20,P034 (1985F 戌月),82,82,87
2025-12-21,P034 (1985F 戌月),87,87,92
2025-12-22,P034 (1985F 戌月),86,86,91
2025-12-23,P034 (1985F 戌月),79,79,84
2025-12-24,P034 (1985F 戌月),70,70,75
2025-12-25,P034 (1985F 戌月),84,84,89
2025-12-26,P034 (1985F 戌月),68,68,73
2025-12-27,P034 (1985F 戌月),60,60,65
2025-12-28,P034 (1985F 戌月),60,60,65
2025-12-29,P034 (1985F 戌月),61,61,66
2025-12-30,P034 (1985F 戌月),76,76,81
2025-12-31,P034 (1985F 戌月),73,73,78
2026-01-01,P034 (1985F 戌月),85,85,90
2026-01-02,P034 (1985F 戌月),85,85,90
2026-01-03,P034 (1985F 戌月),86,86,91
2026-01-04,P034 (1985F 戌月),80,80,85
2026-01-05,P034 (1985F 戌月),64,64,69
2026-01-06,P034 (1985F 戌月),82,82,87
2026-01-07,P034 (1985F 戌月),75,75,80
2026-01-08,P034 (1985F 戌月),57,57,62
2026-01-09,P034 (1985F 戌月),59,59,64
2026-01-10,P034 (1985F 戌月),73,73,78
2026-01-11,P034 (1985F 戌月),81,81,86
2026-01-12,P034 (1985F 戌月),73,73,78
2026-01-13,P034 (1985F 戌月),82,82,87
2026-01-14,P034 (1985F 戌月),84,84,89
2026-01-15,P034 (1985F 戌月),82,82,87
2026-01-16,P034 (1985F 戌月),76,76,81
2026-01-17,P034 (1985F 戌月),67,67,72
2026-01-18,P034 (1985F 戌月),77,77,82
2026-01-19,P034 (1985F 戌月),73,73,78
2026-01-20,P034 (1985F 戌月),66,66,71
2026-01-21,P034 (1985F 戌月),62,62,67
2026-01-22,P034 (1985F 戌月),67,67,72
2026-01-23,P034 (1985F 戌月),81,81,86
2026-01-24,P034 (1985F 戌月),75,75,80
2026-01-25,P034 (1985F 戌月),82,82,87
2026-01-26,P034 (1985F 戌月),84,84,89
2026-01-27,P034 (1985F 戌月),85,85,90
2026-01-28,P034 (1985F 戌月),76,76,81
2026-01-29,P034 (1985F 戌月),65,65,70
2026-01-30,P034 (1985F 戌月),82,82,87
2026-01-31,P034 (1985F 戌月),76,76,81
2026-02-01,P034 (1985F 戌月),65,65,70
2026-02-02,P034 (1985F 戌月),61,61,66
2026-02-03,P034 (1985F 戌月),70,70,75
2026-02-04,P034 (1985F 戌月),73,73,78
2026-02-05,P034 (1985F 戌月),63,63,68
2026-02-06,P034 (1985F 戌月),79,79,84
2026-02-07,P034 (1985F 戌月),79,79,84
2026-02-08,P034 (1985F 戌月),82,82,87
2026-02-09,P034 (1985F 戌月),78,78,83
2026-02-10,P034 (1985F 戌月),63,63,68
2026-02-11,P034 (1985F 戌月),76,76,81
2026-02-12,P034 (1985F 戌月),69,69,74
2026-02-13,P034 (1985F 戌月),60,60,65
2026-02-14,P034 (1985F 戌月),51,51,56
2026-02-15,P034 (1985F 戌月),55,55,60
2026-02-16,P034 (1985F 戌月),70,70,75
2026-02-17,P034 (1985F 戌月),57,57,62
2026-02-18,P034 (1985F 戌月),75,75,80
2026-02-19,P034 (1985F 戌月),79,79,84
2026-02-20,P034 (1985F 戌月),80,80,85
2026-02-21,P034 (1985F 戌月),72,72,77
2026-02-22,P034 (1985F 戌月),60,60,65
2026-02-23,P034 (1985F 戌月),79,79,84
2026-02-24,P034 (1985F 戌月),65,65,70
2026-02-25,P034 (1985F 戌月),53,53,58
2026-02-26,P034 (1985F 戌月),54,54,59
2026-02-27,P034 (1985F 戌月),54,54,59
2026-02-28,P034 (1985F 戌月),71,71,76
2026-03-01,P034 (1985F 戌月),66,66,71
2026-03-02,P034 (1985F 戌月),76,76,81
2026-03-03,P034 (1985F 戌月),79,79,84
2026-03-04,P034 (1985F 戌月),79,79,84
2026-03-05,P034 (1985F 戌月),73,73,78
2026-03-06,P034 (1985F 戌月),50,50,55
2026-03-07,P034 (1985F 戌月),55,55,60
2026-03-08,P034 (1985F 戌月),48,48,53
2026-03-09,P034 (1985F 戌月),44,44,49
2026-03-10,P034 (1985F 戌月),45,45,50
2026-03-11,P034 (1985F 戌月),46,46,51
2026-03-12,P034 (1985F 戌月),56,56,61
2026-03-13,P034 (1985F 戌月),46,46,51
2026-03-14,P034 (1985F 戌月),60,60,65
2026-03-15,P034 (1985F 戌月),67,67,72
2026-03-16,P034 (1985F 戌月),69,69,74
2026-03-17,P034 (1985F 戌月),55,55,60
2026-03-18,P034 (1985F 戌月),49,49,54
2026-03-19,P034 (1985F 戌月),54,54,59
2026-03-20,P034 (1985F 戌月),51,51,56
2026-03-21,P034 (1985F 戌月),46,46,51
2026-03-22,P034 (1985F 戌月),47,47,52
2026-03-23,P034 (1985F 戌月),46,46,51
2026-03-24,P034 (1985F 戌月),53,53,58
2026-03-25,P034 (1985F 戌月),47,47,52
2026-03-26,P034 (1985F 戌月),60,60,65
2026-03-27,P034 (1985F 戌月),66,66,71
2026-03-28,P034 (1985F 戌月),69,69,74
2026-03-29,P034 (1985F 戌月),53,53,58
2026-03-30,P034 (1985F 戌月),50,50,55
2026-03-31,P034 (1985F 戌月),58,58,63
2026-04-01,P034 (1985F 戌月),51,51,56
2026-04-02,P034 (1985F 戌月),46,46,51
2026-04-03,P034 (1985F 戌月),47,47,52
2026-04-04,P034 (1985F 戌月),51,51,56
2026-04-05,P034 (1985F 戌月),71,71,76
2026-04-06,P034 (1985F 戌月),61,61,66
2026-04-07,P034 (1985F 戌月),76,76,81
2026-04-08,P034 (1985F 戌月),78,78,83
2026-04-09,P034 (1985F 戌月),82,82,87
2026-04-10,P034 (1985F 戌月),78,78,83
2026-04-11,P034 (1985F 戌月),69,69,74
2026-04-12,P034 (1985F 戌月),80,80,85
2026-04-13,P034 (1985F 戌月),68,68,73
2026-04-14,P034 (1985F 戌月),58,58,63
2026-04-15,P034 (1985F 戌月),57,57,62
2026-04-16,P034 (1985F 戌月),61,61,66
2026-04-17,P034 (1985F 戌月),70,70,75
2026-04-18,P034 (1985F 戌月),57,57,62
2026-04-19,P034 (1985F 戌月),75,75,80
2026-04-20,P034 (1985F 戌月),85,85,90
2026-04-21,P034 (1985F 戌月),82,82,87
2026-04-22,P034 (1985F 戌月),70,70,75
2026-04-23,P034 (1985F 戌月),58,58,63
2026-04-24,P034 (1985F 戌月),75,75,80
2026-04-25,P034 (1985F 戌月),66,66,71
2026-04-26,P034 (1985F 戌月),55,55,60
2026-04-27,P034 (1985F 戌月),59,59,64
2026-04-28,P034 (1985F 戌月),58,58,63
2026-04-29,P034 (1985F 戌月),71,71,76
2026-04-30,P034 (1985F 戌月),67,67,72
2026-05-01,P034 (1985F 戌月),78,78,83
2026-05-02,P034 (1985F 戌月),83,83,88
2026-05-03,P034 (1985F 戌月),84,84,89
2026-05-04,P034 (1985F 戌月),75,75,80
2026-05-05,P034 (1985F 戌月),62,62,67
2026-05-06,P034 (1985F 戌月),69,69,74
2026-05-07,P034 (1985F 戌月),62,62,67
2026-05-08,P034 (1985F 戌月),51,51,56
2026-05-09,P034 (1985F 戌月),54,54,59
2026-05-10,P034 (1985F 戌月),59,59,64
2026-05-11,P034 (1985F 戌月),67,67,72
2026-05-12,P034 (1985F 戌月),56,56,61
2026-05-13,P034 (1985F 戌月),70,70,75
2026-05-14,P034 (1985F 戌月),75,75,80
2026-05-15,P034 (1985F 戌月),74,74,79
2026-05-16,P034 (1985F 戌月),63,63,68
2026-05-17,P034 (1985F 戌月),55,55,60
2026-05-18,P034 (1985F 戌月),63,63,68
2026-05-19,P034 (1985F 戌月),60,60,65
2026-05-20,P034 (1985F 戌月),54,54,59
2026-05-21,P034 (1985F 戌月),54,54,59
2026-05-22,P034 (1985F 戌月),57,57,62
2026-05-23,P034 (1985F 戌月),67,67,72
2026-05-24,P034 (1985F 戌月),59,59,64
2026-05-25,P034 (1985F 戌月),68,68,73
2026-05-26,P034 (1985F 戌月),76,76,81
2026-05-27,P034 (1985F 戌月),80,80,85
2026-05-28,P034 (1985F 戌月),62,62,67
2026-05-29,P034 (1985F 戌月),57,57,62
2026-05-30,P034 (1985F 戌月),74,74,79
2026-05-31,P034 (1985F 戌月),64,64,69
2025-12-03,P035 (1986M 亥月),69,75,80
2025-12-04,P035 (1986M 亥月),64,70,75
2025-12-05,P035 (1986M 亥月),55,61,66
2025-12-06,P035 (1986M 亥月),65,71,76
2025-12-07,P035 (1986M 亥月),67,73,78
2025-12-08,P035 (1986M 亥月),69,75,80
2025-12-09,P035 (1986M 亥月),56,62,67
2025-12-10,P035 (1986M 亥月),60,66,71
2025-12-11,P035 (1986M 亥月),53,59,64
2025-12-12,P035 (1986M 亥月),58,64,69
2025-12-13,P035 (1986M 亥月),62,68,73
2025-12-14,P035 (1986M 亥月),51,57,62
2025-12-15,P035 (1986M 亥月),63,69,74
2025-12-16,P035 (1986M 亥月),62,68,73
2025-12-17,P035 (1986M 亥月),51,57,62
2025-12-18,P035 (1986M 亥月),61,67,72
2025-12-19,P035 (1986M 亥月),69,75,80
2025-12-20,P035 (1986M 亥月),62,68,73
2025-12-21,P035 (1986M 亥月),67,73,78
2025-12-22,P035 (1986M 亥月),65,71,76
2025-12-23,P035 (1986M 亥月),53,59,64
2025-12-24,P035 (1986M 亥月),60,66,71
2025-12-25,P035 (1986M 亥月),60,66,71
2025-12-26,P035 (1986M 亥月),51,57,62
2025-12-27,P035 (1986M 亥月),64,70,75
2025-12-28,P035 (1986M 亥月),67,73,78
2025-12-29,P035 (1986M 亥月),50,56,61
2025-12-30,P035 (1986M 亥月),55,61,66
2025-12-31,P035 (1986M 亥月),78,84,89
2026-01-01,P035 (1986M 亥月),66,72,77
2026-01-02,P035 (1986M 亥月),61,67,72
2026-01-03,P035 (1986M 亥月),65,71,76
2026-01-04,P035 (1986M 亥月),53,59,64
2026-01-05,P035 (1986M 亥月),59,65,70
2026-01-06,P035 (1986M 亥月),67,73,78
2026-01-07,P035 (1986M 亥月),55,61,66
2026-01-08,P035 (1986M 亥月),63,69,74
2026-01-09,P035 (1986M 亥月),61,67,72
2026-01-10,P035 (1986M 亥月),58,64,69
2026-01-11,P035 (1986M 亥月),61,67,72
2026-01-12,P035 (1986M 亥月),73,79,84
2026-01-13,P035 (1986M 亥月),66,72,77
2026-01-14,P035 (1986M 亥月),60,66,71
2026-01-15,P035 (1986M 亥月),67,73,78
2026-01-16,P035 (1986M 亥月),53,59,64
2026-01-17,P035 (1986M 亥月),61,67,72
2026-01-18,P035 (1986M 亥月),63,69,74
2026-01-19,P035 (1986M 亥月),47,53,58
2026-01-20,P035 (1986M 亥月),74,80,85
2026-01-21,P035 (1986M 亥月),67,73,78
2026-01-22,P035 (1986M 亥月),54,60,65
2026-01-23,P035 (1986M 亥月),58,64,69
2026-01-24,P035 (1986M 亥月),71,77,82
2026-01-25,P035 (1986M 亥月),70,76,81
2026-01-26,P035 (1986M 亥月),60,66,71
2026-01-27,P035 (1986M 亥月),72,78,83
2026-01-28,P035 (1986M 亥月),50,56,61
2026-01-29,P035 (1986M 亥月),54,60,65
2026-01-30,P035 (1986M 亥月),73,79,84
2026-01-31,P035 (1986M 亥月),53,59,64
2026-02-01,P035 (1986M 亥月),71,77,82
2026-02-02,P035 (1986M 亥月),67,73,78
2026-02-03,P035 (1986M 亥月),52,58,63
2026-02-04,P035 (1986M 亥月),50,56,61
2026-02-05,P035 (1986M 亥月),55,61,66
2026-02-06,P035 (1986M 亥月),54,60,65
2026-02-07,P035 (1986M 亥月),47,53,58
2026-02-08,P035 (1986M 亥月),50,56,61
2026-02-09,P035 (1986M 亥月),49,55,60
2026-02-10,P035 (1986M 亥月),51,57,62
2026-02-11,P035 (1986M 亥月),53,59,64
2026-02-12,P035 (1986M 亥月),47,53,58
2026-02-13,P035 (1986M 亥月),51,57,62
2026-02-14,P035 (1986M 亥月),52,58,63
2026-02-15,P035 (1986M 亥月),48,54,59
2026-02-16,P035 (1986M 亥月),52,58,63
2026-02-17,P035 (1986M 亥月),59,65,70
2026-02-18,P035 (1986M 亥月),52,58,63
2026-02-19,P035 (1986M 亥月),50,56,61
2026-02-20,P035 (1986M 亥月),52,58,63
2026-02-21,P035 (1986M 亥月),49,55,60
2026-02-22,P035 (1986M 亥月),52,58,63
2026-02-23,P035 (1986M 亥月),52,58,63
2026-02-24,P035 (1986M 亥月),47,53,58
2026-02-25,P035 (1986M 亥月),52,58,63
2026-02-26,P035 (1986M 亥月),52,58,63
2026-02-27,P035 (1986M 亥月),48,54,59
2026-02-28,P035 (1986M 亥月),49,55,60
2026-03-01,P035 (1986M 亥月),62,68,73
2026-03-02,P035 (1986M 亥月),56,62,67
2026-03-03,P035 (1986M 亥月),51,57,62
2026-03-04,P035 (1986M 亥月),56,62,67
2026-03-05,P035 (1986M 亥月),49,55,60
2026-03-06,P035 (1986M 亥月),57,63,68
2026-03-07,P035 (1986M 亥月),60,66,71
2026-03-08,P035 (1986M 亥月),53,59,64
2026-03-09,P035 (1986M 亥月),60,66,71
2026-03-10,P035 (1986M 亥月),56,62,67
2026-03-11,P035 (1986M 亥月),54,60,65
2026-03-12,P035 (1986M 亥月),59,65,70
2026-03-13,P035 (1986M 亥月),68,74,79
2026-03-14,P035 (1986M 亥月),62,68,73
2026-03-15,P035 (1986M 亥月),55,61,66
2026-03-16,P035 (1986M 亥月),62,68,73
2026-03-17,P035 (1986M 亥月),53,59,64
2026-03-18,P035 (1986M 亥月),59,65,70
2026-03-19,P035 (1986M 亥月),59,65,70
2026-03-20,P035 (1986M 亥月),50,56,61
2026-03-21,P035 (1986M 亥月),68,74,79
2026-03-22,P035 (1986M 亥月),58,64,69
2026-03-23,P035 (1986M 亥月),52,58,63
2026-03-24,P035 (1986M 亥月),57,63,68
2026-03-25,P035 (1986M 亥月),65,71,76
2026-03-26,P035 (1986M 亥月),61,67,72
2026-03-27,P035 (1986M 亥月),53,59,64
2026-03-28,P035 (1986M 亥月),63,69,74
2026-03-29,P035 (1986M 亥月),53,59,64
2026-03-30,P035 (1986M 亥月),54,60,65
2026-03-31,P035 (1986M 亥月),65,71,76
2026-04-01,P035 (1986M 亥月),51,57,62
2026-04-02,P035 (1986M 亥月),58,64,69
2026-04-03,P035 (1986M 亥月),56,62,67
2026-04-04,P035 (1986M 亥月),49,55,60
2026-04-05,P035 (1986M 亥月),62,68,73
2026-04-06,P035 (1986M 亥月),69,75,80
2026-04-07,P035 (1986M 亥月),70,76,81
2026-04-08,P035 (1986M 亥月),60,66,71
2026-04-09,P035 (1986M 亥月),63,69,74
2026-04-10,P035 (1986M 亥月),57,63,68
2026-04-11,P035 (1986M 亥月),62,68,73
2026-04-12,P035 (1986M 亥月),67,73,78
2026-04-13,P035 (1986M 亥月),53,59,64
2026-04-14,P035 (1986M 亥月),64,70,75
2026-04-15,P035 (1986M 亥月),63,69,74
2026-04-16,P035 (1986M 亥月),54,60,65
2026-04-17,P035 (1986M 亥月),64,70,75
2026-04-18,P035 (1986M 亥月),69,75,80
2026-04-19,P035 (1986M 亥月),62,68,73
2026-04-20,P035 (1986M 亥月),65,71,76
2026-04-21,P035 (1986M 亥月),64,70,75
2026-04-22,P035 (1986M 亥月),56,62,67
2026-04-23,P035 (1986M 亥月),58,64,69
2026-04-24,P035 (1986M 亥月),61,67,72
2026-04-25,P035 (1986M 亥月),53,59,64
2026-04-26,P035 (1986M 亥月),63,69,74
2026-04-27,P035 (1986M 亥月),65,71,76
2026-04-28,P035 (1986M 亥月),52,58,63
2026-04-29,P035 (1986M 亥月),57,63,68
2026-04-30,P035 (1986M 亥月),77,83,88
2026-05-01,P035 (1986M 亥月),68,74,79
2026-05-02,P035 (1986M 亥月),61,67,72
2026-05-03,P035 (1986M 亥月),63,69,74
2026-05-04,P035 (1986M 亥月),52,58,63
2026-05-05,P035 (1986M 亥月),58,64,69
2026-05-06,P035 (1986M 亥月),50,56,61
2026-05-07,P035 (1986M 亥月),46,52,57
2026-05-08,P035 (1986M 亥月),49,55,60
2026-05-09,P035 (1986M 亥月),46,52,57
2026-05-10,P035 (1986M 亥月),47,53,58
2026-05-11,P035 (1986M 亥月),51,57,62
2026-05-12,P035 (1986M 亥月),59,65,70
2026-05-13,P035 (1986M 亥月),53,59,64
2026-05-14,P035 (1986M 亥月),48,54,59
2026-05-15,P035 (1986M 亥月),55,61,66
2026-05-16,P035 (1986M 亥月),46,52,57
2026-05-17,P035 (1986M 亥月),47,53,58
2026-05-18,P035 (1986M 亥月),48,54,59
2026-05-19,P035 (1986M 亥月),46,52,57
2026-05-20,P035 (1986M 亥月),57,63,68
2026-05-21,P035 (1986M 亥月),50,56,61
2026-05-22,P035 (1986M 亥月),47,53,58
2026-05-23,P035 (1986M 亥月),50,56,61
2026-05-24,P035 (1986M 亥月),57,63,68
2026-05-25,P035 (1986M 亥月),55,61,66
2026-05-26,P035 (1986M 亥月),51,57,62
2026-05-27,P035 (1986M 亥月),58,64,69
2026-05-28,P035 (1986M 亥月),48,54,59
2026-05-29,P035 (1986M 亥月),50,56,61
2026-05-30,P035 (1986M 亥月),59,65,70
2026-05-31,P035 (1986M 亥月),50,56,61
2025-12-03,P036 (1987F 丑月),53,55,60
2025-12-04,P036 (1987F 丑月),50,52,57
2025-12-05,P036 (1987F 丑月),56,58,63
2025-12-06,P036 (1987F 丑月),65,67,72
2025-12-07,P036 (1987F 丑月),62,64,69
2025-12-08,P036 (1987F 丑月),65,67,72
2025-12-09,P036 (1987F 丑月),77,79,84
2025-12-10,P036 (1987F 丑月),76,78,83
2025-12-11,P036 (1987F 丑月),80,82,87
2025-12-12,P036 (1987F 丑月),66,68,73
2025-12-13,P036 (1987F 丑月),77,79,84
2025-12-14,P036 (1987F 丑月),68,70,75
2025-12-15,P036 (1987F 丑月),70,72,77
2025-12-16,P036 (1987F 丑月),58,60,65
2025-12-17,P036 (1987F 丑月),60,62,67
2025-12-18,P036 (1987F 丑月),76,78,83
2025-12-19,P036 (1987F 丑月),59,61,66
2025-12-20,P036 (1987F 丑月),65,67,72
2025-12-21,P036 (1987F 丑月),82,84,89
2025-12-22,P036 (1987F 丑月),80,82,87
2025-12-23,P036 (1987F 丑月),76,78,83
2025-12-24,P036 (1987F 丑月),64,66,71
2025-12-25,P036 (1987F 丑月),80,82,87
2025-12-26,P036 (1987F 丑月),72,74,79
2025-12-27,P036 (1987F 丑月),64,66,71
2025-12-28,P036 (1987F 丑月),55,57,62
2025-12-29,P036 (1987F 丑月),57,59,64
2025-12-30,P036 (1987F 丑月),74,76,81
2025-12-31,P036 (1987F 丑月),69,71,76
2026-01-01,P036 (1987F 丑月),65,67,72
2026-01-02,P036 (1987F 丑月),80,82,87
2026-01-03,P036 (1987F 丑月),73,75,80
2026-01-04,P036 (1987F 丑月),75,77,82
2026-01-05,P036 (1987F 丑月),64,66,71
2026-01-06,P036 (1987F 丑月),68,70,75
2026-01-07,P036 (1987F 丑月),64,66,71
2026-01-08,P036 (1987F 丑月),55,57,62
2026-01-09,P036 (1987F 丑月),55,57,62
2026-01-10,P036 (1987F 丑月),61,63,68
2026-01-11,P036 (1987F 丑月),73,75,80
2026-01-12,P036 (1987F 丑月),61,63,68
2026-01-13,P036 (1987F 丑月),62,64,69
2026-01-14,P036 (1987F 丑月),81,83,88
2026-01-15,P036 (1987F 丑月),79,81,86
2026-01-16,P036 (1987F 丑月),72,74,79
2026-01-17,P036 (1987F 丑月),66,68,73
2026-01-18,P036 (1987F 丑月),71,73,78
2026-01-19,P036 (1987F 丑月),68,70,75
2026-01-20,P036 (1987F 丑月),68,70,75
2026-01-21,P036 (1987F 丑月),57,59,64
2026-01-22,P036 (1987F 丑月),58,60,65
2026-01-23,P036 (1987F 丑月),70,72,77
2026-01-24,P036 (1987F 丑月),65,67,72
2026-01-25,P036 (1987F 丑月),66,68,73
2026-01-26,P036 (1987F 丑月),74,76,81
2026-01-27,P036 (1987F 丑月),72,74,79
2026-01-28,P036 (1987F 丑月),67,69,74
2026-01-29,P036 (1987F 丑月),64,66,71
2026-01-30,P036 (1987F 丑月),74,76,81
2026-01-31,P036 (1987F 丑月),68,70,75
2026-02-01,P036 (1987F 丑月),62,64,69
2026-02-02,P036 (1987F 丑月),51,53,58
2026-02-03,P036 (1987F 丑月),60,62,67
2026-02-04,P036 (1987F 丑月),78,80,85
2026-02-05,P036 (1987F 丑月),63,65,70
2026-02-06,P036 (1987F 丑月),65,67,72
2026-02-07,P036 (1987F 丑月),73,75,80
2026-02-08,P036 (1987F 丑月),73,75,80
2026-02-09,P036 (1987F 丑月),77,79,84
2026-02-10,P036 (1987F 丑月),67,69,74
2026-02-11,P036 (1987F 丑月),78,80,85
2026-02-12,P036 (1987F 丑月),67,69,74
2026-02-13,P036 (1987F 丑月),68,70,75
2026-02-14,P036 (1987F 丑月),55,57,62
2026-02-15,P036 (1987F 丑月),58,60,65
2026-02-16,P036 (1987F 丑月),72,74,79
2026-02-17,P036 (1987F 丑月),57,59,64
2026-02-18,P036 (1987F 丑月),61,63,68
2026-02-19,P036 (1987F 丑月),79,81,86
2026-02-20,P036 (1987F 丑月),79,81,86
2026-02-21,P036 (1987F 丑月),79,81,86
2026-02-22,P036 (1987F 丑月),61,63,68
2026-02-23,P036 (1987F 丑月),78,80,85
2026-02-24,P036 (1987F 丑月),74,76,81
2026-02-25,P036 (1987F 丑月),64,66,71
2026-02-26,P036 (1987F 丑月),52,54,59
2026-02-27,P036 (1987F 丑月),56,58,63
2026-02-28,P036 (1987F 丑月),72,74,79
2026-03-01,P036 (1987F 丑月),67,69,74
2026-03-02,P036 (1987F 丑月),67,69,74
2026-03-03,P036 (1987F 丑月),79,81,86
2026-03-04,P036 (1987F 丑月),73,75,80
2026-03-05,P036 (1987F 丑月),75,77,82
2026-03-06,P036 (1987F 丑月),61,63,68
2026-03-07,P036 (1987F 丑月),65,67,72
2026-03-08,P036 (1987F 丑月),61,63,68
2026-03-09,P036 (1987F 丑月),54,56,61
2026-03-10,P036 (1987F 丑月),47,49,54
2026-03-11,P036 (1987F 丑月),54,56,61
2026-03-12,P036 (1987F 丑月),70,72,77
2026-03-13,P036 (1987F 丑月),60,62,67
2026-03-14,P036 (1987F 丑月),56,58,63
2026-03-15,P036 (1987F 丑月),76,78,83
2026-03-16,P036 (1987F 丑月),74,76,81
2026-03-17,P036 (1987F 丑月),69,71,76
2026-03-18,P036 (1987F 丑月),59,61,66
2026-03-19,P036 (1987F 丑月),69,71,76
2026-03-20,P036 (1987F 丑月),66,68,73
2026-03-21,P036 (1987F 丑月),64,66,71
2026-03-22,P036 (1987F 丑月),49,51,56
2026-03-23,P036 (1987F 丑月),52,54,59
2026-03-24,P036 (1987F 丑月),66,68,73
2026-03-25,P036 (1987F 丑月),59,61,66
2026-03-26,P036 (1987F 丑月),61,63,68
2026-03-27,P036 (1987F 丑月),68,70,75
2026-03-28,P036 (1987F 丑月),70,72,77
2026-03-29,P036 (1987F 丑月),64,66,71
2026-03-30,P036 (1987F 丑月),55,57,62
2026-03-31,P036 (1987F 丑月),71,73,78
2026-04-01,P036 (1987F 丑月),65,67,72
2026-04-02,P036 (1987F 丑月),59,61,66
2026-04-03,P036 (1987F 丑月),45,47,52
2026-04-04,P036 (1987F 丑月),53,55,60
2026-04-05,P036 (1987F 丑月),72,74,79
2026-04-06,P036 (1987F 丑月),55,57,62
2026-04-07,P036 (1987F 丑月),62,64,69
2026-04-08,P036 (1987F 丑月),69,71,76
2026-04-09,P036 (1987F 丑月),69,71,76
2026-04-10,P036 (1987F 丑月),70,72,77
2026-04-11,P036 (1987F 丑月),62,64,69
2026-04-12,P036 (1987F 丑月),70,72,77
2026-04-13,P036 (1987F 丑月),60,62,67
2026-04-14,P036 (1987F 丑月),61,63,68
2026-04-15,P036 (1987F 丑月),49,51,56
2026-04-16,P036 (1987F 丑月),54,56,61
2026-04-17,P036 (1987F 丑月),66,68,73
2026-04-18,P036 (1987F 丑月),52,54,59
2026-04-19,P036 (1987F 丑月),61,63,68
2026-04-20,P036 (1987F 丑月),74,76,81
2026-04-21,P036 (1987F 丑月),71,73,78
2026-04-22,P036 (1987F 丑月),68,70,75
2026-04-23,P036 (1987F 丑月),58,60,65
2026-04-24,P036 (1987F 丑月),74,76,81
2026-04-25,P036 (1987F 丑月),67,69,74
2026-04-26,P036 (1987F 丑月),58,60,65
2026-04-27,P036 (1987F 丑月),52,54,59
2026-04-28,P036 (1987F 丑月),53,55,60
2026-04-29,P036 (1987F 丑月),68,70,75
2026-04-30,P036 (1987F 丑月),59,61,66
2026-05-01,P036 (1987F 丑月),60,62,67
2026-05-02,P036 (1987F 丑月),68,70,75
2026-05-03,P036 (1987F 丑月),64,66,71
2026-05-04,P036 (1987F 丑月),70,72,77
2026-05-05,P036 (1987F 丑月),60,62,67
2026-05-06,P036 (1987F 丑月),69,71,76
2026-05-07,P036 (1987F 丑月),61,63,68
2026-05-08,P036 (1987F 丑月),53,55,60
2026-05-09,P036 (1987F 丑月),47,49,54
2026-05-10,P036 (1987F 丑月),51,53,58
2026-05-11,P036 (1987F 丑月),68,70,75
2026-05-12,P036 (1987F 丑月),56,58,63
2026-05-13,P036 (1987F 丑月),54,56,61
2026-05-14,P036 (1987F 丑月),76,78,83
2026-05-15,P036 (1987F 丑月),73,75,80
2026-05-16,P036 (1987F 丑月),67,69,74
2026-05-17,P036 (1987F 丑月),58,60,65
2026-05-18,P036 (1987F 丑月),65,67,72
2026-05-19,P036 (1987F 丑月),60,62,67
2026-05-20,P036 (1987F 丑月),61,63,68
2026-05-21,P036 (1987F 丑月),45,47,52
2026-05-22,P036 (1987F 丑月),49,51,56
2026-05-23,P036 (1987F 丑月),63,65,70
2026-05-24,P036 (1987F 丑月),59,61,66
2026-05-25,P036 (1987F 丑月),61,63,68
2026-05-26,P036 (1987F 丑月),69,71,76
2026-05-27,P036 (1987F 丑月),70,72,77
2026-05-28,P036 (1987F 丑月),60,62,67
2026-05-29,P036 (1987F 丑月),52,54,59
2026-05-30,P036 (1987F 丑月),69,71,76
2026-05-31,P036 (1987F 丑月),62,64,69
2025-12-03,P037 (1988M 寅月),74,76,81
2025-12-04,P037 (1988M 寅月),63,65,70
2025-12-05,P037 (1988M 寅月),55,57,62
2025-12-06,P037 (1988M 寅月),83,85,90
2025-12-07,P037 (1988M 寅月),55,57,62
2025-12-08,P037 (1988M 寅月),70,72,77
2025-12-09,P037 (1988M 寅月),63,65,70
2025-12-10,P037 (1988M 寅月),57,59,64
2025-12-11,P037 (1988M 寅月),68,70,75
2025-12-12,P037 (1988M 寅月),75,77,82
2025-12-13,P037 (1988M 寅月),70,72,77
2025-12-14,P037 (1988M 寅月),67,69,74
2025-12-15,P037 (1988M 寅月),70,72,77
2025-12-16,P037 (1988M 寅月),64,66,71
2025-12-17,P037 (1988M 寅月),54,56,61
2025-12-18,P037 (1988M 寅月),75,77,82
2025-12-19,P037 (1988M 寅月),56,58,63
2025-12-20,P037 (1988M 寅月),71,73,78
2025-12-21,P037 (1988M 寅月),64,66,71
2025-12-22,P037 (1988M 寅月),64,66,71
2025-12-23,P037 (1988M 寅月),76,78,83
2025-12-24,P037 (1988M 寅月),75,77,82
2025-12-25,P037 (1988M 寅月),72,74,79
2025-12-26,P037 (1988M 寅月),73,75,80
2025-12-27,P037 (1988M 寅月),71,73,78
2025-12-28,P037 (1988M 寅月),57,59,64
2025-12-29,P037 (1988M 寅月),53,55,60
2025-12-30,P037 (1988M 寅月),73,75,80
2025-12-31,P037 (1988M 寅月),56,58,63
2026-01-01,P037 (1988M 寅月),73,75,80
2026-01-02,P037 (1988M 寅月),65,67,72
2026-01-03,P037 (1988M 寅月),63,65,70
2026-01-04,P037 (1988M 寅月),73,75,80
2026-01-05,P037 (1988M 寅月),77,79,84
2026-01-06,P037 (1988M 寅月),59,61,66
2026-01-07,P037 (1988M 寅月),55,57,62
2026-01-08,P037 (1988M 寅月),59,61,66
2026-01-09,P037 (1988M 寅月),51,53,58
2026-01-10,P037 (1988M 寅月),49,51,56
2026-01-11,P037 (1988M 寅月),65,67,72
2026-01-12,P037 (1988M 寅月),47,49,54
2026-01-13,P037 (1988M 寅月),60,62,67
2026-01-14,P037 (1988M 寅月),56,58,63
2026-01-15,P037 (1988M 寅月),57,59,64
2026-01-16,P037 (1988M 寅月),62,64,69
2026-01-17,P037 (1988M 寅月),60,62,67
2026-01-18,P037 (1988M 寅月),59,61,66
2026-01-19,P037 (1988M 寅月),51,53,58
2026-01-20,P037 (1988M 寅月),56,58,63
2026-01-21,P037 (1988M 寅月),52,54,59
2026-01-22,P037 (1988M 寅月),47,49,54
2026-01-23,P037 (1988M 寅月),63,65,70
2026-01-24,P037 (1988M 寅月),49,51,56
2026-01-25,P037 (1988M 寅月),62,64,69
2026-01-26,P037 (1988M 寅月),56,58,63
2026-01-27,P037 (1988M 寅月),55,57,62
2026-01-28,P037 (1988M 寅月),63,65,70
2026-01-29,P037 (1988M 寅月),58,60,65
2026-01-30,P037 (1988M 寅月),58,60,65
2026-01-31,P037 (1988M 寅月),57,59,64
2026-02-01,P037 (1988M 寅月),59,61,66
2026-02-02,P037 (1988M 寅月),52,54,59
2026-02-03,P037 (1988M 寅月),50,52,57
2026-02-04,P037 (1988M 寅月),79,81,86
2026-02-05,P037 (1988M 寅月),58,60,65
2026-02-06,P037 (1988M 寅月),70,72,77
2026-02-07,P037 (1988M 寅月),68,70,75
2026-02-08,P037 (1988M 寅月),63,65,70
2026-02-09,P037 (1988M 寅月),69,71,76
2026-02-10,P037 (1988M 寅月),72,74,79
2026-02-11,P037 (1988M 寅月),71,73,78
2026-02-12,P037 (1988M 寅月),67,69,74
2026-02-13,P037 (1988M 寅月),69,71,76
2026-02-14,P037 (1988M 寅月),60,62,67
2026-02-15,P037 (1988M 寅月),56,58,63
2026-02-16,P037 (1988M 寅月),73,75,80
2026-02-17,P037 (1988M 寅月),58,60,65
2026-02-18,P037 (1988M 寅月),69,71,76
2026-02-19,P037 (1988M 寅月),66,68,73
2026-02-20,P037 (1988M 寅月),63,65,70
2026-02-21,P037 (1988M 寅月),72,74,79
2026-02-22,P037 (1988M 寅月),72,74,79
2026-02-23,P037 (1988M 寅月),67,69,74
2026-02-24,P037 (1988M 寅月),69,71,76
2026-02-25,P037 (1988M 寅月),68,70,75
2026-02-26,P037 (1988M 寅月),60,62,67
2026-02-27,P037 (1988M 寅月),55,57,62
2026-02-28,P037 (1988M 寅月),69,71,76
2026-03-01,P037 (1988M 寅月),55,57,62
2026-03-02,P037 (1988M 寅月),71,73,78
2026-03-03,P037 (1988M 寅月),64,66,71
2026-03-04,P037 (1988M 寅月),61,63,68
2026-03-05,P037 (1988M 寅月),71,73,78
2026-03-06,P037 (1988M 寅月),84,86,91
2026-03-07,P037 (1988M 寅月),77,79,84
2026-03-08,P037 (1988M 寅月),71,73,78
2026-03-09,P037 (1988M 寅月),71,73,78
2026-03-10,P037 (1988M 寅月),62,64,69
2026-03-11,P037 (1988M 寅月),57,59,64
2026-03-12,P037 (1988M 寅月),82,84,89
2026-03-13,P037 (1988M 寅月),60,62,67
2026-03-14,P037 (1988M 寅月),77,79,84
2026-03-15,P037 (1988M 寅月),70,72,77
2026-03-16,P037 (1988M 寅月),73,75,80
2026-03-17,P037 (1988M 寅月),81,83,88
2026-03-18,P037 (1988M 寅月),79,81,86
2026-03-19,P037 (1988M 寅月),71,73,78
2026-03-20,P037 (1988M 寅月),70,72,77
2026-03-21,P037 (1988M 寅月),69,71,76
2026-03-22,P037 (1988M 寅月),66,68,73
2026-03-23,P037 (1988M 寅月),61,63,68
2026-03-24,P037 (1988M 寅月),80,82,87
2026-03-25,P037 (1988M 寅月),61,63,68
2026-03-26,P037 (1988M 寅月),83,85,90
2026-03-27,P037 (1988M 寅月),71,73,78
2026-03-28,P037 (1988M 寅月),67,69,74
2026-03-29,P037 (1988M 寅月),75,77,82
2026-03-30,P037 (1988M 寅月),75,77,82
2026-03-31,P037 (1988M 寅月),70,72,77
2026-04-01,P037 (1988M 寅月),73,75,80
2026-04-02,P037 (1988M 寅月),77,79,84
2026-04-03,P037 (1988M 寅月),66,68,73
2026-04-04,P037 (1988M 寅月),60,62,67
2026-04-05,P037 (1988M 寅月),82,84,89
2026-04-06,P037 (1988M 寅月),61,63,68
2026-04-07,P037 (1988M 寅月),73,75,80
2026-04-08,P037 (1988M 寅月),71,73,78
2026-04-09,P037 (1988M 寅月),63,65,70
2026-04-10,P037 (1988M 寅月),72,74,79
2026-04-11,P037 (1988M 寅月),76,78,83
2026-04-12,P037 (1988M 寅月),72,74,79
2026-04-13,P037 (1988M 寅月),68,70,75
2026-04-14,P037 (1988M 寅月),71,73,78
2026-04-15,P037 (1988M 寅月),64,66,71
2026-04-16,P037 (1988M 寅月),58,60,65
2026-04-17,P037 (1988M 寅月),77,79,84
2026-04-18,P037 (1988M 寅月),62,64,69
2026-04-19,P037 (1988M 寅月),73,75,80
2026-04-20,P037 (1988M 寅月),69,71,76
2026-04-21,P037 (1988M 寅月),66,68,73
2026-04-22,P037 (1988M 寅月),75,77,82
2026-04-23,P037 (1988M 寅月),76,78,83
2026-04-24,P037 (1988M 寅月),73,75,80
2026-04-25,P037 (1988M 寅月),74,76,81
2026-04-26,P037 (1988M 寅月),72,74,79
2026-04-27,P037 (1988M 寅月),63,65,70
2026-04-28,P037 (1988M 寅月),60,62,67
2026-04-29,P037 (1988M 寅月),75,77,82
2026-04-30,P037 (1988M 寅月),61,63,68
2026-05-01,P037 (1988M 寅月),75,77,82
2026-05-02,P037 (1988M 寅月),65,67,72
2026-05-03,P037 (1988M 寅月),65,67,72
2026-05-04,P037 (1988M 寅月),75,77,82
2026-05-05,P037 (1988M 寅月),80,82,87
2026-05-06,P037 (1988M 寅月),63,65,70
2026-05-07,P037 (1988M 寅月),56,58,63
2026-05-08,P037 (1988M 寅月),58,60,65
2026-05-09,P037 (1988M 寅月),50,52,57
2026-05-10,P037 (1988M 寅月),47,49,54
2026-05-11,P037 (1988M 寅月),68,70,75
2026-05-12,P037 (1988M 寅月),49,51,56
2026-05-13,P037 (1988M 寅月),64,66,71
2026-05-14,P037 (1988M 寅月),59,61,66
2026-05-15,P037 (1988M 寅月),59,61,66
2026-05-16,P037 (1988M 寅月),67,69,74
2026-05-17,P037 (1988M 寅月),62,64,69
2026-05-18,P037 (1988M 寅月),58,60,65
2026-05-19,P037 (1988M 寅月),55,57,62
2026-05-20,P037 (1988M 寅月),57,59,64
2026-05-21,P037 (1988M 寅月),52,54,59
2026-05-22,P037 (1988M 寅月),47,49,54
2026-05-23,P037 (1988M 寅月),67,69,74
2026-05-24,P037 (1988M 寅月),49,51,56
2026-05-25,P037 (1988M 寅月),67,69,74
2026-05-26,P037 (1988M 寅月),59,61,66
2026-05-27,P037 (1988M 寅月),57,59,64
2026-05-28,P037 (1988M 寅月),64,66,71
2026-05-29,P037 (1988M 寅月),61,63,68
2026-05-30,P037 (1988M 寅月),58,60,65
2026-05-31,P037 (1988M 寅月),60,62,67
2025-12-03,P038 (1989F 巳月),53,59,64
2025-12-04,P038 (1989F 巳月),54,60,65
2025-12-05,P038 (1989F 巳月),49,55,60
2025-12-06,P038 (1989F 巳月),55,61,66
2025-12-07,P038 (1989F 巳月),56,62,67
2025-12-08,P038 (1989F 巳月),49,55,60
2025-12-09,P038 (1989F 巳月),62,68,73
2025-12-10,P038 (1989F 巳月),60,66,71
2025-12-11,P038 (1989F 巳月),60,66,71
2025-12-12,P038 (1989F 巳月),51,57,62
2025-12-13,P038 (1989F 巳月),61,67,72
2025-12-14,P038 (1989F 巳月),52,58,63
2025-12-15,P038 (1989F 巳月),66,72,77
2025-12-16,P038 (1989F 巳月),57,63,68
2025-12-17,P038 (1989F 巳月),61,67,72
2025-12-18,P038 (1989F 巳月),58,64,69
2025-12-19,P038 (1989F 巳月),59,65,70
2025-12-20,P038 (1989F 巳月),53,59,64
2025-12-21,P038 (1989F 巳月),61,67,72
2025-12-22,P038 (1989F 巳月),60,66,71
2025-12-23,P038 (1989F 巳月),65,71,76
2025-12-24,P038 (1989F 巳月),55,61,66
2025-12-25,P038 (1989F 巳月),65,71,76
2025-12-26,P038 (1989F 巳月),54,60,65
2025-12-27,P038 (1989F 巳月),67,73,78
2025-12-28,P038 (1989F 巳月),58,64,69
2025-12-29,P038 (1989F 巳月),66,72,77
2025-12-30,P038 (1989F 巳月),66,72,77
2025-12-31,P038 (1989F 巳月),56,62,67
2026-01-01,P038 (1989F 巳月),56,62,67
2026-01-02,P038 (1989F 巳月),67,73,78
2026-01-03,P038 (1989F 巳月),65,71,76
2026-01-04,P038 (1989F 巳月),70,76,81
2026-01-05,P038 (1989F 巳月),57,63,68
2026-01-06,P038 (1989F 巳月),67,73,78
2026-01-07,P038 (1989F 巳月),54,60,65
2026-01-08,P038 (1989F 巳月),74,80,85
2026-01-09,P038 (1989F 巳月),70,76,81
2026-01-10,P038 (1989F 巳月),68,74,79
2026-01-11,P038 (1989F 巳月),70,76,81
2026-01-12,P038 (1989F 巳月),64,70,75
2026-01-13,P038 (1989F 巳月),60,66,71
2026-01-14,P038 (1989F 巳月),71,77,82
2026-01-15,P038 (1989F 巳月),63,69,74
2026-01-16,P038 (1989F 巳月),72,78,83
2026-01-17,P038 (1989F 巳月),60,66,71
2026-01-18,P038 (1989F 巳月),74,80,85
2026-01-19,P038 (1989F 巳月),62,68,73
2026-01-20,P038 (1989F 巳月),73,79,84
2026-01-21,P038 (1989F 巳月),68,74,79
2026-01-22,P038 (1989F 巳月),72,78,83
2026-01-23,P038 (1989F 巳月),73,79,84
2026-01-24,P038 (1989F 巳月),67,73,78
2026-01-25,P038 (1989F 巳月),61,67,72
2026-01-26,P038 (1989F 巳月),73,79,84
2026-01-27,P038 (1989F 巳月),66,72,77
2026-01-28,P038 (1989F 巳月),74,80,85
2026-01-29,P038 (1989F 巳月),63,69,74
2026-01-30,P038 (1989F 巳月),67,73,78
2026-01-31,P038 (1989F 巳月),57,63,68
2026-02-01,P038 (1989F 巳月),69,75,80
2026-02-02,P038 (1989F 巳月),65,71,76
2026-02-03,P038 (1989F 巳月),65,71,76
2026-02-04,P038 (1989F 巳月),59,65,70
2026-02-05,P038 (1989F 巳月),58,64,69
2026-02-06,P038 (1989F 巳月),49,55,60
2026-02-07,P038 (1989F 巳月),65,71,76
2026-02-08,P038 (1989F 巳月),63,69,74
2026-02-09,P038 (1989F 巳月),63,69,74
2026-02-10,P038 (1989F 巳月),49,55,60
2026-02-11,P038 (1989F 巳月),59,65,70
2026-02-12,P038 (1989F 巳月),53,59,64
2026-02-13,P038 (1989F 巳月),67,73,78
2026-02-14,P038 (1989F 巳月),57,63,68
2026-02-15,P038 (1989F 巳月),64,70,75
2026-02-16,P038 (1989F 巳月),62,68,73
2026-02-17,P038 (1989F 巳月),59,65,70
2026-02-18,P038 (1989F 巳月),56,62,67
2026-02-19,P038 (1989F 巳月),62,68,73
2026-02-20,P038 (1989F 巳月),58,64,69
2026-02-21,P038 (1989F 巳月),65,71,76
2026-02-22,P038 (1989F 巳月),56,62,67
2026-02-23,P038 (1989F 巳月),64,70,75
2026-02-24,P038 (1989F 巳月),52,58,63
2026-02-25,P038 (1989F 巳月),66,72,77
2026-02-26,P038 (1989F 巳月),57,63,68
2026-02-27,P038 (1989F 巳月),64,70,75
2026-02-28,P038 (1989F 巳月),66,72,77
2026-03-01,P038 (1989F 巳月),57,63,68
2026-03-02,P038 (1989F 巳月),53,59,64
2026-03-03,P038 (1989F 巳月),63,69,74
2026-03-04,P038 (1989F 巳月),63,69,74
2026-03-05,P038 (1989F 巳月),66,72,77
2026-03-06,P038 (1989F 巳月),57,63,68
2026-03-07,P038 (1989F 巳月),63,69,74
2026-03-08,P038 (1989F 巳月),54,60,65
2026-03-09,P038 (1989F 巳月),69,75,80
2026-03-10,P038 (1989F 巳月),59,65,70
2026-03-11,P038 (1989F 巳月),62,68,73
2026-03-12,P038 (1989F 巳月),63,69,74
2026-03-13,P038 (1989F 巳月),57,63,68
2026-03-14,P038 (1989F 巳月),58,64,69
2026-03-15,P038 (1989F 巳月),64,70,75
2026-03-16,P038 (1989F 巳月),57,63,68
2026-03-17,P038 (1989F 巳月),66,72,77
2026-03-18,P038 (1989F 巳月),54,60,65
2026-03-19,P038 (1989F 巳月),62,68,73
2026-03-20,P038 (1989F 巳月),56,62,67
2026-03-21,P038 (1989F 巳月),65,71,76
2026-03-22,P038 (1989F 巳月),61,67,72
2026-03-23,P038 (1989F 巳月),62,68,73
2026-03-24,P038 (1989F 巳月),63,69,74
2026-03-25,P038 (1989F 巳月),58,64,69
2026-03-26,P038 (1989F 巳月),57,63,68
2026-03-27,P038 (1989F 巳月),64,70,75
2026-03-28,P038 (1989F 巳月),59,65,70
2026-03-29,P038 (1989F 巳月),65,71,76
2026-03-30,P038 (1989F 巳月),56,62,67
2026-03-31,P038 (1989F 巳月),61,67,72
2026-04-01,P038 (1989F 巳月),55,61,66
2026-04-02,P038 (1989F 巳月),65,71,76
2026-04-03,P038 (1989F 巳月),61,67,72
2026-04-04,P038 (1989F 巳月),63,69,74
2026-04-05,P038 (1989F 巳月),52,58,63
2026-04-06,P038 (1989F 巳月),52,58,63
2026-04-07,P038 (1989F 巳月),47,53,58
2026-04-08,P038 (1989F 巳月),57,63,68
2026-04-09,P038 (1989F 巳月),55,61,66
2026-04-10,P038 (1989F 巳月),57,63,68
2026-04-11,P038 (1989F 巳月),49,55,60
2026-04-12,P038 (1989F 巳月),55,61,66
2026-04-13,P038 (1989F 巳月),46,52,57
2026-04-14,P038 (1989F 巳月),59,65,70
2026-04-15,P038 (1989F 巳月),49,55,60
2026-04-16,P038 (1989F 巳月),55,61,66
2026-04-17,P038 (1989F 巳月),53,59,64
2026-04-18,P038 (1989F 巳月),55,61,66
2026-04-19,P038 (1989F 巳月),52,58,63
2026-04-20,P038 (1989F 巳月),58,64,69
2026-04-21,P038 (1989F 巳月),53,59,64
2026-04-22,P038 (1989F 巳月),55,61,66
2026-04-23,P038 (1989F 巳月),50,56,61
2026-04-24,P038 (1989F 巳月),59,65,70
2026-04-25,P038 (1989F 巳月),47,53,58
2026-04-26,P038 (1989F 巳月),59,65,70
2026-04-27,P038 (1989F 巳月),53,59,64
2026-04-28,P038 (1989F 巳月),60,66,71
2026-04-29,P038 (1989F 巳月),61,67,72
2026-04-30,P038 (1989F 巳月),53,59,64
2026-05-01,P038 (1989F 巳月),50,56,61
2026-05-02,P038 (1989F 巳月),59,65,70
2026-05-03,P038 (1989F 巳月),57,63,68
2026-05-04,P038 (1989F 巳月),60,66,71
2026-05-05,P038 (1989F 巳月),52,58,63
2026-05-06,P038 (1989F 巳月),53,59,64
2026-05-07,P038 (1989F 巳月),50,56,61
2026-05-08,P038 (1989F 巳月),60,66,71
2026-05-09,P038 (1989F 巳月),59,65,70
2026-05-10,P038 (1989F 巳月),51,57,62
2026-05-11,P038 (1989F 巳月),57,63,68
2026-05-12,P038 (1989F 巳月),48,54,59
2026-05-13,P038 (1989F 巳月),53,59,64
2026-05-14,P038 (1989F 巳月),53,59,64
2026-05-15,P038 (1989F 巳月),56,62,67
2026-05-16,P038 (1989F 巳月),55,61,66
2026-05-17,P038 (1989F 巳月),51,57,62
2026-05-18,P038 (1989F 巳月),55,61,66
2026-05-19,P038 (1989F 巳月),58,64,69
2026-05-20,P038 (1989F 巳月),60,66,71
2026-05-21,P038 (1989F 巳月),59,65,70
2026-05-22,P038 (1989F 巳月),56,62,67
2026-05-23,P038 (1989F 巳月),60,66,71
2026-05-24,P038 (1989F 巳月),53,59,64
2026-05-25,P038 (1989F 巳月),59,65,70
2026-05-26,P038 (1989F 巳月),56,62,67
2026-05-27,P038 (1989F 巳月),55,61,66
2026-05-28,P038 (1989F 巳月),60,66,71
2026-05-29,P038 (1989F 巳月),58,64,69
2026-05-30,P038 (1989F 巳月),52,58,63
2026-05-31,P038 (1989F 巳月),51,57,62
2025-12-03,P039 (1990M 卯月),67,73,78
2025-12-04,P039 (1990M 卯月),64,70,75
2025-12-05,P039 (1990M 卯月),57,63,68
2025-12-06,P039 (1990M 卯月),67,73,78
2025-12-07,P039 (1990M 卯月),48,54,59
2025-12-08,P039 (1990M 卯月),47,53,58
2025-12-09,P039 (1990M 卯月),49,55,60
2025-12-10,P039 (1990M 卯月),48,54,59
2025-12-11,P039 (1990M 卯月),57,63,68
2025-12-12,P039 (1990M 卯月),48,54,59
2025-12-13,P039 (1990M 卯月),60,66,71
2025-12-14,P039 (1990M 卯月),59,65,70
2025-12-15,P039 (1990M 卯月),65,71,76
2025-12-16,P039 (1990M 卯月),67,73,78
2025-12-17,P039 (1990M 卯月),53,59,64
2025-12-18,P039 (1990M 卯月),62,68,73
2025-12-19,P039 (1990M 卯月),50,56,61
2025-12-20,P039 (1990M 卯月),50,56,61
2025-12-21,P039 (1990M 卯月),48,54,59
2025-12-22,P039 (1990M 卯月),48,54,59
2025-12-23,P039 (1990M 卯月),55,61,66
2025-12-24,P039 (1990M 卯月),49,55,60
2025-12-25,P039 (1990M 卯月),63,69,74
2025-12-26,P039 (1990M 卯月),64,70,75
2025-12-27,P039 (1990M 卯月),63,69,74
2025-12-28,P039 (1990M 卯月),62,68,73
2025-12-29,P039 (1990M 卯月),57,63,68
2025-12-30,P039 (1990M 卯月),71,77,82
2025-12-31,P039 (1990M 卯月),49,55,60
2026-01-01,P039 (1990M 卯月),48,54,59
2026-01-02,P039 (1990M 卯月),48,54,59
2026-01-03,P039 (1990M 卯月),48,54,59
2026-01-04,P039 (1990M 卯月),54,60,65
2026-01-05,P039 (1990M 卯月),49,55,60
2026-01-06,P039 (1990M 卯月),53,59,64
2026-01-07,P039 (1990M 卯月),59,65,70
2026-01-08,P039 (1990M 卯月),63,69,74
2026-01-09,P039 (1990M 卯月),65,71,76
2026-01-10,P039 (1990M 卯月),51,57,62
2026-01-11,P039 (1990M 卯月),61,67,72
2026-01-12,P039 (1990M 卯月),49,55,60
2026-01-13,P039 (1990M 卯月),46,52,57
2026-01-14,P039 (1990M 卯月),46,52,57
2026-01-15,P039 (1990M 卯月),47,53,58
2026-01-16,P039 (1990M 卯月),50,56,61
2026-01-17,P039 (1990M 卯月),51,57,62
2026-01-18,P039 (1990M 卯月),64,70,75
2026-01-19,P039 (1990M 卯月),64,70,75
2026-01-20,P039 (1990M 卯月),60,66,71
2026-01-21,P039 (1990M 卯月),63,69,74
2026-01-22,P039 (1990M 卯月),49,55,60
2026-01-23,P039 (1990M 卯月),55,61,66
2026-01-24,P039 (1990M 卯月),47,53,58
2026-01-25,P039 (1990M 卯月),49,55,60
2026-01-26,P039 (1990M 卯月),47,53,58
2026-01-27,P039 (1990M 卯月),47,53,58
2026-01-28,P039 (1990M 卯月),53,59,64
2026-01-29,P039 (1990M 卯月),51,57,62
2026-01-30,P039 (1990M 卯月),56,62,67
2026-01-31,P039 (1990M 卯月),59,65,70
2026-02-01,P039 (1990M 卯月),60,66,71
2026-02-02,P039 (1990M 卯月),59,65,70
2026-02-03,P039 (1990M 卯月),51,57,62
2026-02-04,P039 (1990M 卯月),72,78,83
2026-02-05,P039 (1990M 卯月),53,59,64
2026-02-06,P039 (1990M 卯月),58,64,69
2026-02-07,P039 (1990M 卯月),54,60,65
2026-02-08,P039 (1990M 卯月),57,63,68
2026-02-09,P039 (1990M 卯月),66,72,77
2026-02-10,P039 (1990M 卯月),61,67,72
2026-02-11,P039 (1990M 卯月),70,76,81
2026-02-12,P039 (1990M 卯月),68,74,79
2026-02-13,P039 (1990M 卯月),72,78,83
2026-02-14,P039 (1990M 卯月),76,82,87
2026-02-15,P039 (1990M 卯月),61,67,72
2026-02-16,P039 (1990M 卯月),77,83,88
2026-02-17,P039 (1990M 卯月),58,64,69
2026-02-18,P039 (1990M 卯月),64,70,75
2026-02-19,P039 (1990M 卯月),55,61,66
2026-02-20,P039 (1990M 卯月),50,56,61
2026-02-21,P039 (1990M 卯月),64,70,75
2026-02-22,P039 (1990M 卯月),54,60,65
2026-02-23,P039 (1990M 卯月),69,75,80
2026-02-24,P039 (1990M 卯月),67,73,78
2026-02-25,P039 (1990M 卯月),68,74,79
2026-02-26,P039 (1990M 卯月),73,79,84
2026-02-27,P039 (1990M 卯月),67,73,78
2026-02-28,P039 (1990M 卯月),80,86,91
2026-03-01,P039 (1990M 卯月),53,59,64
2026-03-02,P039 (1990M 卯月),57,63,68
2026-03-03,P039 (1990M 卯月),53,59,64
2026-03-04,P039 (1990M 卯月),50,56,61
2026-03-05,P039 (1990M 卯月),62,68,73
2026-03-06,P039 (1990M 卯月),55,61,66
2026-03-07,P039 (1990M 卯月),67,73,78
2026-03-08,P039 (1990M 卯月),73,79,84
2026-03-09,P039 (1990M 卯月),79,85,90
2026-03-10,P039 (1990M 卯月),79,85,90
2026-03-11,P039 (1990M 卯月),64,70,75
2026-03-12,P039 (1990M 卯月),75,81,86
2026-03-13,P039 (1990M 卯月),50,56,61
2026-03-14,P039 (1990M 卯月),51,57,62
2026-03-15,P039 (1990M 卯月),47,53,58
2026-03-16,P039 (1990M 卯月),48,54,59
2026-03-17,P039 (1990M 卯月),59,65,70
2026-03-18,P039 (1990M 卯月),58,64,69
2026-03-19,P039 (1990M 卯月),73,79,84
2026-03-20,P039 (1990M 卯月),76,82,87
2026-03-21,P039 (1990M 卯月),76,82,87
2026-03-22,P039 (1990M 卯月),76,82,87
2026-03-23,P039 (1990M 卯月),62,68,73
2026-03-24,P039 (1990M 卯月),67,73,78
2026-03-25,P039 (1990M 卯月),50,56,61
2026-03-26,P039 (1990M 卯月),51,57,62
2026-03-27,P039 (1990M 卯月),45,51,56
2026-03-28,P039 (1990M 卯月),45,51,56
2026-03-29,P039 (1990M 卯月),63,69,74
2026-03-30,P039 (1990M 卯月),60,66,71
2026-03-31,P039 (1990M 卯月),68,74,79
2026-04-01,P039 (1990M 卯月),72,78,83
2026-04-02,P039 (1990M 卯月),70,76,81
2026-04-03,P039 (1990M 卯月),69,75,80
2026-04-04,P039 (1990M 卯月),62,68,73
2026-04-05,P039 (1990M 卯月),77,83,88
2026-04-06,P039 (1990M 卯月),55,61,66
2026-04-07,P039 (1990M 卯月),63,69,74
2026-04-08,P039 (1990M 卯月),58,64,69
2026-04-09,P039 (1990M 卯月),59,65,70
2026-04-10,P039 (1990M 卯月),67,73,78
2026-04-11,P039 (1990M 卯月),64,70,75
2026-04-12,P039 (1990M 卯月),75,81,86
2026-04-13,P039 (1990M 卯月),70,76,81
2026-04-14,P039 (1990M 卯月),74,80,85
2026-04-15,P039 (1990M 卯月),72,78,83
2026-04-16,P039 (1990M 卯月),58,64,69
2026-04-17,P039 (1990M 卯月),72,78,83
2026-04-18,P039 (1990M 卯月),56,62,67
2026-04-19,P039 (1990M 卯月),60,66,71
2026-04-20,P039 (1990M 卯月),52,58,63
2026-04-21,P039 (1990M 卯月),49,55,60
2026-04-22,P039 (1990M 卯月),63,69,74
2026-04-23,P039 (1990M 卯月),52,58,63
2026-04-24,P039 (1990M 卯月),72,78,83
2026-04-25,P039 (1990M 卯月),69,75,80
2026-04-26,P039 (1990M 卯月),70,76,81
2026-04-27,P039 (1990M 卯月),79,85,90
2026-04-28,P039 (1990M 卯月),74,80,85
2026-04-29,P039 (1990M 卯月),83,89,94
2026-04-30,P039 (1990M 卯月),57,63,68
2026-05-01,P039 (1990M 卯月),62,68,73
2026-05-02,P039 (1990M 卯月),58,64,69
2026-05-03,P039 (1990M 卯月),53,59,64
2026-05-04,P039 (1990M 卯月),67,73,78
2026-05-05,P039 (1990M 卯月),62,68,73
2026-05-06,P039 (1990M 卯月),70,76,81
2026-05-07,P039 (1990M 卯月),78,84,89
2026-05-08,P039 (1990M 卯月),81,87,92
2026-05-09,P039 (1990M 卯月),82,88,93
2026-05-10,P039 (1990M 卯月),69,75,80
2026-05-11,P039 (1990M 卯月),81,87,92
2026-05-12,P039 (1990M 卯月),53,59,64
2026-05-13,P039 (1990M 卯月),53,59,64
2026-05-14,P039 (1990M 卯月),51,57,62
2026-05-15,P039 (1990M 卯月),51,57,62
2026-05-16,P039 (1990M 卯月),63,69,74
2026-05-17,P039 (1990M 卯月),61,67,72
2026-05-18,P039 (1990M 卯月),75,81,86
2026-05-19,P039 (1990M 卯月),80,86,91
2026-05-20,P039 (1990M 卯月),78,84,89
2026-05-21,P039 (1990M 卯月),83,89,94
2026-05-22,P039 (1990M 卯月),68,74,79
2026-05-23,P039 (1990M 卯月),76,82,87
2026-05-24,P039 (1990M 卯月),57,63,68
2026-05-25,P039 (1990M 卯月),59,65,70
2026-05-26,P039 (1990M 卯月),53,59,64
2026-05-27,P039 (1990M 卯月),53,59,64
2026-05-28,P039 (1990M 卯月),76,82,87
2026-05-29,P039 (1990M 卯月),69,75,80
2026-05-30,P039 (1990M 卯月),75,81,86
2026-05-31,P039 (1990M 卯月),79,85,90
2025-12-03,P040 (1991F 午月),76,81,86
2025-12-04,P040 (1991F 午月),68,73,78
2025-12-05,P040 (1991F 午月),48,53,58
2025-12-06,P040 (1991F 午月),60,65,70
2025-12-07,P040 (1991F 午月),57,62,67
2025-12-08,P040 (1991F 午月),52,57,62
2025-12-09,P040 (1991F 午月),46,51,56
2025-12-10,P040 (1991F 午月),44,49,54
2025-12-11,P040 (1991F 午月),54,59,64
2025-12-12,P040 (1991F 午月),57,62,67
2025-12-13,P040 (1991F 午月),58,63,68
2025-12-14,P040 (1991F 午月),51,56,61
2025-12-15,P040 (1991F 午月),66,71,76
2025-12-16,P040 (1991F 午月),61,66,71
2025-12-17,P040 (1991F 午月),47,52,57
2025-12-18,P040 (1991F 午月),54,59,64
2025-12-19,P040 (1991F 午月),57,62,67
2025-12-20,P040 (1991F 午月),49,54,59
2025-12-21,P040 (1991F 午月),50,55,60
2025-12-22,P040 (1991F 午月),48,53,58
2025-12-23,P040 (1991F 午月),53,58,63
2025-12-24,P040 (1991F 午月),61,66,71
2025-12-25,P040 (1991F 午月),55,60,65
2025-12-26,P040 (1991F 午月),51,56,61
2025-12-27,P040 (1991F 午月),73,78,83
2025-12-28,P040 (1991F 午月),61,66,71
2025-12-29,P040 (1991F 午月),46,51,56
2025-12-30,P040 (1991F 午月),51,56,61
2025-12-31,P040 (1991F 午月),58,63,68
2026-01-01,P040 (1991F 午月),52,57,62
2026-01-02,P040 (1991F 午月),49,54,59
2026-01-03,P040 (1991F 午月),49,54,59
2026-01-04,P040 (1991F 午月),52,57,62
2026-01-05,P040 (1991F 午月),61,66,71
2026-01-06,P040 (1991F 午月),65,70,75
2026-01-07,P040 (1991F 午月),59,64,69
2026-01-08,P040 (1991F 午月),77,82,87
2026-01-09,P040 (1991F 午月),65,70,75
2026-01-10,P040 (1991F 午月),51,56,61
2026-01-11,P040 (1991F 午月),59,64,69
2026-01-12,P040 (1991F 午月),58,63,68
2026-01-13,P040 (1991F 午月),61,66,71
2026-01-14,P040 (1991F 午月),49,54,59
2026-01-15,P040 (1991F 午月),53,58,63
2026-01-16,P040 (1991F 午月),58,63,68
2026-01-17,P040 (1991F 午月),66,71,76
2026-01-18,P040 (1991F 午月),61,66,71
2026-01-19,P040 (1991F 午月),56,61,66
2026-01-20,P040 (1991F 午月),74,79,84
2026-01-21,P040 (1991F 午月),65,70,75
2026-01-22,P040 (1991F 午月),47,52,57
2026-01-23,P040 (1991F 午月),61,66,71
2026-01-24,P040 (1991F 午月),55,60,65
2026-01-25,P040 (1991F 午月),57,62,67
2026-01-26,P040 (1991F 午月),50,55,60
2026-01-27,P040 (1991F 午月),54,59,64
2026-01-28,P040 (1991F 午月),56,61,66
2026-01-29,P040 (1991F 午月),64,69,74
2026-01-30,P040 (1991F 午月),62,67,72
2026-01-31,P040 (1991F 午月),54,59,64
2026-02-01,P040 (1991F 午月),73,78,83
2026-02-02,P040 (1991F 午月),65,70,75
2026-02-03,P040 (1991F 午月),45,50,55
2026-02-04,P040 (1991F 午月),54,59,64
2026-02-05,P040 (1991F 午月),60,65,70
2026-02-06,P040 (1991F 午月),55,60,65
2026-02-07,P040 (1991F 午月),50,55,60
2026-02-08,P040 (1991F 午月),47,52,57
2026-02-09,P040 (1991F 午月),58,63,68
2026-02-10,P040 (1991F 午月),59,64,69
2026-02-11,P040 (1991F 午月),59,64,69
2026-02-12,P040 (1991F 午月),55,60,65
2026-02-13,P040 (1991F 午月),67,72,77
2026-02-14,P040 (1991F 午月),65,70,75
2026-02-15,P040 (1991F 午月),48,53,58
2026-02-16,P040 (1991F 午月),58,63,68
2026-02-17,P040 (1991F 午月),61,66,71
2026-02-18,P040 (1991F 午月),54,59,64
2026-02-19,P040 (1991F 午月),52,57,62
2026-02-20,P040 (1991F 午月),50,55,60
2026-02-21,P040 (1991F 午月),55,60,65
2026-02-22,P040 (1991F 午月),64,69,74
2026-02-23,P040 (1991F 午月),59,64,69
2026-02-24,P040 (1991F 午月),56,61,66
2026-02-25,P040 (1991F 午月),78,83,88
2026-02-26,P040 (1991F 午月),66,71,76
2026-02-27,P040 (1991F 午月),47,52,57
2026-02-28,P040 (1991F 午月),56,61,66
2026-03-01,P040 (1991F 午月),61,66,71
2026-03-02,P040 (1991F 午月),54,59,64
2026-03-03,P040 (1991F 午月),49,54,59
2026-03-04,P040 (1991F 午月),51,56,61
2026-03-05,P040 (1991F 午月),53,58,63
2026-03-06,P040 (1991F 午月),74,79,84
2026-03-07,P040 (1991F 午月),81,86,91
2026-03-08,P040 (1991F 午月),71,76,81
2026-03-09,P040 (1991F 午月),90,95,100
2026-03-10,P040 (1991F 午月),77,82,87
2026-03-11,P040 (1991F 午月),57,62,67
2026-03-12,P040 (1991F 午月),66,71,76
2026-03-13,P040 (1991F 午月),69,74,79
2026-03-14,P040 (1991F 午月),70,75,80
2026-03-15,P040 (1991F 午月),55,60,65
2026-03-16,P040 (1991F 午月),57,62,67
2026-03-17,P040 (1991F 午月),72,77,82
2026-03-18,P040 (1991F 午月),75,80,85
2026-03-19,P040 (1991F 午月),76,81,86
2026-03-20,P040 (1991F 午月),64,69,74
2026-03-21,P040 (1991F 午月),85,90,95
2026-03-22,P040 (1991F 午月),73,78,83
2026-03-23,P040 (1991F 午月),55,60,65
2026-03-24,P040 (1991F 午月),69,74,79
2026-03-25,P040 (1991F 午月),63,68,73
2026-03-26,P040 (1991F 午月),63,68,73
2026-03-27,P040 (1991F 午月),65,70,75
2026-03-28,P040 (1991F 午月),62,67,72
2026-03-29,P040 (1991F 午月),71,76,81
2026-03-30,P040 (1991F 午月),75,80,85
2026-03-31,P040 (1991F 午月),77,82,87
2026-04-01,P040 (1991F 午月),67,72,77
2026-04-02,P040 (1991F 午月),86,91,96
2026-04-03,P040 (1991F 午月),78,83,88
2026-04-04,P040 (1991F 午月),55,60,65
2026-04-05,P040 (1991F 午月),62,67,72
2026-04-06,P040 (1991F 午月),73,78,83
2026-04-07,P040 (1991F 午月),63,68,73
2026-04-08,P040 (1991F 午月),64,69,74
2026-04-09,P040 (1991F 午月),54,59,64
2026-04-10,P040 (1991F 午月),71,76,81
2026-04-11,P040 (1991F 午月),69,74,79
2026-04-12,P040 (1991F 午月),74,79,84
2026-04-13,P040 (1991F 午月),65,70,75
2026-04-14,P040 (1991F 午月),79,84,89
2026-04-15,P040 (1991F 午月),75,80,85
2026-04-16,P040 (1991F 午月),56,61,66
2026-04-17,P040 (1991F 午月),65,70,75
2026-04-18,P040 (1991F 午月),74,79,84
2026-04-19,P040 (1991F 午月),62,67,72
2026-04-20,P040 (1991F 午月),65,70,75
2026-04-21,P040 (1991F 午月),55,60,65
2026-04-22,P040 (1991F 午月),67,72,77
2026-04-23,P040 (1991F 午月),71,76,81
2026-04-24,P040 (1991F 午月),68,73,78
2026-04-25,P040 (1991F 午月),64,69,74
2026-04-26,P040 (1991F 午月),86,91,96
2026-04-27,P040 (1991F 午月),76,81,86
2026-04-28,P040 (1991F 午月),54,59,64
2026-04-29,P040 (1991F 午月),61,66,71
2026-04-30,P040 (1991F 午月),68,73,78
2026-05-01,P040 (1991F 午月),57,62,67
2026-05-02,P040 (1991F 午月),60,65,70
2026-05-03,P040 (1991F 午月),57,62,67
2026-05-04,P040 (1991F 午月),61,66,71
2026-05-05,P040 (1991F 午月),67,72,77
2026-05-06,P040 (1991F 午月),72,77,82
2026-05-07,P040 (1991F 午月),65,70,75
2026-05-08,P040 (1991F 午月),84,89,94
2026-05-09,P040 (1991F 午月),71,76,81
2026-05-10,P040 (1991F 午月),52,57,62
2026-05-11,P040 (1991F 午月),58,63,68
2026-05-12,P040 (1991F 午月),65,70,75
2026-05-13,P040 (1991F 午月),61,66,71
2026-05-14,P040 (1991F 午月),52,57,62
2026-05-15,P040 (1991F 午月),51,56,61
2026-05-16,P040 (1991F 午月),69,74,79
2026-05-17,P040 (1991F 午月),68,73,78
2026-05-18,P040 (1991F 午月),73,78,83
2026-05-19,P040 (1991F 午月),62,67,72
2026-05-20,P040 (1991F 午月),83,88,93
2026-05-21,P040 (1991F 午月),71,76,81
2026-05-22,P040 (1991F 午月),49,54,59
2026-05-23,P040 (1991F 午月),60,65,70
2026-05-24,P040 (1991F 午月),59,64,69
2026-05-25,P040 (1991F 午月),57,62,67
2026-05-26,P040 (1991F 午月),58,63,68
2026-05-27,P040 (1991F 午月),50,55,60
2026-05-28,P040 (1991F 午月),64,69,74
2026-05-29,P040 (1991F 午月),65,70,75
2026-05-30,P040 (1991F 午月),72,77,82
2026-05-31,P040 (1991F 午月),61,66,71
2025-12-03,P041 (1992M 辰月),80,85,90
2025-12-04,P041 (1992M 辰月),64,69,74
2025-12-05,P041 (1992M 辰月),56,61,66
2025-12-06,P041 (1992M 辰月),72,77,82
2025-12-07,P041 (1992M 辰月),69,74,79
2025-12-08,P041 (1992M 辰月),67,72,77
2025-12-09,P041 (1992M 辰月),73,78,83
2025-12-10,P041 (1992M 辰月),59,64,69
2025-12-11,P041 (1992M 辰月),64,69,74
2025-12-12,P041 (1992M 辰月),76,81,86
2025-12-13,P041 (1992M 辰月),63,68,73
2025-12-14,P041 (1992M 辰月),62,67,72
2025-12-15,P041 (1992M 辰月),78,83,88
2025-12-16,P041 (1992M 辰月),67,72,77
2025-12-17,P041 (1992M 辰月),64,69,74
2025-12-18,P041 (1992M 辰月),74,79,84
2025-12-19,P041 (1992M 辰月),66,71,76
2025-12-20,P041 (1992M 辰月),65,70,75
2025-12-21,P041 (1992M 辰月),81,86,91
2025-12-22,P041 (1992M 辰月),62,67,72
2025-12-23,P041 (1992M 辰月),65,70,75
2025-12-24,P041 (1992M 辰月),73,78,83
2025-12-25,P041 (1992M 辰月),66,71,76
2025-12-26,P041 (1992M 辰月),62,67,72
2025-12-27,P041 (1992M 辰月),81,86,91
2025-12-28,P041 (1992M 辰月),66,71,76
2025-12-29,P041 (1992M 辰月),60,65,70
2025-12-30,P041 (1992M 辰月),71,76,81
2025-12-31,P041 (1992M 辰月),70,75,80
2026-01-01,P041 (1992M 辰月),74,79,84
2026-01-02,P041 (1992M 辰月),77,82,87
2026-01-03,P041 (1992M 辰月),56,61,66
2026-01-04,P041 (1992M 辰月),63,68,73
2026-01-05,P041 (1992M 辰月),73,78,83
2026-01-06,P041 (1992M 辰月),55,60,65
2026-01-07,P041 (1992M 辰月),53,58,63
2026-01-08,P041 (1992M 辰月),72,77,82
2026-01-09,P041 (1992M 辰月),57,62,67
2026-01-10,P041 (1992M 辰月),59,64,69
2026-01-11,P041 (1992M 辰月),73,78,83
2026-01-12,P041 (1992M 辰月),59,64,69
2026-01-13,P041 (1992M 辰月),63,68,73
2026-01-14,P041 (1992M 辰月),64,69,74
2026-01-15,P041 (1992M 辰月),52,57,62
2026-01-16,P041 (1992M 辰月),54,59,64
2026-01-17,P041 (1992M 辰月),62,67,72
2026-01-18,P041 (1992M 辰月),50,55,60
2026-01-19,P041 (1992M 辰月),49,54,59
2026-01-20,P041 (1992M 辰月),79,84,89
2026-01-21,P041 (1992M 辰月),60,65,70
2026-01-22,P041 (1992M 辰月),49,54,59
2026-01-23,P041 (1992M 辰月),69,74,79
2026-01-24,P041 (1992M 辰月),55,60,65
2026-01-25,P041 (1992M 辰月),62,67,72
2026-01-26,P041 (1992M 辰月),65,70,75
2026-01-27,P041 (1992M 辰月),49,54,59
2026-01-28,P041 (1992M 辰月),52,57,62
2026-01-29,P041 (1992M 辰月),61,66,71
2026-01-30,P041 (1992M 辰月),60,65,70
2026-01-31,P041 (1992M 辰月),58,63,68
2026-02-01,P041 (1992M 辰月),75,80,85
2026-02-02,P041 (1992M 辰月),58,63,68
2026-02-03,P041 (1992M 辰月),51,56,61
2026-02-04,P041 (1992M 辰月),61,66,71
2026-02-05,P041 (1992M 辰月),60,65,70
2026-02-06,P041 (1992M 辰月),57,62,67
2026-02-07,P041 (1992M 辰月),60,65,70
2026-02-08,P041 (1992M 辰月),48,53,58
2026-02-09,P041 (1992M 辰月),56,61,66
2026-02-10,P041 (1992M 辰月),59,64,69
2026-02-11,P041 (1992M 辰月),57,62,67
2026-02-12,P041 (1992M 辰月),47,52,57
2026-02-13,P041 (1992M 辰月),71,76,81
2026-02-14,P041 (1992M 辰月),50,55,60
2026-02-15,P041 (1992M 辰月),53,58,63
2026-02-16,P041 (1992M 辰月),61,66,71
2026-02-17,P041 (1992M 辰月),57,62,67
2026-02-18,P041 (1992M 辰月),56,61,66
2026-02-19,P041 (1992M 辰月),66,71,76
2026-02-20,P041 (1992M 辰月),51,56,61
2026-02-21,P041 (1992M 辰月),56,61,66
2026-02-22,P041 (1992M 辰月),57,62,67
2026-02-23,P041 (1992M 辰月),57,62,67
2026-02-24,P041 (1992M 辰月),50,55,60
2026-02-25,P041 (1992M 辰月),73,78,83
2026-02-26,P041 (1992M 辰月),58,63,68
2026-02-27,P041 (1992M 辰月),54,59,64
2026-02-28,P041 (1992M 辰月),63,68,73
2026-03-01,P041 (1992M 辰月),63,68,73
2026-03-02,P041 (1992M 辰月),59,64,69
2026-03-03,P041 (1992M 辰月),66,71,76
2026-03-04,P041 (1992M 辰月),51,56,61
2026-03-05,P041 (1992M 辰月),58,63,68
2026-03-06,P041 (1992M 辰月),72,77,82
2026-03-07,P041 (1992M 辰月),61,66,71
2026-03-08,P041 (1992M 辰月),61,66,71
2026-03-09,P041 (1992M 辰月),79,84,89
2026-03-10,P041 (1992M 辰月),64,69,74
2026-03-11,P041 (1992M 辰月),65,70,75
2026-03-12,P041 (1992M 辰月),80,85,90
2026-03-13,P041 (1992M 辰月),64,69,74
2026-03-14,P041 (1992M 辰月),69,74,79
2026-03-15,P041 (1992M 辰月),69,74,79
2026-03-16,P041 (1992M 辰月),57,62,67
2026-03-17,P041 (1992M 辰月),59,64,69
2026-03-18,P041 (1992M 辰月),69,74,79
2026-03-19,P041 (1992M 辰月),59,64,69
2026-03-20,P041 (1992M 辰月),58,63,68
2026-03-21,P041 (1992M 辰月),86,91,96
2026-03-22,P041 (1992M 辰月),69,74,79
2026-03-23,P041 (1992M 辰月),58,63,68
2026-03-24,P041 (1992M 辰月),76,81,86
2026-03-25,P041 (1992M 辰月),64,69,74
2026-03-26,P041 (1992M 辰月),69,74,79
2026-03-27,P041 (1992M 辰月),71,76,81
2026-03-28,P041 (1992M 辰月),55,60,65
2026-03-29,P041 (1992M 辰月),56,61,66
2026-03-30,P041 (1992M 辰月),67,72,77
2026-03-31,P041 (1992M 辰月),66,71,76
2026-04-01,P041 (1992M 辰月),66,71,76
2026-04-02,P041 (1992M 辰月),83,88,93
2026-04-03,P041 (1992M 辰月),66,71,76
2026-04-04,P041 (1992M 辰月),60,65,70
2026-04-05,P041 (1992M 辰月),66,71,76
2026-04-06,P041 (1992M 辰月),64,69,74
2026-04-07,P041 (1992M 辰月),61,66,71
2026-04-08,P041 (1992M 辰月),65,70,75
2026-04-09,P041 (1992M 辰月),52,57,62
2026-04-10,P041 (1992M 辰月),59,64,69
2026-04-11,P041 (1992M 辰月),63,68,73
2026-04-12,P041 (1992M 辰月),60,65,70
2026-04-13,P041 (1992M 辰月),52,57,62
2026-04-14,P041 (1992M 辰月),74,79,84
2026-04-15,P041 (1992M 辰月),57,62,67
2026-04-16,P041 (1992M 辰月),58,63,68
2026-04-17,P041 (1992M 辰月),67,72,77
2026-04-18,P041 (1992M 辰月),60,65,70
2026-04-19,P041 (1992M 辰月),57,62,67
2026-04-20,P041 (1992M 辰月),68,73,78
2026-04-21,P041 (1992M 辰月),55,60,65
2026-04-22,P041 (1992M 辰月),59,64,69
2026-04-23,P041 (1992M 辰月),60,65,70
2026-04-24,P041 (1992M 辰月),61,66,71
2026-04-25,P041 (1992M 辰月),52,57,62
2026-04-26,P041 (1992M 辰月),76,81,86
2026-04-27,P041 (1992M 辰月),57,62,67
2026-04-28,P041 (1992M 辰月),53,58,63
2026-04-29,P041 (1992M 辰月),64,69,74
2026-04-30,P041 (1992M 辰月),64,69,74
2026-05-01,P041 (1992M 辰月),60,65,70
2026-05-02,P041 (1992M 辰月),66,71,76
2026-05-03,P041 (1992M 辰月),52,57,62
2026-05-04,P041 (1992M 辰月),59,64,69
2026-05-05,P041 (1992M 辰月),60,65,70
2026-05-06,P041 (1992M 辰月),52,57,62
2026-05-07,P041 (1992M 辰月),51,56,61
2026-05-08,P041 (1992M 辰月),69,74,79
2026-05-09,P041 (1992M 辰月),54,59,64
2026-05-10,P041 (1992M 辰月),54,59,64
2026-05-11,P041 (1992M 辰月),69,74,79
2026-05-12,P041 (1992M 辰月),54,59,64
2026-05-13,P041 (1992M 辰月),59,64,69
2026-05-14,P041 (1992M 辰月),61,66,71
2026-05-15,P041 (1992M 辰月),50,55,60
2026-05-16,P041 (1992M 辰月),52,57,62
2026-05-17,P041 (1992M 辰月),60,65,70
2026-05-18,P041 (1992M 辰月),49,54,59
2026-05-19,P041 (1992M 辰月),51,56,61
2026-05-20,P041 (1992M 辰月),75,80,85
2026-05-21,P041 (1992M 辰月),61,66,71
2026-05-22,P041 (1992M 辰月),49,54,59
2026-05-23,P041 (1992M 辰月),66,71,76
2026-05-24,P041 (1992M 辰月),56,61,66
2026-05-25,P041 (1992M 辰月),62,67,72
2026-05-26,P041 (1992M 辰月),61,66,71
2026-05-27,P041 (1992M 辰月),46,51,56
2026-05-28,P041 (1992M 辰月),50,55,60
2026-05-29,P041 (1992M 辰月),59,64,69
2026-05-30,P041 (1992M 辰月),58,63,68
2026-05-31,P041 (1992M 辰月),58,63,68
2025-12-03,P042 (1993F 酉月),53,59,64
2025-12-04,P042 (1993F 酉月),57,63,68
2025-12-05,P042 (1993F 酉月),56,62,67
2025-12-06,P042 (1993F 酉月),69,75,80
2025-12-07,P042 (1993F 酉月),47,53,58
2025-12-08,P042 (1993F 酉月),48,54,59
2025-12-09,P042 (1993F 酉月),53,59,64
2025-12-10,P042 (1993F 酉月),56,62,67
2025-12-11,P042 (1993F 酉月),57,63,68
2025-12-12,P042 (1993F 酉月),55,61,66
2025-12-13,P042 (1993F 酉月),66,72,77
2025-12-14,P042 (1993F 酉月),52,58,63
2025-12-15,P042 (1993F 酉月),51,57,62
2025-12-16,P042 (1993F 酉月),59,65,70
2025-12-17,P042 (1993F 酉月),56,62,67
2025-12-18,P042 (1993F 酉月),61,67,72
2025-12-19,P042 (1993F 酉月),48,54,59
2025-12-20,P042 (1993F 酉月),50,56,61
2025-12-21,P042 (1993F 酉月),60,66,71
2025-12-22,P042 (1993F 酉月),58,64,69
2025-12-23,P042 (1993F 酉月),54,60,65
2025-12-24,P042 (1993F 酉月),54,60,65
2025-12-25,P042 (1993F 酉月),68,74,79
2025-12-26,P042 (1993F 酉月),58,64,69
2025-12-27,P042 (1993F 酉月),54,60,65
2025-12-28,P042 (1993F 酉月),57,63,68
2025-12-29,P042 (1993F 酉月),55,61,66
2025-12-30,P042 (1993F 酉月),62,68,73
2025-12-31,P042 (1993F 酉月),54,60,65
2026-01-01,P042 (1993F 酉月),53,59,64
2026-01-02,P042 (1993F 酉月),59,65,70
2026-01-03,P042 (1993F 酉月),60,66,71
2026-01-04,P042 (1993F 酉月),52,58,63
2026-01-05,P042 (1993F 酉月),56,62,67
2026-01-06,P042 (1993F 酉月),69,75,80
2026-01-07,P042 (1993F 酉月),61,67,72
2026-01-08,P042 (1993F 酉月),58,64,69
2026-01-09,P042 (1993F 酉月),60,66,71
2026-01-10,P042 (1993F 酉月),66,72,77
2026-01-11,P042 (1993F 酉月),67,73,78
2026-01-12,P042 (1993F 酉月),52,58,63
2026-01-13,P042 (1993F 酉月),55,61,66
2026-01-14,P042 (1993F 酉月),55,61,66
2026-01-15,P042 (1993F 酉月),57,63,68
2026-01-16,P042 (1993F 酉月),51,57,62
2026-01-17,P042 (1993F 酉月),53,59,64
2026-01-18,P042 (1993F 酉月),64,70,75
2026-01-19,P042 (1993F 酉月),51,57,62
2026-01-20,P042 (1993F 酉月),56,62,67
2026-01-21,P042 (1993F 酉月),57,63,68
2026-01-22,P042 (1993F 酉月),56,62,67
2026-01-23,P042 (1993F 酉月),66,72,77
2026-01-24,P042 (1993F 酉月),50,56,61
2026-01-25,P042 (1993F 酉月),52,58,63
2026-01-26,P042 (1993F 酉月),57,63,68
2026-01-27,P042 (1993F 酉月),61,67,72
2026-01-28,P042 (1993F 酉月),54,60,65
2026-01-29,P042 (1993F 酉月),52,58,63
2026-01-30,P042 (1993F 酉月),76,82,87
2026-01-31,P042 (1993F 酉月),55,61,66
2026-02-01,P042 (1993F 酉月),57,63,68
2026-02-02,P042 (1993F 酉月),62,68,73
2026-02-03,P042 (1993F 酉月),59,65,70
2026-02-04,P042 (1993F 酉月),68,74,79
2026-02-05,P042 (1993F 酉月),51,57,62
2026-02-06,P042 (1993F 酉月),57,63,68
2026-02-07,P042 (1993F 酉月),54,60,65
2026-02-08,P042 (1993F 酉月),60,66,71
2026-02-09,P042 (1993F 酉月),61,67,72
2026-02-10,P042 (1993F 酉月),51,57,62
2026-02-11,P042 (1993F 酉月),66,72,77
2026-02-12,P042 (1993F 酉月),54,60,65
2026-02-13,P042 (1993F 酉月),51,57,62
2026-02-14,P042 (1993F 酉月),59,65,70
2026-02-15,P042 (1993F 酉月),54,60,65
2026-02-16,P042 (1993F 酉月),66,72,77
2026-02-17,P042 (1993F 酉月),54,60,65
2026-02-18,P042 (1993F 酉月),54,60,65
2026-02-19,P042 (1993F 酉月),60,66,71
2026-02-20,P042 (1993F 酉月),58,64,69
2026-02-21,P042 (1993F 酉月),51,57,62
2026-02-22,P042 (1993F 酉月),52,58,63
2026-02-23,P042 (1993F 酉月),64,70,75
2026-02-24,P042 (1993F 酉月),55,61,66
2026-02-25,P042 (1993F 酉月),50,56,61
2026-02-26,P042 (1993F 酉月),63,69,74
2026-02-27,P042 (1993F 酉月),60,66,71
2026-02-28,P042 (1993F 酉月),63,69,74
2026-03-01,P042 (1993F 酉月),59,65,70
2026-03-02,P042 (1993F 酉月),51,57,62
2026-03-03,P042 (1993F 酉月),54,60,65
2026-03-04,P042 (1993F 酉月),58,64,69
2026-03-05,P042 (1993F 酉月),51,57,62
2026-03-06,P042 (1993F 酉月),55,61,66
2026-03-07,P042 (1993F 酉月),66,72,77
2026-03-08,P042 (1993F 酉月),54,60,65
2026-03-09,P042 (1993F 酉月),50,56,61
2026-03-10,P042 (1993F 酉月),53,59,64
2026-03-11,P042 (1993F 酉月),58,64,69
2026-03-12,P042 (1993F 酉月),63,69,74
2026-03-13,P042 (1993F 酉月),49,55,60
2026-03-14,P042 (1993F 酉月),50,56,61
2026-03-15,P042 (1993F 酉月),53,59,64
2026-03-16,P042 (1993F 酉月),56,62,67
2026-03-17,P042 (1993F 酉月),50,56,61
2026-03-18,P042 (1993F 酉月),50,56,61
2026-03-19,P042 (1993F 酉月),59,65,70
2026-03-20,P042 (1993F 酉月),49,55,60
2026-03-21,P042 (1993F 酉月),52,58,63
2026-03-22,P042 (1993F 酉月),54,60,65
2026-03-23,P042 (1993F 酉月),52,58,63
2026-03-24,P042 (1993F 酉月),58,64,69
2026-03-25,P042 (1993F 酉月),49,55,60
2026-03-26,P042 (1993F 酉月),51,57,62
2026-03-27,P042 (1993F 酉月),52,58,63
2026-03-28,P042 (1993F 酉月),55,61,66
2026-03-29,P042 (1993F 酉月),50,56,61
2026-03-30,P042 (1993F 酉月),51,57,62
2026-03-31,P042 (1993F 酉月),71,77,82
2026-04-01,P042 (1993F 酉月),56,62,67
2026-04-02,P042 (1993F 酉月),52,58,63
2026-04-03,P042 (1993F 酉月),60,66,71
2026-04-04,P042 (1993F 酉月),58,64,69
2026-04-05,P042 (1993F 酉月),83,89,94
2026-04-06,P042 (1993F 酉月),63,69,74
2026-04-07,P042 (1993F 酉月),73,79,84
2026-04-08,P042 (1993F 酉月),68,74,79
2026-04-09,P042 (1993F 酉月),75,81,86
2026-04-10,P042 (1993F 酉月),77,83,88
2026-04-11,P042 (1993F 酉月),63,69,74
2026-04-12,P042 (1993F 酉月),79,85,90
2026-04-13,P042 (1993F 酉月),68,74,79
2026-04-14,P042 (1993F 酉月),61,67,72
2026-04-15,P042 (1993F 酉月),75,81,86
2026-04-16,P042 (1993F 酉月),68,74,79
2026-04-17,P042 (1993F 酉月),73,79,84
2026-04-18,P042 (1993F 酉月),64,70,75
2026-04-19,P042 (1993F 酉月),64,70,75
2026-04-20,P042 (1993F 酉月),71,77,82
2026-04-21,P042 (1993F 酉月),72,78,83
2026-04-22,P042 (1993F 酉月),69,75,80
2026-04-23,P042 (1993F 酉月),60,66,71
2026-04-24,P042 (1993F 酉月),76,82,87
2026-04-25,P042 (1993F 酉月),71,77,82
2026-04-26,P042 (1993F 酉月),57,63,68
2026-04-27,P042 (1993F 酉月),73,79,84
2026-04-28,P042 (1993F 酉月),71,77,82
2026-04-29,P042 (1993F 酉月),73,79,84
2026-04-30,P042 (1993F 酉月),71,77,82
2026-05-01,P042 (1993F 酉月),68,74,79
2026-05-02,P042 (1993F 酉月),63,69,74
2026-05-03,P042 (1993F 酉月),66,72,77
2026-05-04,P042 (1993F 酉月),60,66,71
2026-05-05,P042 (1993F 酉月),65,71,76
2026-05-06,P042 (1993F 酉月),72,78,83
2026-05-07,P042 (1993F 酉月),68,74,79
2026-05-08,P042 (1993F 酉月),53,59,64
2026-05-09,P042 (1993F 酉月),66,72,77
2026-05-10,P042 (1993F 酉月),76,82,87
2026-05-11,P042 (1993F 酉月),71,77,82
2026-05-12,P042 (1993F 酉月),60,66,71
2026-05-13,P042 (1993F 酉月),54,60,65
2026-05-14,P042 (1993F 酉月),54,60,65
2026-05-15,P042 (1993F 酉月),64,70,75
2026-05-16,P042 (1993F 酉月),55,61,66
2026-05-17,P042 (1993F 酉月),51,57,62
2026-05-18,P042 (1993F 酉月),73,79,84
2026-05-19,P042 (1993F 酉月),64,70,75
2026-05-20,P042 (1993F 酉月),58,64,69
2026-05-21,P042 (1993F 酉月),62,68,73
2026-05-22,P042 (1993F 酉月),65,71,76
2026-05-23,P042 (1993F 酉月),68,74,79
2026-05-24,P042 (1993F 酉月),53,59,64
2026-05-25,P042 (1993F 酉月),61,67,72
2026-05-26,P042 (1993F 酉月),57,63,68
2026-05-27,P042 (1993F 酉月),70,76,81
2026-05-28,P042 (1993F 酉月),65,71,76
2026-05-29,P042 (1993F 酉月),55,61,66
2026-05-30,P042 (1993F 酉月),83,89,94
2026-05-31,P042 (1993F 酉月),65,71,76
2025-12-03,P043 (1994M 子月),67,67,72
2025-12-04,P043 (1994M 子月),62,62,67
2025-12-05,P043 (1994M 子月),66,66,71
2025-12-06,P043 (1994M 子月),62,62,67
2025-12-07,P043 (1994M 子月),87,87,92
2025-12-08,P043 (1994M 子月),86,86,91
2025-12-09,P043 (1994M 子月),85,85,90
2025-12-10,P043 (1994M 子月),78,78,83
2025-12-11,P043 (1994M 子月),88,88,93
2025-12-12,P043 (1994M 子月),72,72,77
2025-12-13,P043 (1994M 子月),72,72,77
2025-12-14,P043 (1994M 子月),62,62,67
2025-12-15,P043 (1994M 子月),72,72,77
2025-12-16,P043 (1994M 子月),67,67,72
2025-12-17,P043 (1994M 子月),68,68,73
2025-12-18,P043 (1994M 子月),67,67,72
2025-12-19,P043 (1994M 子月),84,84,89
2025-12-20,P043 (1994M 子月),76,76,81
2025-12-21,P043 (1994M 子月),87,87,92
2025-12-22,P043 (1994M 子月),81,81,86
2025-12-23,P043 (1994M 子月),87,87,92
2025-12-24,P043 (1994M 子月),75,75,80
2025-12-25,P043 (1994M 子月),71,71,76
2025-12-26,P043 (1994M 子月),64,64,69
2025-12-27,P043 (1994M 子月),73,73,78
2025-12-28,P043 (1994M 子月),69,69,74
2025-12-29,P043 (1994M 子月),65,65,70
2025-12-30,P043 (1994M 子月),59,59,64
2025-12-31,P043 (1994M 子月),88,88,93
2026-01-01,P043 (1994M 子月),80,80,85
2026-01-02,P043 (1994M 子月),85,85,90
2026-01-03,P043 (1994M 子月),83,83,88
2026-01-04,P043 (1994M 子月),84,84,89
2026-01-05,P043 (1994M 子月),75,75,80
2026-01-06,P043 (1994M 子月),65,65,70
2026-01-07,P043 (1994M 子月),57,57,62
2026-01-08,P043 (1994M 子月),63,63,68
2026-01-09,P043 (1994M 子月),57,57,62
2026-01-10,P043 (1994M 子月),66,66,71
2026-01-11,P043 (1994M 子月),56,56,61
2026-01-12,P043 (1994M 子月),85,85,90
2026-01-13,P043 (1994M 子月),75,75,80
2026-01-14,P043 (1994M 子月),84,84,89
2026-01-15,P043 (1994M 子月),79,79,84
2026-01-16,P043 (1994M 子月),78,78,83
2026-01-17,P043 (1994M 子月),74,74,79
2026-01-18,P043 (1994M 子月),64,64,69
2026-01-19,P043 (1994M 子月),52,52,57
2026-01-20,P043 (1994M 子月),67,67,72
2026-01-21,P043 (1994M 子月),56,56,61
2026-01-22,P043 (1994M 子月),67,67,72
2026-01-23,P043 (1994M 子月),59,59,64
2026-01-24,P043 (1994M 子月),86,86,91
2026-01-25,P043 (1994M 子月),74,74,79
2026-01-26,P043 (1994M 子月),76,76,81
2026-01-27,P043 (1994M 子月),76,76,81
2026-01-28,P043 (1994M 子月),73,73,78
2026-01-29,P043 (1994M 子月),63,63,68
2026-01-30,P043 (1994M 子月),69,69,74
2026-01-31,P043 (1994M 子月),52,52,57
2026-02-01,P043 (1994M 子月),64,64,69
2026-02-02,P043 (1994M 子月),59,59,64
2026-02-03,P043 (1994M 子月),61,61,66
2026-02-04,P043 (1994M 子月),62,62,67
2026-02-05,P043 (1994M 子月),82,82,87
2026-02-06,P043 (1994M 子月),75,75,80
2026-02-07,P043 (1994M 子月),76,76,81
2026-02-08,P043 (1994M 子月),70,70,75
2026-02-09,P043 (1994M 子月),85,85,90
2026-02-10,P043 (1994M 子月),70,70,75
2026-02-11,P043 (1994M 子月),70,70,75
2026-02-12,P043 (1994M 子月),59,59,64
2026-02-13,P043 (1994M 子月),74,74,79
2026-02-14,P043 (1994M 子月),64,64,69
2026-02-15,P043 (1994M 子月),70,70,75
2026-02-16,P043 (1994M 子月),62,62,67
2026-02-17,P043 (1994M 子月),82,82,87
2026-02-18,P043 (1994M 子月),74,74,79
2026-02-19,P043 (1994M 子月),86,86,91
2026-02-20,P043 (1994M 子月),79,79,84
2026-02-21,P043 (1994M 子月),88,88,93
2026-02-22,P043 (1994M 子月),73,73,78
2026-02-23,P043 (1994M 子月),73,73,78
2026-02-24,P043 (1994M 子月),59,59,64
2026-02-25,P043 (1994M 子月),73,73,78
2026-02-26,P043 (1994M 子月),62,62,67
2026-02-27,P043 (1994M 子月),66,66,71
2026-02-28,P043 (1994M 子月),60,60,65
2026-03-01,P043 (1994M 子月),86,86,91
2026-03-02,P043 (1994M 子月),78,78,83
2026-03-03,P043 (1994M 子月),88,88,93
2026-03-04,P043 (1994M 子月),81,81,86
2026-03-05,P043 (1994M 子月),85,85,90
2026-03-06,P043 (1994M 子月),65,65,70
2026-03-07,P043 (1994M 子月),60,60,65
2026-03-08,P043 (1994M 子月),53,53,58
2026-03-09,P043 (1994M 子月),59,59,64
2026-03-10,P043 (1994M 子月),52,52,57
2026-03-11,P043 (1994M 子月),62,62,67
2026-03-12,P043 (1994M 子月),52,52,57
2026-03-13,P043 (1994M 子月),82,82,87
2026-03-14,P043 (1994M 子月),69,69,74
2026-03-15,P043 (1994M 子月),78,78,83
2026-03-16,P043 (1994M 子月),72,72,77
2026-03-17,P043 (1994M 子月),71,71,76
2026-03-18,P043 (1994M 子月),68,68,73
2026-03-19,P043 (1994M 子月),58,58,63
2026-03-20,P043 (1994M 子月),50,50,55
2026-03-21,P043 (1994M 子月),62,62,67
2026-03-22,P043 (1994M 子月),53,53,58
2026-03-23,P043 (1994M 子月),61,61,66
2026-03-24,P043 (1994M 子月),53,53,58
2026-03-25,P043 (1994M 子月),78,78,83
2026-03-26,P043 (1994M 子月),73,73,78
2026-03-27,P043 (1994M 子月),73,73,78
2026-03-28,P043 (1994M 子月),73,73,78
2026-03-29,P043 (1994M 子月),73,73,78
2026-03-30,P043 (1994M 子月),61,61,66
2026-03-31,P043 (1994M 子月),66,66,71
2026-04-01,P043 (1994M 子月),49,49,54
2026-04-02,P043 (1994M 子月),58,58,63
2026-04-03,P043 (1994M 子月),53,53,58
2026-04-04,P043 (1994M 子月),56,56,61
2026-04-05,P043 (1994M 子月),53,53,58
2026-04-06,P043 (1994M 子月),77,77,82
2026-04-07,P043 (1994M 子月),65,65,70
2026-04-08,P043 (1994M 子月),72,72,77
2026-04-09,P043 (1994M 子月),65,65,70
2026-04-10,P043 (1994M 子月),72,72,77
2026-04-11,P043 (1994M 子月),59,59,64
2026-04-12,P043 (1994M 子月),60,60,65
2026-04-13,P043 (1994M 子月),46,46,51
2026-04-14,P043 (1994M 子月),66,66,71
2026-04-15,P043 (1994M 子月),50,50,55
2026-04-16,P043 (1994M 子月),61,61,66
2026-04-17,P043 (1994M 子月),53,53,58
2026-04-18,P043 (1994M 子月),73,73,78
2026-04-19,P043 (1994M 子月),65,65,70
2026-04-20,P043 (1994M 子月),74,74,79
2026-04-21,P043 (1994M 子月),66,66,71
2026-04-22,P043 (1994M 子月),72,72,77
2026-04-23,P043 (1994M 子月),54,54,59
2026-04-24,P043 (1994M 子月),62,62,67
2026-04-25,P043 (1994M 子月),47,47,52
2026-04-26,P043 (1994M 子月),62,62,67
2026-04-27,P043 (1994M 子月),49,49,54
2026-04-28,P043 (1994M 子月),57,57,62
2026-04-29,P043 (1994M 子月),51,51,56
2026-04-30,P043 (1994M 子月),75,75,80
2026-05-01,P043 (1994M 子月),64,64,69
2026-05-02,P043 (1994M 子月),70,70,75
2026-05-03,P043 (1994M 子月),63,63,68
2026-05-04,P043 (1994M 子月),71,71,76
2026-05-05,P043 (1994M 子月),58,58,63
2026-05-06,P043 (1994M 子月),52,52,57
2026-05-07,P043 (1994M 子月),47,47,52
2026-05-08,P043 (1994M 子月),51,51,56
2026-05-09,P043 (1994M 子月),44,44,49
2026-05-10,P043 (1994M 子月),52,52,57
2026-05-11,P043 (1994M 子月),48,48,53
2026-05-12,P043 (1994M 子月),73,73,78
2026-05-13,P043 (1994M 子月),62,62,67
2026-05-14,P043 (1994M 子月),69,69,74
2026-05-15,P043 (1994M 子月),64,64,69
2026-05-16,P043 (1994M 子月),62,62,67
2026-05-17,P043 (1994M 子月),57,57,62
2026-05-18,P043 (1994M 子月),47,47,52
2026-05-19,P043 (1994M 子月),46,46,51
2026-05-20,P043 (1994M 子月),50,50,55
2026-05-21,P043 (1994M 子月),47,47,52
2026-05-22,P043 (1994M 子月),50,50,55
2026-05-23,P043 (1994M 子月),46,46,51
2026-05-24,P043 (1994M 子月),72,72,77
2026-05-25,P043 (1994M 子月),62,62,67
2026-05-26,P043 (1994M 子月),65,65,70
2026-05-27,P043 (1994M 子月),64,64,69
2026-05-28,P043 (1994M 子月),62,62,67
2026-05-29,P043 (1994M 子月),50,50,55
2026-05-30,P043 (1994M 子月),54,54,59
2026-05-31,P043 (1994M 子月),45,45,50
2025-12-03,P044 (1995F 戌月),61,64,69
2025-12-04,P044 (1995F 戌月),67,70,75
2025-12-05,P044 (1995F 戌月),70,73,78
2025-12-06,P044 (1995F 戌月),76,79,84
2025-12-07,P044 (1995F 戌月),72,75,80
2025-12-08,P044 (1995F 戌月),66,69,74
2025-12-09,P044 (1995F 戌月),80,83,88
2025-12-10,P044 (1995F 戌月),79,82,87
2025-12-11,P044 (1995F 戌月),62,65,70
2025-12-12,P044 (1995F 戌月),58,61,66
2025-12-13,P044 (1995F 戌月),73,76,81
2025-12-14,P044 (1995F 戌月),63,66,71
2025-12-15,P044 (1995F 戌月),65,68,73
2025-12-16,P044 (1995F 戌月),68,71,76
2025-12-17,P044 (1995F 戌月),74,77,82
2025-12-18,P044 (1995F 戌月),74,77,82
2025-12-19,P044 (1995F 戌月),72,75,80
2025-12-20,P044 (1995F 戌月),61,64,69
2025-12-21,P044 (1995F 戌月),84,87,92
2025-12-22,P044 (1995F 戌月),86,89,94
2025-12-23,P044 (1995F 戌月),63,66,71
2025-12-24,P044 (1995F 戌月),57,60,65
2025-12-25,P044 (1995F 戌月),69,72,77
2025-12-26,P044 (1995F 戌月),62,65,70
2025-12-27,P044 (1995F 戌月),63,66,71
2025-12-28,P044 (1995F 戌月),64,67,72
2025-12-29,P044 (1995F 戌月),69,72,77
2025-12-30,P044 (1995F 戌月),69,72,77
2025-12-31,P044 (1995F 戌月),77,80,85
2026-01-01,P044 (1995F 戌月),64,67,72
2026-01-02,P044 (1995F 戌月),75,78,83
2026-01-03,P044 (1995F 戌月),84,87,92
2026-01-04,P044 (1995F 戌月),58,61,66
2026-01-05,P044 (1995F 戌月),57,60,65
2026-01-06,P044 (1995F 戌月),79,82,87
2026-01-07,P044 (1995F 戌月),69,72,77
2026-01-08,P044 (1995F 戌月),72,75,80
2026-01-09,P044 (1995F 戌月),69,72,77
2026-01-10,P044 (1995F 戌月),84,87,92
2026-01-11,P044 (1995F 戌月),85,88,93
2026-01-12,P044 (1995F 戌月),82,85,90
2026-01-13,P044 (1995F 戌月),80,83,88
2026-01-14,P044 (1995F 戌月),86,89,94
2026-01-15,P044 (1995F 戌月),90,93,98
2026-01-16,P044 (1995F 戌月),71,74,79
2026-01-17,P044 (1995F 戌月),63,66,71
2026-01-18,P044 (1995F 戌月),82,85,90
2026-01-19,P044 (1995F 戌月),65,68,73
2026-01-20,P044 (1995F 戌月),80,83,88
2026-01-21,P044 (1995F 戌月),73,76,81
2026-01-22,P044 (1995F 戌月),82,85,90
2026-01-23,P044 (1995F 戌月),88,91,96
2026-01-24,P044 (1995F 戌月),79,82,87
2026-01-25,P044 (1995F 戌月),76,79,84
2026-01-26,P044 (1995F 戌月),83,86,91
2026-01-27,P044 (1995F 戌月),87,90,95
2026-01-28,P044 (1995F 戌月),69,72,77
2026-01-29,P044 (1995F 戌月),58,61,66
2026-01-30,P044 (1995F 戌月),81,84,89
2026-01-31,P044 (1995F 戌月),67,70,75
2026-02-01,P044 (1995F 戌月),72,75,80
2026-02-02,P044 (1995F 戌月),76,79,84
2026-02-03,P044 (1995F 戌月),78,81,86
2026-02-04,P044 (1995F 戌月),57,60,65
2026-02-05,P044 (1995F 戌月),52,55,60
2026-02-06,P044 (1995F 戌月),49,52,57
2026-02-07,P044 (1995F 戌月),57,60,65
2026-02-08,P044 (1995F 戌月),63,66,71
2026-02-09,P044 (1995F 戌月),47,50,55
2026-02-10,P044 (1995F 戌月),47,50,55
2026-02-11,P044 (1995F 戌月),56,59,64
2026-02-12,P044 (1995F 戌月),49,52,57
2026-02-13,P044 (1995F 戌月),49,52,57
2026-02-14,P044 (1995F 戌月),53,56,61
2026-02-15,P044 (1995F 戌月),54,57,62
2026-02-16,P044 (1995F 戌月),58,61,66
2026-02-17,P044 (1995F 戌月),53,56,61
2026-02-18,P044 (1995F 戌月),48,51,56
2026-02-19,P044 (1995F 戌月),65,68,73
2026-02-20,P044 (1995F 戌月),71,74,79
2026-02-21,P044 (1995F 戌月),51,54,59
2026-02-22,P044 (1995F 戌月),49,52,57
2026-02-23,P044 (1995F 戌月),55,58,63
2026-02-24,P044 (1995F 戌月),53,56,61
2026-02-25,P044 (1995F 戌月),53,56,61
2026-02-26,P044 (1995F 戌月),53,56,61
2026-02-27,P044 (1995F 戌月),54,57,62
2026-02-28,P044 (1995F 戌月),54,57,62
2026-03-01,P044 (1995F 戌月),55,58,63
2026-03-02,P044 (1995F 戌月),50,53,58
2026-03-03,P044 (1995F 戌月),63,66,71
2026-03-04,P044 (1995F 戌月),72,75,80
2026-03-05,P044 (1995F 戌月),52,55,60
2026-03-06,P044 (1995F 戌月),51,54,59
2026-03-07,P044 (1995F 戌月),57,60,65
2026-03-08,P044 (1995F 戌月),52,55,60
2026-03-09,P044 (1995F 戌月),51,54,59
2026-03-10,P044 (1995F 戌月),51,54,59
2026-03-11,P044 (1995F 戌月),58,61,66
2026-03-12,P044 (1995F 戌月),59,62,67
2026-03-13,P044 (1995F 戌月),54,57,62
2026-03-14,P044 (1995F 戌月),51,54,59
2026-03-15,P044 (1995F 戌月),60,63,68
2026-03-16,P044 (1995F 戌月),73,76,81
2026-03-17,P044 (1995F 戌月),51,54,59
2026-03-18,P044 (1995F 戌月),49,52,57
2026-03-19,P044 (1995F 戌月),56,59,64
2026-03-20,P044 (1995F 戌月),49,52,57
2026-03-21,P044 (1995F 戌月),54,57,62
2026-03-22,P044 (1995F 戌月),52,55,60
2026-03-23,P044 (1995F 戌月),56,59,64
2026-03-24,P044 (1995F 戌月),58,61,66
2026-03-25,P044 (1995F 戌月),53,56,61
2026-03-26,P044 (1995F 戌月),51,54,59
2026-03-27,P044 (1995F 戌月),59,62,67
2026-03-28,P044 (1995F 戌月),69,72,77
2026-03-29,P044 (1995F 戌月),49,52,57
2026-03-30,P044 (1995F 戌月),47,50,55
2026-03-31,P044 (1995F 戌月),58,61,66
2026-04-01,P044 (1995F 戌月),51,54,59
2026-04-02,P044 (1995F 戌月),54,57,62
2026-04-03,P044 (1995F 戌月),55,58,63
2026-04-04,P044 (1995F 戌月),56,59,64
2026-04-05,P044 (1995F 戌月),84,87,92
2026-04-06,P044 (1995F 戌月),79,82,87
2026-04-07,P044 (1995F 戌月),72,75,80
2026-04-08,P044 (1995F 戌月),86,89,94
2026-04-09,P044 (1995F 戌月),85,88,93
2026-04-10,P044 (1995F 戌月),71,74,79
2026-04-11,P044 (1995F 戌月),59,62,67
2026-04-12,P044 (1995F 戌月),76,79,84
2026-04-13,P044 (1995F 戌月),68,71,76
2026-04-14,P044 (1995F 戌月),63,66,71
2026-04-15,P044 (1995F 戌月),70,73,78
2026-04-16,P044 (1995F 戌月),76,79,84
2026-04-17,P044 (1995F 戌月),74,77,82
2026-04-18,P044 (1995F 戌月),73,76,81
2026-04-19,P044 (1995F 戌月),62,65,70
2026-04-20,P044 (1995F 戌月),85,88,93
2026-04-21,P044 (1995F 戌月),85,88,93
2026-04-22,P044 (1995F 戌月),62,65,70
2026-04-23,P044 (1995F 戌月),61,64,69
2026-04-24,P044 (1995F 戌月),75,78,83
2026-04-25,P044 (1995F 戌月),63,66,71
2026-04-26,P044 (1995F 戌月),68,71,76
2026-04-27,P044 (1995F 戌月),66,69,74
2026-04-28,P044 (1995F 戌月),76,79,84
2026-04-29,P044 (1995F 戌月),72,75,80
2026-04-30,P044 (1995F 戌月),79,82,87
2026-05-01,P044 (1995F 戌月),67,70,75
2026-05-02,P044 (1995F 戌月),80,83,88
2026-05-03,P044 (1995F 戌月),89,92,97
2026-05-04,P044 (1995F 戌月),61,64,69
2026-05-05,P044 (1995F 戌月),58,61,66
2026-05-06,P044 (1995F 戌月),56,59,64
2026-05-07,P044 (1995F 戌月),51,54,59
2026-05-08,P044 (1995F 戌月),53,56,61
2026-05-09,P044 (1995F 戌月),52,55,60
2026-05-10,P044 (1995F 戌月),59,62,67
2026-05-11,P044 (1995F 戌月),60,63,68
2026-05-12,P044 (1995F 戌月),60,63,68
2026-05-13,P044 (1995F 戌月),55,58,63
2026-05-14,P044 (1995F 戌月),65,68,73
2026-05-15,P044 (1995F 戌月),75,78,83
2026-05-16,P044 (1995F 戌月),52,55,60
2026-05-17,P044 (1995F 戌月),49,52,57
2026-05-18,P044 (1995F 戌月),58,61,66
2026-05-19,P044 (1995F 戌月),50,53,58
2026-05-20,P044 (1995F 戌月),58,61,66
2026-05-21,P044 (1995F 戌月),57,60,65
2026-05-22,P044 (1995F 戌月),60,63,68
2026-05-23,P044 (1995F 戌月),61,64,69
2026-05-24,P044 (1995F 戌月),57,60,65
2026-05-25,P044 (1995F 戌月),56,59,64
2026-05-26,P044 (1995F 戌月),63,66,71
2026-05-27,P044 (1995F 戌月),71,74,79
2026-05-28,P044 (1995F 戌月),51,54,59
2026-05-29,P044 (1995F 戌月),47,50,55
2026-05-30,P044 (1995F 戌月),63,66,71
2026-05-31,P044 (1995F 戌月),54,57,62
2025-12-03,P045 (1996M 丑月),63,65,70
2025-12-04,P045 (1996M 丑月),61,63,68
2025-12-05,P045 (1996M 丑月),71,73,78
2025-12-06,P045 (1996M 丑月),73,75,80
2025-12-07,P045 (1996M 丑月),78,80,85
2025-12-08,P045 (1996M 丑月),81,83,88
2025-12-09,P045 (1996M 丑月),85,87,92
2025-12-10,P045 (1996M 丑月),89,91,96
2025-12-11,P045 (1996M 丑月),70,72,77
2025-12-12,P045 (1996M 丑月),72,74,79
2025-12-13,P045 (1996M 丑月),81,83,88
2025-12-14,P045 (1996M 丑月),71,73,78
2025-12-15,P045 (1996M 丑月),71,73,78
2025-12-16,P045 (1996M 丑月),63,65,70
2025-12-17,P045 (1996M 丑月),73,75,80
2025-12-18,P045 (1996M 丑月),82,84,89
2025-12-19,P045 (1996M 丑月),79,81,86
2025-12-20,P045 (1996M 丑月),82,84,89
2025-12-21,P045 (1996M 丑月),84,86,91
2025-12-22,P045 (1996M 丑月),85,87,92
2025-12-23,P045 (1996M 丑月),74,76,81
2025-12-24,P045 (1996M 丑月),70,72,77
2025-12-25,P045 (1996M 丑月),77,79,84
2025-12-26,P045 (1996M 丑月),68,70,75
2025-12-27,P045 (1996M 丑月),63,65,70
2025-12-28,P045 (1996M 丑月),64,66,71
2025-12-29,P045 (1996M 丑月),78,80,85
2025-12-30,P045 (1996M 丑月),86,88,93
2025-12-31,P045 (1996M 丑月),81,83,88
2026-01-01,P045 (1996M 丑月),77,79,84
2026-01-02,P045 (1996M 丑月),83,85,90
2026-01-03,P045 (1996M 丑月),84,86,91
2026-01-04,P045 (1996M 丑月),68,70,75
2026-01-05,P045 (1996M 丑月),69,71,76
2026-01-06,P045 (1996M 丑月),62,64,69
2026-01-07,P045 (1996M 丑月),60,62,67
2026-01-08,P045 (1996M 丑月),56,58,63
2026-01-09,P045 (1996M 丑月),64,66,71
2026-01-10,P045 (1996M 丑月),75,77,82
2026-01-11,P045 (1996M 丑月),74,76,81
2026-01-12,P045 (1996M 丑月),76,78,83
2026-01-13,P045 (1996M 丑月),71,73,78
2026-01-14,P045 (1996M 丑月),80,82,87
2026-01-15,P045 (1996M 丑月),79,81,86
2026-01-16,P045 (1996M 丑月),59,61,66
2026-01-17,P045 (1996M 丑月),65,67,72
2026-01-18,P045 (1996M 丑月),69,71,76
2026-01-19,P045 (1996M 丑月),67,69,74
2026-01-20,P045 (1996M 丑月),65,67,72
2026-01-21,P045 (1996M 丑月),65,67,72
2026-01-22,P045 (1996M 丑月),80,82,87
2026-01-23,P045 (1996M 丑月),81,83,88
2026-01-24,P045 (1996M 丑月),77,79,84
2026-01-25,P045 (1996M 丑月),73,75,80
2026-01-26,P045 (1996M 丑月),75,77,82
2026-01-27,P045 (1996M 丑月),80,82,87
2026-01-28,P045 (1996M 丑月),61,63,68
2026-01-29,P045 (1996M 丑月),73,75,80
2026-01-30,P045 (1996M 丑月),73,75,80
2026-01-31,P045 (1996M 丑月),67,69,74
2026-02-01,P045 (1996M 丑月),69,71,76
2026-02-02,P045 (1996M 丑月),61,63,68
2026-02-03,P045 (1996M 丑月),74,76,81
2026-02-04,P045 (1996M 丑月),63,65,70
2026-02-05,P045 (1996M 丑月),57,59,64
2026-02-06,P045 (1996M 丑月),59,61,66
2026-02-07,P045 (1996M 丑月),67,69,74
2026-02-08,P045 (1996M 丑月),69,71,76
2026-02-09,P045 (1996M 丑月),54,56,61
2026-02-10,P045 (1996M 丑月),57,59,64
2026-02-11,P045 (1996M 丑月),61,63,68
2026-02-12,P045 (1996M 丑月),55,57,62
2026-02-13,P045 (1996M 丑月),53,55,60
2026-02-14,P045 (1996M 丑月),51,53,58
2026-02-15,P045 (1996M 丑月),55,57,62
2026-02-16,P045 (1996M 丑月),62,64,69
2026-02-17,P045 (1996M 丑月),58,60,65
2026-02-18,P045 (1996M 丑月),62,64,69
2026-02-19,P045 (1996M 丑月),69,71,76
2026-02-20,P045 (1996M 丑月),67,69,74
2026-02-21,P045 (1996M 丑月),55,57,62
2026-02-22,P045 (1996M 丑月),55,57,62
2026-02-23,P045 (1996M 丑月),60,62,67
2026-02-24,P045 (1996M 丑月),58,60,65
2026-02-25,P045 (1996M 丑月),49,51,56
2026-02-26,P045 (1996M 丑月),51,53,58
2026-02-27,P045 (1996M 丑月),60,62,67
2026-02-28,P045 (1996M 丑月),68,70,75
2026-03-01,P045 (1996M 丑月),65,67,72
2026-03-02,P045 (1996M 丑月),61,63,68
2026-03-03,P045 (1996M 丑月),73,75,80
2026-03-04,P045 (1996M 丑月),66,68,73
2026-03-05,P045 (1996M 丑月),52,54,59
2026-03-06,P045 (1996M 丑月),57,59,64
2026-03-07,P045 (1996M 丑月),57,59,64
2026-03-08,P045 (1996M 丑月),56,58,63
2026-03-09,P045 (1996M 丑月),49,51,56
2026-03-10,P045 (1996M 丑月),55,57,62
2026-03-11,P045 (1996M 丑月),61,63,68
2026-03-12,P045 (1996M 丑月),67,69,74
2026-03-13,P045 (1996M 丑月),65,67,72
2026-03-14,P045 (1996M 丑月),62,64,69
2026-03-15,P045 (1996M 丑月),67,69,74
2026-03-16,P045 (1996M 丑月),68,70,75
2026-03-17,P045 (1996M 丑月),50,52,57
2026-03-18,P045 (1996M 丑月),56,58,63
2026-03-19,P045 (1996M 丑月),60,62,67
2026-03-20,P045 (1996M 丑月),60,62,67
2026-03-21,P045 (1996M 丑月),48,50,55
2026-03-22,P045 (1996M 丑月),52,54,59
2026-03-23,P045 (1996M 丑月),62,64,69
2026-03-24,P045 (1996M 丑月),66,68,73
2026-03-25,P045 (1996M 丑月),58,60,65
2026-03-26,P045 (1996M 丑月),60,62,67
2026-03-27,P045 (1996M 丑月),63,65,70
2026-03-28,P045 (1996M 丑月),67,69,74
2026-03-29,P045 (1996M 丑月),54,56,61
2026-03-30,P045 (1996M 丑月),62,64,69
2026-03-31,P045 (1996M 丑月),63,65,70
2026-04-01,P045 (1996M 丑月),58,60,65
2026-04-02,P045 (1996M 丑月),53,55,60
2026-04-03,P045 (1996M 丑月),51,53,58
2026-04-04,P045 (1996M 丑月),58,60,65
2026-04-05,P045 (1996M 丑月),76,78,83
2026-04-06,P045 (1996M 丑月),66,68,73
2026-04-07,P045 (1996M 丑月),72,74,79
2026-04-08,P045 (1996M 丑月),80,82,87
2026-04-09,P045 (1996M 丑月),84,86,91
2026-04-10,P045 (1996M 丑月),62,64,69
2026-04-11,P045 (1996M 丑月),65,67,72
2026-04-12,P045 (1996M 丑月),75,77,82
2026-04-13,P045 (1996M 丑月),63,65,70
2026-04-14,P045 (1996M 丑月),64,66,71
2026-04-15,P045 (1996M 丑月),58,60,65
2026-04-16,P045 (1996M 丑月),68,70,75
2026-04-17,P045 (1996M 丑月),75,77,82
2026-04-18,P045 (1996M 丑月),71,73,78
2026-04-19,P045 (1996M 丑月),76,78,83
2026-04-20,P045 (1996M 丑月),83,85,90
2026-04-21,P045 (1996M 丑月),75,77,82
2026-04-22,P045 (1996M 丑月),64,66,71
2026-04-23,P045 (1996M 丑月),62,64,69
2026-04-24,P045 (1996M 丑月),70,72,77
2026-04-25,P045 (1996M 丑月),60,62,67
2026-04-26,P045 (1996M 丑月),54,56,61
2026-04-27,P045 (1996M 丑月),53,55,60
2026-04-28,P045 (1996M 丑月),67,69,74
2026-04-29,P045 (1996M 丑月),78,80,85
2026-04-30,P045 (1996M 丑月),73,75,80
2026-05-01,P045 (1996M 丑月),65,67,72
2026-05-02,P045 (1996M 丑月),81,83,88
2026-05-03,P045 (1996M 丑月),76,78,83
2026-05-04,P045 (1996M 丑月),58,60,65
2026-05-05,P045 (1996M 丑月),59,61,66
2026-05-06,P045 (1996M 丑月),55,57,62
2026-05-07,P045 (1996M 丑月),53,55,60
2026-05-08,P045 (1996M 丑月),49,51,56
2026-05-09,P045 (1996M 丑月),53,55,60
2026-05-10,P045 (1996M 丑月),59,61,66
2026-05-11,P045 (1996M 丑月),66,68,73
2026-05-12,P045 (1996M 丑月),63,65,70
2026-05-13,P045 (1996M 丑月),61,63,68
2026-05-14,P045 (1996M 丑月),66,68,73
2026-05-15,P045 (1996M 丑月),67,69,74
2026-05-16,P045 (1996M 丑月),51,53,58
2026-05-17,P045 (1996M 丑月),57,59,64
2026-05-18,P045 (1996M 丑月),62,64,69
2026-05-19,P045 (1996M 丑月),57,59,64
2026-05-20,P045 (1996M 丑月),49,51,56
2026-05-21,P045 (1996M 丑月),52,54,59
2026-05-22,P045 (1996M 丑月),60,62,67
2026-05-23,P045 (1996M 丑月),63,65,70
2026-05-24,P045 (1996M 丑月),58,60,65
2026-05-25,P045 (1996M 丑月),60,62,67
2026-05-26,P045 (1996M 丑月),61,63,68
2026-05-27,P045 (1996M 丑月),64,66,71
2026-05-28,P045 (1996M 丑月),49,51,56
2026-05-29,P045 (1996M 丑月),58,60,65
2026-05-30,P045 (1996M 丑月),60,62,67
2026-05-31,P045 (1996M 丑月),57,59,64
2025-12-03,P046 (1997F 未月),54,60,65
2025-12-04,P046 (1997F 未月),51,57,62
2025-12-05,P046 (1997F 未月),58,64,69
2025-12-06,P046 (1997F 未月),64,70,75
2025-12-07,P046 (1997F 未月),53,59,64
2025-12-08,P046 (1997F 未月),64,70,75
2025-12-09,P046 (1997F 未月),69,75,80
2025-12-10,P046 (1997F 未月),54,60,65
2025-12-11,P046 (1997F 未月),60,66,71
2025-12-12,P046 (1997F 未月),74,80,85
2025-12-13,P046 (1997F 未月),60,66,71
2025-12-14,P046 (1997F 未月),64,70,75
2025-12-15,P046 (1997F 未月),57,63,68
2025-12-16,P046 (1997F 未月),51,57,62
2025-12-17,P046 (1997F 未月),70,76,81
2025-12-18,P046 (1997F 未月),66,72,77
2025-12-19,P046 (1997F 未月),51,57,62
2025-12-20,P046 (1997F 未月),58,64,69
2025-12-21,P046 (1997F 未月),60,66,71
2025-12-22,P046 (1997F 未月),53,59,64
2025-12-23,P046 (1997F 未月),59,65,70
2025-12-24,P046 (1997F 未月),76,82,87
2025-12-25,P046 (1997F 未月),56,62,67
2025-12-26,P046 (1997F 未月),62,68,73
2025-12-27,P046 (1997F 未月),68,74,79
2025-12-28,P046 (1997F 未月),51,57,62
2025-12-29,P046 (1997F 未月),67,73,78
2025-12-30,P046 (1997F 未月),63,69,74
2025-12-31,P046 (1997F 未月),52,58,63
2026-01-01,P046 (1997F 未月),63,69,74
2026-01-02,P046 (1997F 未月),60,66,71
2026-01-03,P046 (1997F 未月),51,57,62
2026-01-04,P046 (1997F 未月),52,58,63
2026-01-05,P046 (1997F 未月),67,73,78
2026-01-06,P046 (1997F 未月),51,57,62
2026-01-07,P046 (1997F 未月),50,56,61
2026-01-08,P046 (1997F 未月),54,60,65
2026-01-09,P046 (1997F 未月),45,51,56
2026-01-10,P046 (1997F 未月),51,57,62
2026-01-11,P046 (1997F 未月),54,60,65
2026-01-12,P046 (1997F 未月),45,51,56
2026-01-13,P046 (1997F 未月),54,60,65
2026-01-14,P046 (1997F 未月),48,54,59
2026-01-15,P046 (1997F 未月),48,54,59
2026-01-16,P046 (1997F 未月),56,62,67
2026-01-17,P046 (1997F 未月),64,70,75
2026-01-18,P046 (1997F 未月),51,57,62
2026-01-19,P046 (1997F 未月),49,55,60
2026-01-20,P046 (1997F 未月),56,62,67
2026-01-21,P046 (1997F 未月),48,54,59
2026-01-22,P046 (1997F 未月),60,66,71
2026-01-23,P046 (1997F 未月),62,68,73
2026-01-24,P046 (1997F 未月),49,55,60
2026-01-25,P046 (1997F 未月),60,66,71
2026-01-26,P046 (1997F 未月),64,70,75
2026-01-27,P046 (1997F 未月),53,59,64
2026-01-28,P046 (1997F 未月),59,65,70
2026-01-29,P046 (1997F 未月),67,73,78
2026-01-30,P046 (1997F 未月),56,62,67
2026-01-31,P046 (1997F 未月),55,61,66
2026-02-01,P046 (1997F 未月),54,60,65
2026-02-02,P046 (1997F 未月),50,56,61
2026-02-03,P046 (1997F 未月),51,57,62
2026-02-04,P046 (1997F 未月),61,67,72
2026-02-05,P046 (1997F 未月),52,58,63
2026-02-06,P046 (1997F 未月),58,64,69
2026-02-07,P046 (1997F 未月),63,69,74
2026-02-08,P046 (1997F 未月),49,55,60
2026-02-09,P046 (1997F 未月),53,59,64
2026-02-10,P046 (1997F 未月),70,76,81
2026-02-11,P046 (1997F 未月),54,60,65
2026-02-12,P046 (1997F 未月),59,65,70
2026-02-13,P046 (1997F 未月),53,59,64
2026-02-14,P046 (1997F 未月),48,54,59
2026-02-15,P046 (1997F 未月),65,71,76
2026-02-16,P046 (1997F 未月),59,65,70
2026-02-17,P046 (1997F 未月),47,53,58
2026-02-18,P046 (1997F 未月),55,61,66
2026-02-19,P046 (1997F 未月),57,63,68
2026-02-20,P046 (1997F 未月),49,55,60
2026-02-21,P046 (1997F 未月),52,58,63
2026-02-22,P046 (1997F 未月),64,70,75
2026-02-23,P046 (1997F 未月),48,54,59
2026-02-24,P046 (1997F 未月),53,59,64
2026-02-25,P046 (1997F 未月),60,66,71
2026-02-26,P046 (1997F 未月),48,54,59
2026-02-27,P046 (1997F 未月),60,66,71
2026-02-28,P046 (1997F 未月),56,62,67
2026-03-01,P046 (1997F 未月),48,54,59
2026-03-02,P046 (1997F 未月),61,67,72
2026-03-03,P046 (1997F 未月),56,62,67
2026-03-04,P046 (1997F 未月),52,58,63
2026-03-05,P046 (1997F 未月),53,59,64
2026-03-06,P046 (1997F 未月),78,84,89
2026-03-07,P046 (1997F 未月),61,67,72
2026-03-08,P046 (1997F 未月),66,72,77
2026-03-09,P046 (1997F 未月),70,76,81
2026-03-10,P046 (1997F 未月),51,57,62
2026-03-11,P046 (1997F 未月),68,74,79
2026-03-12,P046 (1997F 未月),71,77,82
2026-03-13,P046 (1997F 未月),55,61,66
2026-03-14,P046 (1997F 未月),70,76,81
2026-03-15,P046 (1997F 未月),66,72,77
2026-03-16,P046 (1997F 未月),59,65,70
2026-03-17,P046 (1997F 未月),72,78,83
2026-03-18,P046 (1997F 未月),79,85,90
2026-03-19,P046 (1997F 未月),62,68,73
2026-03-20,P046 (1997F 未月),64,70,75
2026-03-21,P046 (1997F 未月),66,72,77
2026-03-22,P046 (1997F 未月),58,64,69
2026-03-23,P046 (1997F 未月),66,72,77
2026-03-24,P046 (1997F 未月),74,80,85
2026-03-25,P046 (1997F 未月),53,59,64
2026-03-26,P046 (1997F 未月),67,73,78
2026-03-27,P046 (1997F 未月),74,80,85
2026-03-28,P046 (1997F 未月),55,61,66
2026-03-29,P046 (1997F 未月),69,75,80
2026-03-30,P046 (1997F 未月),70,76,81
2026-03-31,P046 (1997F 未月),55,61,66
2026-04-01,P046 (1997F 未月),62,68,73
2026-04-02,P046 (1997F 未月),55,61,66
2026-04-03,P046 (1997F 未月),52,58,63
2026-04-04,P046 (1997F 未月),60,66,71
2026-04-05,P046 (1997F 未月),56,62,67
2026-04-06,P046 (1997F 未月),51,57,62
2026-04-07,P046 (1997F 未月),59,65,70
2026-04-08,P046 (1997F 未月),64,70,75
2026-04-09,P046 (1997F 未月),50,56,61
2026-04-10,P046 (1997F 未月),54,60,65
2026-04-11,P046 (1997F 未月),70,76,81
2026-04-12,P046 (1997F 未月),56,62,67
2026-04-13,P046 (1997F 未月),59,65,70
2026-04-14,P046 (1997F 未月),53,59,64
2026-04-15,P046 (1997F 未月),47,53,58
2026-04-16,P046 (1997F 未月),64,70,75
2026-04-17,P046 (1997F 未月),58,64,69
2026-04-18,P046 (1997F 未月),47,53,58
2026-04-19,P046 (1997F 未月),52,58,63
2026-04-20,P046 (1997F 未月),56,62,67
2026-04-21,P046 (1997F 未月),49,55,60
2026-04-22,P046 (1997F 未月),50,56,61
2026-04-23,P046 (1997F 未月),65,71,76
2026-04-24,P046 (1997F 未月),50,56,61
2026-04-25,P046 (1997F 未月),55,61,66
2026-04-26,P046 (1997F 未月),62,68,73
2026-04-27,P046 (1997F 未月),52,58,63
2026-04-28,P046 (1997F 未月),67,73,78
2026-04-29,P046 (1997F 未月),59,65,70
2026-04-30,P046 (1997F 未月),50,56,61
2026-05-01,P046 (1997F 未月),58,64,69
2026-05-02,P046 (1997F 未月),55,61,66
2026-05-03,P046 (1997F 未月),52,58,63
2026-05-04,P046 (1997F 未月),51,57,62
2026-05-05,P046 (1997F 未月),67,73,78
2026-05-06,P046 (1997F 未月),57,63,68
2026-05-07,P046 (1997F 未月),57,63,68
2026-05-08,P046 (1997F 未月),62,68,73
2026-05-09,P046 (1997F 未月),49,55,60
2026-05-10,P046 (1997F 未月),57,63,68
2026-05-11,P046 (1997F 未月),59,65,70
2026-05-12,P046 (1997F 未月),47,53,58
2026-05-13,P046 (1997F 未月),62,68,73
2026-05-14,P046 (1997F 未月),56,62,67
2026-05-15,P046 (1997F 未月),50,56,61
2026-05-16,P046 (1997F 未月),61,67,72
2026-05-17,P046 (1997F 未月),68,74,79
2026-05-18,P046 (1997F 未月),54,60,65
2026-05-19,P046 (1997F 未月),52,58,63
2026-05-20,P046 (1997F 未月),55,61,66
2026-05-21,P046 (1997F 未月),48,54,59
2026-05-22,P046 (1997F 未月),54,60,65
2026-05-23,P046 (1997F 未月),61,67,72
2026-05-24,P046 (1997F 未月),49,55,60
2026-05-25,P046 (1997F 未月),61,67,72
2026-05-26,P046 (1997F 未月),66,72,77
2026-05-27,P046 (1997F 未月),52,58,63
2026-05-28,P046 (1997F 未月),59,65,70
2026-05-29,P046 (1997F 未月),65,71,76
2026-05-30,P046 (1997F 未月),55,61,66
2026-05-31,P046 (1997F 未月),58,64,69
2025-12-03,P047 (1998M 申月),69,75,80
2025-12-04,P047 (1998M 申月),55,61,66
2025-12-05,P047 (1998M 申月),56,62,67
2025-12-06,P047 (1998M 申月),60,66,71
2025-12-07,P047 (1998M 申月),68,74,79
2025-12-08,P047 (1998M 申月),70,76,81
2025-12-09,P047 (1998M 申月),61,67,72
2025-12-10,P047 (1998M 申月),60,66,71
2025-12-11,P047 (1998M 申月),53,59,64
2025-12-12,P047 (1998M 申月),49,55,60
2025-12-13,P047 (1998M 申月),70,76,81
2025-12-14,P047 (1998M 申月),51,57,62
2025-12-15,P047 (1998M 申月),68,74,79
2025-12-16,P047 (1998M 申月),51,57,62
2025-12-17,P047 (1998M 申月),55,61,66
2025-12-18,P047 (1998M 申月),60,66,71
2025-12-19,P047 (1998M 申月),68,74,79
2025-12-20,P047 (1998M 申月),68,74,79
2025-12-21,P047 (1998M 申月),57,63,68
2025-12-22,P047 (1998M 申月),53,59,64
2025-12-23,P047 (1998M 申月),55,61,66
2025-12-24,P047 (1998M 申月),51,57,62
2025-12-25,P047 (1998M 申月),71,77,82
2025-12-26,P047 (1998M 申月),51,57,62
2025-12-27,P047 (1998M 申月),69,75,80
2025-12-28,P047 (1998M 申月),57,63,68
2025-12-29,P047 (1998M 申月),54,60,65
2025-12-30,P047 (1998M 申月),57,63,68
2025-12-31,P047 (1998M 申月),62,68,73
2026-01-01,P047 (1998M 申月),61,67,72
2026-01-02,P047 (1998M 申月),62,68,73
2026-01-03,P047 (1998M 申月),58,64,69
2026-01-04,P047 (1998M 申月),53,59,64
2026-01-05,P047 (1998M 申月),49,55,60
2026-01-06,P047 (1998M 申月),75,81,86
2026-01-07,P047 (1998M 申月),56,62,67
2026-01-08,P047 (1998M 申月),67,73,78
2026-01-09,P047 (1998M 申月),57,63,68
2026-01-10,P047 (1998M 申月),54,60,65
2026-01-11,P047 (1998M 申月),56,62,67
2026-01-12,P047 (1998M 申月),71,77,82
2026-01-13,P047 (1998M 申月),68,74,79
2026-01-14,P047 (1998M 申月),68,74,79
2026-01-15,P047 (1998M 申月),61,67,72
2026-01-16,P047 (1998M 申月),57,63,68
2026-01-17,P047 (1998M 申月),56,62,67
2026-01-18,P047 (1998M 申月),73,79,84
2026-01-19,P047 (1998M 申月),55,61,66
2026-01-20,P047 (1998M 申月),64,70,75
2026-01-21,P047 (1998M 申月),54,60,65
2026-01-22,P047 (1998M 申月),57,63,68
2026-01-23,P047 (1998M 申月),60,66,71
2026-01-24,P047 (1998M 申月),73,79,84
2026-01-25,P047 (1998M 申月),70,76,81
2026-01-26,P047 (1998M 申月),64,70,75
2026-01-27,P047 (1998M 申月),61,67,72
2026-01-28,P047 (1998M 申月),48,54,59
2026-01-29,P047 (1998M 申月),49,55,60
2026-01-30,P047 (1998M 申月),62,68,73
2026-01-31,P047 (1998M 申月),45,51,56
2026-02-01,P047 (1998M 申月),65,71,76
2026-02-02,P047 (1998M 申月),51,57,62
2026-02-03,P047 (1998M 申月),49,55,60
2026-02-04,P047 (1998M 申月),46,52,57
2026-02-05,P047 (1998M 申月),52,58,63
2026-02-06,P047 (1998M 申月),53,59,64
2026-02-07,P047 (1998M 申月),46,52,57
2026-02-08,P047 (1998M 申月),45,51,56
2026-02-09,P047 (1998M 申月),45,51,56
2026-02-10,P047 (1998M 申月),45,51,56
2026-02-11,P047 (1998M 申月),51,57,62
2026-02-12,P047 (1998M 申月),47,53,58
2026-02-13,P047 (1998M 申月),53,59,64
2026-02-14,P047 (1998M 申月),47,53,58
2026-02-15,P047 (1998M 申月),47,53,58
2026-02-16,P047 (1998M 申月),49,55,60
2026-02-17,P047 (1998M 申月),50,56,61
2026-02-18,P047 (1998M 申月),52,58,63
2026-02-19,P047 (1998M 申月),47,53,58
2026-02-20,P047 (1998M 申月),49,55,60
2026-02-21,P047 (1998M 申月),48,54,59
2026-02-22,P047 (1998M 申月),48,54,59
2026-02-23,P047 (1998M 申月),57,63,68
2026-02-24,P047 (1998M 申月),49,55,60
2026-02-25,P047 (1998M 申月),56,62,67
2026-02-26,P047 (1998M 申月),49,55,60
2026-02-27,P047 (1998M 申月),51,57,62
2026-02-28,P047 (1998M 申月),53,59,64
2026-03-01,P047 (1998M 申月),57,63,68
2026-03-02,P047 (1998M 申月),54,60,65
2026-03-03,P047 (1998M 申月),54,60,65
2026-03-04,P047 (1998M 申月),50,56,61
2026-03-05,P047 (1998M 申月),50,56,61
2026-03-06,P047 (1998M 申月),50,56,61
2026-03-07,P047 (1998M 申月),64,70,75
2026-03-08,P047 (1998M 申月),49,55,60
2026-03-09,P047 (1998M 申月),60,66,71
2026-03-10,P047 (1998M 申月),52,58,63
2026-03-11,P047 (1998M 申月),54,60,65
2026-03-12,P047 (1998M 申月),52,58,63
2026-03-13,P047 (1998M 申月),65,71,76
2026-03-14,P047 (1998M 申月),65,71,76
2026-03-15,P047 (1998M 申月),58,64,69
2026-03-16,P047 (1998M 申月),52,58,63
2026-03-17,P047 (1998M 申月),50,56,61
2026-03-18,P047 (1998M 申月),50,56,61
2026-03-19,P047 (1998M 申月),65,71,76
2026-03-20,P047 (1998M 申月),51,57,62
2026-03-21,P047 (1998M 申月),62,68,73
2026-03-22,P047 (1998M 申月),50,56,61
2026-03-23,P047 (1998M 申月),56,62,67
2026-03-24,P047 (1998M 申月),55,61,66
2026-03-25,P047 (1998M 申月),65,71,76
2026-03-26,P047 (1998M 申月),61,67,72
2026-03-27,P047 (1998M 申月),58,64,69
2026-03-28,P047 (1998M 申月),57,63,68
2026-03-29,P047 (1998M 申月),53,59,64
2026-03-30,P047 (1998M 申月),50,56,61
2026-03-31,P047 (1998M 申月),62,68,73
2026-04-01,P047 (1998M 申月),48,54,59
2026-04-02,P047 (1998M 申月),62,68,73
2026-04-03,P047 (1998M 申月),50,56,61
2026-04-04,P047 (1998M 申月),50,56,61
2026-04-05,P047 (1998M 申月),66,72,77
2026-04-06,P047 (1998M 申月),79,85,90
2026-04-07,P047 (1998M 申月),78,84,89
2026-04-08,P047 (1998M 申月),70,76,81
2026-04-09,P047 (1998M 申月),71,77,82
2026-04-10,P047 (1998M 申月),58,64,69
2026-04-11,P047 (1998M 申月),53,59,64
2026-04-12,P047 (1998M 申月),79,85,90
2026-04-13,P047 (1998M 申月),57,63,68
2026-04-14,P047 (1998M 申月),78,84,89
2026-04-15,P047 (1998M 申月),64,70,75
2026-04-16,P047 (1998M 申月),61,67,72
2026-04-17,P047 (1998M 申月),70,76,81
2026-04-18,P047 (1998M 申月),74,80,85
2026-04-19,P047 (1998M 申月),75,81,86
2026-04-20,P047 (1998M 申月),61,67,72
2026-04-21,P047 (1998M 申月),62,68,73
2026-04-22,P047 (1998M 申月),60,66,71
2026-04-23,P047 (1998M 申月),55,61,66
2026-04-24,P047 (1998M 申月),78,84,89
2026-04-25,P047 (1998M 申月),55,61,66
2026-04-26,P047 (1998M 申月),73,79,84
2026-04-27,P047 (1998M 申月),65,71,76
2026-04-28,P047 (1998M 申月),59,65,70
2026-04-29,P047 (1998M 申月),66,72,77
2026-04-30,P047 (1998M 申月),65,71,76
2026-05-01,P047 (1998M 申月),67,73,78
2026-05-02,P047 (1998M 申月),70,76,81
2026-05-03,P047 (1998M 申月),66,72,77
2026-05-04,P047 (1998M 申月),62,68,73
2026-05-05,P047 (1998M 申月),52,58,63
2026-05-06,P047 (1998M 申月),68,74,79
2026-05-07,P047 (1998M 申月),50,56,61
2026-05-08,P047 (1998M 申月),61,67,72
2026-05-09,P047 (1998M 申月),51,57,62
2026-05-10,P047 (1998M 申月),47,53,58
2026-05-11,P047 (1998M 申月),50,56,61
2026-05-12,P047 (1998M 申月),62,68,73
2026-05-13,P047 (1998M 申月),63,69,74
2026-05-14,P047 (1998M 申月),61,67,72
2026-05-15,P047 (1998M 申月),55,61,66
2026-05-16,P047 (1998M 申月),50,56,61
2026-05-17,P047 (1998M 申月),46,52,57
2026-05-18,P047 (1998M 申月),64,70,75
2026-05-19,P047 (1998M 申月),46,52,57
2026-05-20,P047 (1998M 申月),56,62,67
2026-05-21,P047 (1998M 申月),49,55,60
2026-05-22,P047 (1998M 申月),51,57,62
2026-05-23,P047 (1998M 申月),55,61,66
2026-05-24,P047 (1998M 申月),66,72,77
2026-05-25,P047 (1998M 申月),62,68,73
2026-05-26,P047 (1998M 申月),60,66,71
2026-05-27,P047 (1998M 申月),59,65,70
2026-05-28,P047 (1998M 申月),48,54,59
2026-05-29,P047 (1998M 申月),47,53,58
2026-05-30,P047 (1998M 申月),60,66,71
2026-05-31,P047 (1998M 申月),49,55,60
2025-12-03,P048 (1999F 亥月),62,68,73
2025-12-04,P048 (1999F 亥月),58,64,69
2025-12-05,P048 (1999F 亥月),46,52,57
2025-12-06,P048 (1999F 亥月),51,57,62
2025-12-07,P048 (1999F 亥月),68,74,79
2025-12-08,P048 (1999F 亥月),56,62,67
2025-12-09,P048 (1999F 亥月),66,72,77
2025-12-10,P048 (1999F 亥月),58,64,69
2025-12-11,P048 (1999F 亥月),63,69,74
2025-12-12,P048 (1999F 亥月),72,78,83
2025-12-13,P048 (1999F 亥月),52,58,63
2025-12-14,P048 (1999F 亥月),59,65,70
2025-12-15,P048 (1999F 亥月),66,72,77
2025-12-16,P048 (1999F 亥月),54,60,65
2025-12-17,P048 (1999F 亥月),54,60,65
2025-12-18,P048 (1999F 亥月),52,58,63
2025-12-19,P048 (1999F 亥月),68,74,79
2025-12-20,P048 (1999F 亥月),56,62,67
2025-12-21,P048 (1999F 亥月),65,71,76
2025-12-22,P048 (1999F 亥月),60,66,71
2025-12-23,P048 (1999F 亥月),65,71,76
2025-12-24,P048 (1999F 亥月),78,84,89
2025-12-25,P048 (1999F 亥月),47,53,58
2025-12-26,P048 (1999F 亥月),50,56,61
2025-12-27,P048 (1999F 亥月),66,72,77
2025-12-28,P048 (1999F 亥月),54,60,65
2025-12-29,P048 (1999F 亥月),53,59,64
2025-12-30,P048 (1999F 亥月),51,57,62
2025-12-31,P048 (1999F 亥月),65,71,76
2026-01-01,P048 (1999F 亥月),53,59,64
2026-01-02,P048 (1999F 亥月),68,74,79
2026-01-03,P048 (1999F 亥月),69,75,80
2026-01-04,P048 (1999F 亥月),62,68,73
2026-01-05,P048 (1999F 亥月),73,79,84
2026-01-06,P048 (1999F 亥月),50,56,61
2026-01-07,P048 (1999F 亥月),55,61,66
2026-01-08,P048 (1999F 亥月),71,77,82
2026-01-09,P048 (1999F 亥月),58,64,69
2026-01-10,P048 (1999F 亥月),56,62,67
2026-01-11,P048 (1999F 亥月),51,57,62
2026-01-12,P048 (1999F 亥月),71,77,82
2026-01-13,P048 (1999F 亥月),64,70,75
2026-01-14,P048 (1999F 亥月),67,73,78
2026-01-15,P048 (1999F 亥月),65,71,76
2026-01-16,P048 (1999F 亥月),65,71,76
2026-01-17,P048 (1999F 亥月),71,77,82
2026-01-18,P048 (1999F 亥月),52,58,63
2026-01-19,P048 (1999F 亥月),54,60,65
2026-01-20,P048 (1999F 亥月),69,75,80
2026-01-21,P048 (1999F 亥月),55,61,66
2026-01-22,P048 (1999F 亥月),57,63,68
2026-01-23,P048 (1999F 亥月),60,66,71
2026-01-24,P048 (1999F 亥月),68,74,79
2026-01-25,P048 (1999F 亥月),57,63,68
2026-01-26,P048 (1999F 亥月),66,72,77
2026-01-27,P048 (1999F 亥月),61,67,72
2026-01-28,P048 (1999F 亥月),66,72,77
2026-01-29,P048 (1999F 亥月),70,76,81
2026-01-30,P048 (1999F 亥月),52,58,63
2026-01-31,P048 (1999F 亥月),52,58,63
2026-02-01,P048 (1999F 亥月),70,76,81
2026-02-02,P048 (1999F 亥月),58,64,69
2026-02-03,P048 (1999F 亥月),52,58,63
2026-02-04,P048 (1999F 亥月),49,55,60
2026-02-05,P048 (1999F 亥月),66,72,77
2026-02-06,P048 (1999F 亥月),58,64,69
2026-02-07,P048 (1999F 亥月),64,70,75
2026-02-08,P048 (1999F 亥月),55,61,66
2026-02-09,P048 (1999F 亥月),60,66,71
2026-02-10,P048 (1999F 亥月),68,74,79
2026-02-11,P048 (1999F 亥月),49,55,60
2026-02-12,P048 (1999F 亥月),54,60,65
2026-02-13,P048 (1999F 亥月),62,68,73
2026-02-14,P048 (1999F 亥月),55,61,66
2026-02-15,P048 (1999F 亥月),51,57,62
2026-02-16,P048 (1999F 亥月),52,58,63
2026-02-17,P048 (1999F 亥月),67,73,78
2026-02-18,P048 (1999F 亥月),54,60,65
2026-02-19,P048 (1999F 亥月),67,73,78
2026-02-20,P048 (1999F 亥月),61,67,72
2026-02-21,P048 (1999F 亥月),66,72,77
2026-02-22,P048 (1999F 亥月),80,86,91
2026-02-23,P048 (1999F 亥月),48,54,59
2026-02-24,P048 (1999F 亥月),52,58,63
2026-02-25,P048 (1999F 亥月),66,72,77
2026-02-26,P048 (1999F 亥月),55,61,66
2026-02-27,P048 (1999F 亥月),54,60,65
2026-02-28,P048 (1999F 亥月),51,57,62
2026-03-01,P048 (1999F 亥月),68,74,79
2026-03-02,P048 (1999F 亥月),54,60,65
2026-03-03,P048 (1999F 亥月),69,75,80
2026-03-04,P048 (1999F 亥月),70,76,81
2026-03-05,P048 (1999F 亥月),64,70,75
2026-03-06,P048 (1999F 亥月),82,88,93
2026-03-07,P048 (1999F 亥月),60,66,71
2026-03-08,P048 (1999F 亥月),67,73,78
2026-03-09,P048 (1999F 亥月),78,84,89
2026-03-10,P048 (1999F 亥月),69,75,80
2026-03-11,P048 (1999F 亥月),64,70,75
2026-03-12,P048 (1999F 亥月),62,68,73
2026-03-13,P048 (1999F 亥月),79,85,90
2026-03-14,P048 (1999F 亥月),70,76,81
2026-03-15,P048 (1999F 亥月),73,79,84
2026-03-16,P048 (1999F 亥月),71,77,82
2026-03-17,P048 (1999F 亥月),71,77,82
2026-03-18,P048 (1999F 亥月),81,87,92
2026-03-19,P048 (1999F 亥月),58,64,69
2026-03-20,P048 (1999F 亥月),64,70,75
2026-03-21,P048 (1999F 亥月),76,82,87
2026-03-22,P048 (1999F 亥月),64,70,75
2026-03-23,P048 (1999F 亥月),64,70,75
2026-03-24,P048 (1999F 亥月),66,72,77
2026-03-25,P048 (1999F 亥月),74,80,85
2026-03-26,P048 (1999F 亥月),67,73,78
2026-03-27,P048 (1999F 亥月),74,80,85
2026-03-28,P048 (1999F 亥月),73,79,84
2026-03-29,P048 (1999F 亥月),74,80,85
2026-03-30,P048 (1999F 亥月),82,88,93
2026-03-31,P048 (1999F 亥月),61,67,72
2026-04-01,P048 (1999F 亥月),65,71,76
2026-04-02,P048 (1999F 亥月),81,87,92
2026-04-03,P048 (1999F 亥月),70,76,81
2026-04-04,P048 (1999F 亥月),61,67,72
2026-04-05,P048 (1999F 亥月),47,53,58
2026-04-06,P048 (1999F 亥月),55,61,66
2026-04-07,P048 (1999F 亥月),53,59,64
2026-04-08,P048 (1999F 亥月),56,62,67
2026-04-09,P048 (1999F 亥月),51,57,62
2026-04-10,P048 (1999F 亥月),53,59,64
2026-04-11,P048 (1999F 亥月),61,67,72
2026-04-12,P048 (1999F 亥月),47,53,58
2026-04-13,P048 (1999F 亥月),49,55,60
2026-04-14,P048 (1999F 亥月),53,59,64
2026-04-15,P048 (1999F 亥月),48,54,59
2026-04-16,P048 (1999F 亥月),47,53,58
2026-04-17,P048 (1999F 亥月),47,53,58
2026-04-18,P048 (1999F 亥月),54,60,65
2026-04-19,P048 (1999F 亥月),51,57,62
2026-04-20,P048 (1999F 亥月),55,61,66
2026-04-21,P048 (1999F 亥月),51,57,62
2026-04-22,P048 (1999F 亥月),54,60,65
2026-04-23,P048 (1999F 亥月),68,74,79
2026-04-24,P048 (1999F 亥月),47,53,58
2026-04-25,P048 (1999F 亥月),47,53,58
2026-04-26,P048 (1999F 亥月),54,60,65
2026-04-27,P048 (1999F 亥月),49,55,60
2026-04-28,P048 (1999F 亥月),46,52,57
2026-04-29,P048 (1999F 亥月),49,55,60
2026-04-30,P048 (1999F 亥月),55,61,66
2026-05-01,P048 (1999F 亥月),51,57,62
2026-05-02,P048 (1999F 亥月),58,64,69
2026-05-03,P048 (1999F 亥月),58,64,69
2026-05-04,P048 (1999F 亥月),52,58,63
2026-05-05,P048 (1999F 亥月),62,68,73
2026-05-06,P048 (1999F 亥月),48,54,59
2026-05-07,P048 (1999F 亥月),54,60,65
2026-05-08,P048 (1999F 亥月),59,65,70
2026-05-09,P048 (1999F 亥月),58,64,69
2026-05-10,P048 (1999F 亥月),50,56,61
2026-05-11,P048 (1999F 亥月),52,58,63
2026-05-12,P048 (1999F 亥月),62,68,73
2026-05-13,P048 (1999F 亥月),60,66,71
2026-05-14,P048 (1999F 亥月),57,63,68
2026-05-15,P048 (1999F 亥月),56,62,67
2026-05-16,P048 (1999F 亥月),54,60,65
2026-05-17,P048 (1999F 亥月),71,77,82
2026-05-18,P048 (1999F 亥月),51,57,62
2026-05-19,P048 (1999F 亥月),55,61,66
2026-05-20,P048 (1999F 亥月),59,65,70
2026-05-21,P048 (1999F 亥月),53,59,64
2026-05-22,P048 (1999F 亥月),48,54,59
2026-05-23,P048 (1999F 亥月),54,60,65
2026-05-24,P048 (1999F 亥月),57,63,68
2026-05-25,P048 (1999F 亥月),55,61,66
2026-05-26,P048 (1999F 亥月),57,63,68
2026-05-27,P048 (1999F 亥月),59,65,70
2026-05-28,P048 (1999F 亥月),53,59,64
2026-05-29,P048 (1999F 亥月),67,73,78
2026-05-30,P048 (1999F 亥月),50,56,61
2026-05-31,P048 (1999F 亥月),51,57,62
2025-12-03,P049 (2000M 寅月),75,74,79
2025-12-04,P049 (2000M 寅月),75,74,79
2025-12-05,P049 (2000M 寅月),58,57,62
2025-12-06,P049 (2000M 寅月),74,73,78
2025-12-07,P049 (2000M 寅月),63,62,67
2025-12-08,P049 (2000M 寅月),62,61,66
2025-12-09,P049 (2000M 寅月),66,65,70
2025-12-10,P049 (2000M 寅月),57,56,61
2025-12-11,P049 (2000M 寅月),69,68,73
2025-12-12,P049 (2000M 寅月),58,57,62
2025-12-13,P049 (2000M 寅月),73,72,77
2025-12-14,P049 (2000M 寅月),51,50,55
2025-12-15,P049 (2000M 寅月),77,76,81
2025-12-16,P049 (2000M 寅月),69,68,73
2025-12-17,P049 (2000M 寅月),58,57,62
2025-12-18,P049 (2000M 寅月),65,64,69
2025-12-19,P049 (2000M 寅月),66,65,70
2025-12-20,P049 (2000M 寅月),66,65,70
2025-12-21,P049 (2000M 寅月),64,63,68
2025-12-22,P049 (2000M 寅月),55,54,59
2025-12-23,P049 (2000M 寅月),73,72,77
2025-12-24,P049 (2000M 寅月),62,61,66
2025-12-25,P049 (2000M 寅月),74,73,78
2025-12-26,P049 (2000M 寅月),51,50,55
2025-12-27,P049 (2000M 寅月),72,71,76
2025-12-28,P049 (2000M 寅月),69,68,73
2025-12-29,P049 (2000M 寅月),63,62,67
2025-12-30,P049 (2000M 寅月),65,64,69
2025-12-31,P049 (2000M 寅月),64,63,68
2026-01-01,P049 (2000M 寅月),63,62,67
2026-01-02,P049 (2000M 寅月),67,66,71
2026-01-03,P049 (2000M 寅月),55,54,59
2026-01-04,P049 (2000M 寅月),72,71,76
2026-01-05,P049 (2000M 寅月),63,62,67
2026-01-06,P049 (2000M 寅月),67,66,71
2026-01-07,P049 (2000M 寅月),52,51,56
2026-01-08,P049 (2000M 寅月),75,74,79
2026-01-09,P049 (2000M 寅月),74,73,78
2026-01-10,P049 (2000M 寅月),54,53,58
2026-01-11,P049 (2000M 寅月),65,64,69
2026-01-12,P049 (2000M 寅月),58,57,62
2026-01-13,P049 (2000M 寅月),62,61,66
2026-01-14,P049 (2000M 寅月),56,55,60
2026-01-15,P049 (2000M 寅月),58,57,62
2026-01-16,P049 (2000M 寅月),64,63,68
2026-01-17,P049 (2000M 寅月),63,62,67
2026-01-18,P049 (2000M 寅月),71,70,75
2026-01-19,P049 (2000M 寅月),52,51,56
2026-01-20,P049 (2000M 寅月),66,65,70
2026-01-21,P049 (2000M 寅月),66,65,70
2026-01-22,P049 (2000M 寅月),50,49,54
2026-01-23,P049 (2000M 寅月),65,64,69
2026-01-24,P049 (2000M 寅月),57,56,61
2026-01-25,P049 (2000M 寅月),64,63,68
2026-01-26,P049 (2000M 寅月),50,49,54
2026-01-27,P049 (2000M 寅月),55,54,59
2026-01-28,P049 (2000M 寅月),72,71,76
2026-01-29,P049 (2000M 寅月),66,65,70
2026-01-30,P049 (2000M 寅月),66,65,70
2026-01-31,P049 (2000M 寅月),51,50,55
2026-02-01,P049 (2000M 寅月),70,69,74
2026-02-02,P049 (2000M 寅月),70,69,74
2026-02-03,P049 (2000M 寅月),54,53,58
2026-02-04,P049 (2000M 寅月),80,79,84
2026-02-05,P049 (2000M 寅月),70,69,74
2026-02-06,P049 (2000M 寅月),77,76,81
2026-02-07,P049 (2000M 寅月),74,73,78
2026-02-08,P049 (2000M 寅月),70,69,74
2026-02-09,P049 (2000M 寅月),77,76,81
2026-02-10,P049 (2000M 寅月),75,74,79
2026-02-11,P049 (2000M 寅月),84,83,88
2026-02-12,P049 (2000M 寅月),65,64,69
2026-02-13,P049 (2000M 寅月),85,84,89
2026-02-14,P049 (2000M 寅月),82,81,86
2026-02-15,P049 (2000M 寅月),64,63,68
2026-02-16,P049 (2000M 寅月),78,77,82
2026-02-17,P049 (2000M 寅月),74,73,78
2026-02-18,P049 (2000M 寅月),79,78,83
2026-02-19,P049 (2000M 寅月),69,68,73
2026-02-20,P049 (2000M 寅月),67,66,71
2026-02-21,P049 (2000M 寅月),81,80,85
2026-02-22,P049 (2000M 寅月),73,72,77
2026-02-23,P049 (2000M 寅月),82,81,86
2026-02-24,P049 (2000M 寅月),63,62,67
2026-02-25,P049 (2000M 寅月),80,79,84
2026-02-26,P049 (2000M 寅月),81,80,85
2026-02-27,P049 (2000M 寅月),69,68,73
2026-02-28,P049 (2000M 寅月),80,79,84
2026-03-01,P049 (2000M 寅月),70,69,74
2026-03-02,P049 (2000M 寅月),71,70,75
2026-03-03,P049 (2000M 寅月),71,70,75
2026-03-04,P049 (2000M 寅月),67,66,71
2026-03-05,P049 (2000M 寅月),82,81,86
2026-03-06,P049 (2000M 寅月),73,72,77
2026-03-07,P049 (2000M 寅月),75,74,79
2026-03-08,P049 (2000M 寅月),60,59,64
2026-03-09,P049 (2000M 寅月),83,82,87
2026-03-10,P049 (2000M 寅月),81,80,85
2026-03-11,P049 (2000M 寅月),60,59,64
2026-03-12,P049 (2000M 寅月),72,71,76
2026-03-13,P049 (2000M 寅月),67,66,71
2026-03-14,P049 (2000M 寅月),75,74,79
2026-03-15,P049 (2000M 寅月),65,64,69
2026-03-16,P049 (2000M 寅月),69,68,73
2026-03-17,P049 (2000M 寅月),76,75,80
2026-03-18,P049 (2000M 寅月),74,73,78
2026-03-19,P049 (2000M 寅月),86,85,90
2026-03-20,P049 (2000M 寅月),67,66,71
2026-03-21,P049 (2000M 寅月),79,78,83
2026-03-22,P049 (2000M 寅月),79,78,83
2026-03-23,P049 (2000M 寅月),62,61,66
2026-03-24,P049 (2000M 寅月),76,75,80
2026-03-25,P049 (2000M 寅月),68,67,72
2026-03-26,P049 (2000M 寅月),76,75,80
2026-03-27,P049 (2000M 寅月),64,63,68
2026-03-28,P049 (2000M 寅月),68,67,72
2026-03-29,P049 (2000M 寅月),82,81,86
2026-03-30,P049 (2000M 寅月),76,75,80
2026-03-31,P049 (2000M 寅月),73,72,77
2026-04-01,P049 (2000M 寅月),61,60,65
2026-04-02,P049 (2000M 寅月),80,79,84
2026-04-03,P049 (2000M 寅月),81,80,85
2026-04-04,P049 (2000M 寅月),63,62,67
2026-04-05,P049 (2000M 寅月),74,73,78
2026-04-06,P049 (2000M 寅月),64,63,68
2026-04-07,P049 (2000M 寅月),72,71,76
2026-04-08,P049 (2000M 寅月),67,66,71
2026-04-09,P049 (2000M 寅月),65,64,69
2026-04-10,P049 (2000M 寅月),72,71,76
2026-04-11,P049 (2000M 寅月),68,67,72
2026-04-12,P049 (2000M 寅月),79,78,83
2026-04-13,P049 (2000M 寅月),59,58,63
2026-04-14,P049 (2000M 寅月),80,79,84
2026-04-15,P049 (2000M 寅月),78,77,82
2026-04-16,P049 (2000M 寅月),59,58,63
2026-04-17,P049 (2000M 寅月),73,72,77
2026-04-18,P049 (2000M 寅月),69,68,73
2026-04-19,P049 (2000M 寅月),73,72,77
2026-04-20,P049 (2000M 寅月),64,63,68
2026-04-21,P049 (2000M 寅月),60,59,64
2026-04-22,P049 (2000M 寅月),74,73,78
2026-04-23,P049 (2000M 寅月),69,68,73
2026-04-24,P049 (2000M 寅月),76,75,80
2026-04-25,P049 (2000M 寅月),59,58,63
2026-04-26,P049 (2000M 寅月),76,75,80
2026-04-27,P049 (2000M 寅月),77,76,81
2026-04-28,P049 (2000M 寅月),65,64,69
2026-04-29,P049 (2000M 寅月),76,75,80
2026-04-30,P049 (2000M 寅月),68,67,72
2026-05-01,P049 (2000M 寅月),68,67,72
2026-05-02,P049 (2000M 寅月),67,66,71
2026-05-03,P049 (2000M 寅月),64,63,68
2026-05-04,P049 (2000M 寅月),77,76,81
2026-05-05,P049 (2000M 寅月),71,70,75
2026-05-06,P049 (2000M 寅月),69,68,73
2026-05-07,P049 (2000M 寅月),55,54,59
2026-05-08,P049 (2000M 寅月),75,74,79
2026-05-09,P049 (2000M 寅月),73,72,77
2026-05-10,P049 (2000M 寅月),53,52,57
2026-05-11,P049 (2000M 寅月),65,64,69
2026-05-12,P049 (2000M 寅月),57,56,61
2026-05-13,P049 (2000M 寅月),65,64,69
2026-05-14,P049 (2000M 寅月),58,57,62
2026-05-15,P049 (2000M 寅月),61,60,65
2026-05-16,P049 (2000M 寅月),67,66,71
2026-05-17,P049 (2000M 寅月),65,64,69
2026-05-18,P049 (2000M 寅月),75,74,79
2026-05-19,P049 (2000M 寅月),59,58,63
2026-05-20,P049 (2000M 寅月),69,68,73
2026-05-21,P049 (2000M 寅月),70,69,74
2026-05-22,P049 (2000M 寅月),54,53,58
2026-05-23,P049 (2000M 寅月),65,64,69
2026-05-24,P049 (2000M 寅月),59,58,63
2026-05-25,P049 (2000M 寅月),66,65,70
2026-05-26,P049 (2000M 寅月),56,55,60
2026-05-27,P049 (2000M 寅月),60,59,64
2026-05-28,P049 (2000M 寅月),74,73,78
2026-05-29,P049 (2000M 寅月),68,67,72
2026-05-30,P049 (2000M 寅月),64,63,68
2026-05-31,P049 (2000M 寅月),53,52,57
2025-12-03,P050 (2001F 巳月),58,62,67
2025-12-04,P050 (2001F 巳月),57,61,66
2025-12-05,P050 (2001F 巳月),60,64,69
2025-12-06,P050 (2001F 巳月),53,57,62
2025-12-07,P050 (2001F 巳月),55,59,64
2025-12-08,P050 (2001F 巳月),55,59,64
2025-12-09,P050 (2001F 巳月),63,67,72
2025-12-10,P050 (2001F 巳月),73,77,82
2025-12-11,P050 (2001F 巳月),47,51,56
2025-12-12,P050 (2001F 巳月),61,65,70
2025-12-13,P050 (2001F 巳月),68,72,77
2025-12-14,P050 (2001F 巳月),71,75,80
2025-12-15,P050 (2001F 巳月),67,71,76
2025-12-16,P050 (2001F 巳月),69,73,78
2025-12-17,P050 (2001F 巳月),64,68,73
2025-12-18,P050 (2001F 巳月),63,67,72
2025-12-19,P050 (2001F 巳月),65,69,74
2025-12-20,P050 (2001F 巳月),58,62,67
2025-12-21,P050 (2001F 巳月),68,72,77
2025-12-22,P050 (2001F 巳月),64,68,73
2025-12-23,P050 (2001F 巳月),54,58,63
2025-12-24,P050 (2001F 巳月),61,65,70
2025-12-25,P050 (2001F 巳月),61,65,70
2025-12-26,P050 (2001F 巳月),77,81,86
2025-12-27,P050 (2001F 巳月),57,61,66
2025-12-28,P050 (2001F 巳月),71,75,80
2025-12-29,P050 (2001F 巳月),72,76,81
2025-12-30,P050 (2001F 巳月),62,66,71
2025-12-31,P050 (2001F 巳月),66,70,75
2026-01-01,P050 (2001F 巳月),55,59,64
2026-01-02,P050 (2001F 巳月),72,76,81
2026-01-03,P050 (2001F 巳月),59,63,68
2026-01-04,P050 (2001F 巳月),47,51,56
2026-01-05,P050 (2001F 巳月),61,65,70
2026-01-06,P050 (2001F 巳月),51,55,60
2026-01-07,P050 (2001F 巳月),72,76,81
2026-01-08,P050 (2001F 巳月),58,62,67
2026-01-09,P050 (2001F 巳月),67,71,76
2026-01-10,P050 (2001F 巳月),66,70,75
2026-01-11,P050 (2001F 巳月),57,61,66
2026-01-12,P050 (2001F 巳月),62,66,71
2026-01-13,P050 (2001F 巳月),55,59,64
2026-01-14,P050 (2001F 巳月),57,61,66
2026-01-15,P050 (2001F 巳月),60,64,69
2026-01-16,P050 (2001F 巳月),48,52,57
2026-01-17,P050 (2001F 巳月),62,66,71
2026-01-18,P050 (2001F 巳月),60,64,69
2026-01-19,P050 (2001F 巳月),80,84,89
2026-01-20,P050 (2001F 巳月),65,69,74
2026-01-21,P050 (2001F 巳月),64,68,73
2026-01-22,P050 (2001F 巳月),76,80,85
2026-01-23,P050 (2001F 巳月),61,65,70
2026-01-24,P050 (2001F 巳月),62,66,71
2026-01-25,P050 (2001F 巳月),60,64,69
2026-01-26,P050 (2001F 巳月),58,62,67
2026-01-27,P050 (2001F 巳月),62,66,71
2026-01-28,P050 (2001F 巳月),53,57,62
2026-01-29,P050 (2001F 巳月),67,71,76
2026-01-30,P050 (2001F 巳月),63,67,72
2026-01-31,P050 (2001F 巳月),74,78,83
2026-02-01,P050 (2001F 巳月),69,73,78
2026-02-02,P050 (2001F 巳月),68,72,77
2026-02-03,P050 (2001F 巳月),70,74,79
2026-02-04,P050 (2001F 巳月),51,55,60
2026-02-05,P050 (2001F 巳月),49,53,58
2026-02-06,P050 (2001F 巳月),47,51,56
2026-02-07,P050 (2001F 巳月),49,53,58
2026-02-08,P050 (2001F 巳月),50,54,59
2026-02-09,P050 (2001F 巳月),45,49,54
2026-02-10,P050 (2001F 巳月),47,51,56
2026-02-11,P050 (2001F 巳月),51,55,60
2026-02-12,P050 (2001F 巳月),64,68,73
2026-02-13,P050 (2001F 巳月),54,58,63
2026-02-14,P050 (2001F 巳月),56,60,65
2026-02-15,P050 (2001F 巳月),54,58,63
2026-02-16,P050 (2001F 巳月),47,51,56
2026-02-17,P050 (2001F 巳月),50,54,59
2026-02-18,P050 (2001F 巳月),48,52,57
2026-02-19,P050 (2001F 巳月),48,52,57
2026-02-20,P050 (2001F 巳月),46,50,55
2026-02-21,P050 (2001F 巳月),47,51,56
2026-02-22,P050 (2001F 巳月),49,53,58
2026-02-23,P050 (2001F 巳月),47,51,56
2026-02-24,P050 (2001F 巳月),63,67,72
2026-02-25,P050 (2001F 巳月),50,54,59
2026-02-26,P050 (2001F 巳月),52,56,61
2026-02-27,P050 (2001F 巳月),57,61,66
2026-02-28,P050 (2001F 巳月),49,53,58
2026-03-01,P050 (2001F 巳月),47,51,56
2026-03-02,P050 (2001F 巳月),47,51,56
2026-03-03,P050 (2001F 巳月),50,54,59
2026-03-04,P050 (2001F 巳月),49,53,58
2026-03-05,P050 (2001F 巳月),48,52,57
2026-03-06,P050 (2001F 巳月),63,67,72
2026-03-07,P050 (2001F 巳月),56,60,65
2026-03-08,P050 (2001F 巳月),79,83,88
2026-03-09,P050 (2001F 巳月),63,67,72
2026-03-10,P050 (2001F 巳月),74,78,83
2026-03-11,P050 (2001F 巳月),74,78,83
2026-03-12,P050 (2001F 巳月),60,64,69
2026-03-13,P050 (2001F 巳月),69,73,78
2026-03-14,P050 (2001F 巳月),58,62,67
2026-03-15,P050 (2001F 巳月),65,69,74
2026-03-16,P050 (2001F 巳月),66,70,75
2026-03-17,P050 (2001F 巳月),50,54,59
2026-03-18,P050 (2001F 巳月),68,72,77
2026-03-19,P050 (2001F 巳月),61,65,70
2026-03-20,P050 (2001F 巳月),85,89,94
2026-03-21,P050 (2001F 巳月),73,77,82
2026-03-22,P050 (2001F 巳月),68,72,77
2026-03-23,P050 (2001F 巳月),78,82,87
2026-03-24,P050 (2001F 巳月),60,64,69
2026-03-25,P050 (2001F 巳月),63,67,72
2026-03-26,P050 (2001F 巳月),60,64,69
2026-03-27,P050 (2001F 巳月),57,61,66
2026-03-28,P050 (2001F 巳月),66,70,75
2026-03-29,P050 (2001F 巳月),51,55,60
2026-03-30,P050 (2001F 巳月),69,73,78
2026-03-31,P050 (2001F 巳月),61,65,70
2026-04-01,P050 (2001F 巳月),74,78,83
2026-04-02,P050 (2001F 巳月),73,77,82
2026-04-03,P050 (2001F 巳月),64,68,73
2026-04-04,P050 (2001F 巳月),71,75,80
2026-04-05,P050 (2001F 巳月),55,59,64
2026-04-06,P050 (2001F 巳月),51,55,60
2026-04-07,P050 (2001F 巳月),54,58,63
2026-04-08,P050 (2001F 巳月),56,60,65
2026-04-09,P050 (2001F 巳月),62,66,71
2026-04-10,P050 (2001F 巳月),45,49,54
2026-04-11,P050 (2001F 巳月),56,60,65
2026-04-12,P050 (2001F 巳月),65,69,74
2026-04-13,P050 (2001F 巳月),73,77,82
2026-04-14,P050 (2001F 巳月),63,67,72
2026-04-15,P050 (2001F 巳月),64,68,73
2026-04-16,P050 (2001F 巳月),64,68,73
2026-04-17,P050 (2001F 巳月),58,62,67
2026-04-18,P050 (2001F 巳月),59,63,68
2026-04-19,P050 (2001F 巳月),56,60,65
2026-04-20,P050 (2001F 巳月),63,67,72
2026-04-21,P050 (2001F 巳月),59,63,68
2026-04-22,P050 (2001F 巳月),51,55,60
2026-04-23,P050 (2001F 巳月),58,62,67
2026-04-24,P050 (2001F 巳月),58,62,67
2026-04-25,P050 (2001F 巳月),77,81,86
2026-04-26,P050 (2001F 巳月),59,63,68
2026-04-27,P050 (2001F 巳月),68,72,77
2026-04-28,P050 (2001F 巳月),67,71,76
2026-04-29,P050 (2001F 巳月),58,62,67
2026-04-30,P050 (2001F 巳月),64,68,73
2026-05-01,P050 (2001F 巳月),54,58,63
2026-05-02,P050 (2001F 巳月),66,70,75
2026-05-03,P050 (2001F 巳月),57,61,66
2026-05-04,P050 (2001F 巳月),48,52,57
2026-05-05,P050 (2001F 巳月),58,62,67
2026-05-06,P050 (2001F 巳月),65,69,74
2026-05-07,P050 (2001F 巳月),84,88,93
2026-05-08,P050 (2001F 巳月),81,85,90
2026-05-09,P050 (2001F 巳月),88,92,97
2026-05-10,P050 (2001F 巳月),85,89,94
2026-05-11,P050 (2001F 巳月),69,73,78
2026-05-12,P050 (2001F 巳月),83,87,92
2026-05-13,P050 (2001F 巳月),68,72,77
2026-05-14,P050 (2001F 巳月),76,80,85
2026-05-15,P050 (2001F 巳月),77,81,86
2026-05-16,P050 (2001F 巳月),57,61,66
2026-05-17,P050 (2001F 巳月),80,84,89
2026-05-18,P050 (2001F 巳月),74,78,83
2026-05-19,P050 (2001F 巳月),88,92,97
2026-05-20,P050 (2001F 巳月),82,86,91
2026-05-21,P050 (2001F 巳月),80,84,89
2026-05-22,P050 (2001F 巳月),86,90,95
2026-05-23,P050 (2001F 巳月),71,75,80
2026-05-24,P050 (2001F 巳月),76,80,85
2026-05-25,P050 (2001F 巳月),69,73,78
2026-05-26,P050 (2001F 巳月),69,73,78
2026-05-27,P050 (2001F 巳月),81,85,90
2026-05-28,P050 (2001F 巳月),63,67,72
2026-05-29,P050 (2001F 巳月),84,88,93
2026-05-30,P050 (2001F 巳月),77,81,86
2026-05-31,P050 (2001F 巳月),82,86,91
2025-12-03,P051 (2002M 卯月),75,77,82
2025-12-04,P051 (2002M 卯月),79,81,86
2025-12-05,P051 (2002M 卯月),61,63,68
2025-12-06,P051 (2002M 卯月),63,65,70
2025-12-07,P051 (2002M 卯月),55,57,62
2025-12-08,P051 (2002M 卯月),60,62,67
2025-12-09,P051 (2002M 卯月),45,47,52
2025-12-10,P051 (2002M 卯月),46,48,53
2025-12-11,P051 (2002M 卯月),54,56,61
2025-12-12,P051 (2002M 卯月),60,62,67
2025-12-13,P051 (2002M 卯月),47,49,54
2025-12-14,P051 (2002M 卯月),55,57,62
2025-12-15,P051 (2002M 卯月),56,58,63
2025-12-16,P051 (2002M 卯月),62,64,69
2025-12-17,P051 (2002M 卯月),47,49,54
2025-12-18,P051 (2002M 卯月),52,54,59
2025-12-19,P051 (2002M 卯月),62,64,69
2025-12-20,P051 (2002M 卯月),65,67,72
2025-12-21,P051 (2002M 卯月),47,49,54
2025-12-22,P051 (2002M 卯月),47,49,54
2025-12-23,P051 (2002M 卯月),60,62,67
2025-12-24,P051 (2002M 卯月),75,77,82
2025-12-25,P051 (2002M 卯月),53,55,60
2025-12-26,P051 (2002M 卯月),57,59,64
2025-12-27,P051 (2002M 卯月),58,60,65
2025-12-28,P051 (2002M 卯月),69,71,76
2025-12-29,P051 (2002M 卯月),52,54,59
2025-12-30,P051 (2002M 卯月),56,58,63
2025-12-31,P051 (2002M 卯月),63,65,70
2026-01-01,P051 (2002M 卯月),61,63,68
2026-01-02,P051 (2002M 卯月),49,51,56
2026-01-03,P051 (2002M 卯月),50,52,57
2026-01-04,P051 (2002M 卯月),60,62,67
2026-01-05,P051 (2002M 卯月),70,72,77
2026-01-06,P051 (2002M 卯月),55,57,62
2026-01-07,P051 (2002M 卯月),60,62,67
2026-01-08,P051 (2002M 卯月),65,67,72
2026-01-09,P051 (2002M 卯月),67,69,74
2026-01-10,P051 (2002M 卯月),56,58,63
2026-01-11,P051 (2002M 卯月),51,53,58
2026-01-12,P051 (2002M 卯月),67,69,74
2026-01-13,P051 (2002M 卯月),65,67,72
2026-01-14,P051 (2002M 卯月),45,47,52
2026-01-15,P051 (2002M 卯月),48,50,55
2026-01-16,P051 (2002M 卯月),63,65,70
2026-01-17,P051 (2002M 卯月),71,73,78
2026-01-18,P051 (2002M 卯月),57,59,64
2026-01-19,P051 (2002M 卯月),58,60,65
2026-01-20,P051 (2002M 卯月),66,68,73
2026-01-21,P051 (2002M 卯月),65,67,72
2026-01-22,P051 (2002M 卯月),52,54,59
2026-01-23,P051 (2002M 卯月),56,58,63
2026-01-24,P051 (2002M 卯月),65,67,72
2026-01-25,P051 (2002M 卯月),65,67,72
2026-01-26,P051 (2002M 卯月),47,49,54
2026-01-27,P051 (2002M 卯月),49,51,56
2026-01-28,P051 (2002M 卯月),66,68,73
2026-01-29,P051 (2002M 卯月),74,76,81
2026-01-30,P051 (2002M 卯月),58,60,65
2026-01-31,P051 (2002M 卯月),56,58,63
2026-02-01,P051 (2002M 卯月),65,67,72
2026-02-02,P051 (2002M 卯月),72,74,79
2026-02-03,P051 (2002M 卯月),52,54,59
2026-02-04,P051 (2002M 卯月),68,70,75
2026-02-05,P051 (2002M 卯月),80,82,87
2026-02-06,P051 (2002M 卯月),79,81,86
2026-02-07,P051 (2002M 卯月),58,60,65
2026-02-08,P051 (2002M 卯月),62,64,69
2026-02-09,P051 (2002M 卯月),77,79,84
2026-02-10,P051 (2002M 卯月),81,83,88
2026-02-11,P051 (2002M 卯月),67,69,74
2026-02-12,P051 (2002M 卯月),73,75,80
2026-02-13,P051 (2002M 卯月),76,78,83
2026-02-14,P051 (2002M 卯月),83,85,90
2026-02-15,P051 (2002M 卯月),70,72,77
2026-02-16,P051 (2002M 卯月),69,71,76
2026-02-17,P051 (2002M 卯月),81,83,88
2026-02-18,P051 (2002M 卯月),80,82,87
2026-02-19,P051 (2002M 卯月),54,56,61
2026-02-20,P051 (2002M 卯月),54,56,61
2026-02-21,P051 (2002M 卯月),76,78,83
2026-02-22,P051 (2002M 卯月),86,88,93
2026-02-23,P051 (2002M 卯月),63,65,70
2026-02-24,P051 (2002M 卯月),70,72,77
2026-02-25,P051 (2002M 卯月),79,81,86
2026-02-26,P051 (2002M 卯月),82,84,89
2026-02-27,P051 (2002M 卯月),70,72,77
2026-02-28,P051 (2002M 卯月),67,69,74
2026-03-01,P051 (2002M 卯月),77,79,84
2026-03-02,P051 (2002M 卯月),69,71,76
2026-03-03,P051 (2002M 卯月),57,59,64
2026-03-04,P051 (2002M 卯月),59,61,66
2026-03-05,P051 (2002M 卯月),68,70,75
2026-03-06,P051 (2002M 卯月),89,91,96
2026-03-07,P051 (2002M 卯月),72,74,79
2026-03-08,P051 (2002M 卯月),74,76,81
2026-03-09,P051 (2002M 卯月),83,85,90
2026-03-10,P051 (2002M 卯月),86,88,93
2026-03-11,P051 (2002M 卯月),73,75,80
2026-03-12,P051 (2002M 卯月),66,68,73
2026-03-13,P051 (2002M 卯月),82,84,89
2026-03-14,P051 (2002M 卯月),83,85,90
2026-03-15,P051 (2002M 卯月),61,63,68
2026-03-16,P051 (2002M 卯月),65,67,72
2026-03-17,P051 (2002M 卯月),82,84,89
2026-03-18,P051 (2002M 卯月),87,89,94
2026-03-19,P051 (2002M 卯月),75,77,82
2026-03-20,P051 (2002M 卯月),77,79,84
2026-03-21,P051 (2002M 卯月),84,86,91
2026-03-22,P051 (2002M 卯月),83,85,90
2026-03-23,P051 (2002M 卯月),71,73,78
2026-03-24,P051 (2002M 卯月),73,75,80
2026-03-25,P051 (2002M 卯月),79,81,86
2026-03-26,P051 (2002M 卯月),80,82,87
2026-03-27,P051 (2002M 卯月),58,60,65
2026-03-28,P051 (2002M 卯月),62,64,69
2026-03-29,P051 (2002M 卯月),79,81,86
2026-03-30,P051 (2002M 卯月),84,86,91
2026-03-31,P051 (2002M 卯月),68,70,75
2026-04-01,P051 (2002M 卯月),68,70,75
2026-04-02,P051 (2002M 卯月),80,82,87
2026-04-03,P051 (2002M 卯月),85,87,92
2026-04-04,P051 (2002M 卯月),68,70,75
2026-04-05,P051 (2002M 卯月),50,52,57
2026-04-06,P051 (2002M 卯月),65,67,72
2026-04-07,P051 (2002M 卯月),64,66,71
2026-04-08,P051 (2002M 卯月),47,49,54
2026-04-09,P051 (2002M 卯月),50,52,57
2026-04-10,P051 (2002M 卯月),65,67,72
2026-04-11,P051 (2002M 卯月),69,71,76
2026-04-12,P051 (2002M 卯月),57,59,64
2026-04-13,P051 (2002M 卯月),59,61,66
2026-04-14,P051 (2002M 卯月),66,68,73
2026-04-15,P051 (2002M 卯月),67,69,74
2026-04-16,P051 (2002M 卯月),59,61,66
2026-04-17,P051 (2002M 卯月),53,55,60
2026-04-18,P051 (2002M 卯月),74,76,81
2026-04-19,P051 (2002M 卯月),66,68,73
2026-04-20,P051 (2002M 卯月),48,50,55
2026-04-21,P051 (2002M 卯月),49,51,56
2026-04-22,P051 (2002M 卯月),67,69,74
2026-04-23,P051 (2002M 卯月),77,79,84
2026-04-24,P051 (2002M 卯月),52,54,59
2026-04-25,P051 (2002M 卯月),57,59,64
2026-04-26,P051 (2002M 卯月),68,70,75
2026-04-27,P051 (2002M 卯月),72,74,79
2026-04-28,P051 (2002M 卯月),61,63,68
2026-04-29,P051 (2002M 卯月),55,57,62
2026-04-30,P051 (2002M 卯月),71,73,78
2026-05-01,P051 (2002M 卯月),62,64,69
2026-05-02,P051 (2002M 卯月),48,50,55
2026-05-03,P051 (2002M 卯月),54,56,61
2026-05-04,P051 (2002M 卯月),65,67,72
2026-05-05,P051 (2002M 卯月),73,75,80
2026-05-06,P051 (2002M 卯月),61,63,68
2026-05-07,P051 (2002M 卯月),68,70,75
2026-05-08,P051 (2002M 卯月),74,76,81
2026-05-09,P051 (2002M 卯月),77,79,84
2026-05-10,P051 (2002M 卯月),61,63,68
2026-05-11,P051 (2002M 卯月),59,61,66
2026-05-12,P051 (2002M 卯月),71,73,78
2026-05-13,P051 (2002M 卯月),75,77,82
2026-05-14,P051 (2002M 卯月),52,54,59
2026-05-15,P051 (2002M 卯月),56,58,63
2026-05-16,P051 (2002M 卯月),70,72,77
2026-05-17,P051 (2002M 卯月),76,78,83
2026-05-18,P051 (2002M 卯月),62,64,69
2026-05-19,P051 (2002M 卯月),68,70,75
2026-05-20,P051 (2002M 卯月),71,73,78
2026-05-21,P051 (2002M 卯月),71,73,78
2026-05-22,P051 (2002M 卯月),63,65,70
2026-05-23,P051 (2002M 卯月),64,66,71
2026-05-24,P051 (2002M 卯月),71,73,78
2026-05-25,P051 (2002M 卯月),71,73,78
2026-05-26,P051 (2002M 卯月),50,52,57
2026-05-27,P051 (2002M 卯月),55,57,62
2026-05-28,P051 (2002M 卯月),71,73,78
2026-05-29,P051 (2002M 卯月),79,81,86
2026-05-30,P051 (2002M 卯月),62,64,69
2026-05-31,P051 (2002M 卯月),62,64,69
2025-12-03,P052 (2003F 午月),69,75,80
2025-12-04,P052 (2003F 午月),73,79,84
2025-12-05,P052 (2003F 午月),54,60,65
2025-12-06,P052 (2003F 午月),53,59,64
2025-12-07,P052 (2003F 午月),49,55,60
2025-12-08,P052 (2003F 午月),52,58,63
2025-12-09,P052 (2003F 午月),48,54,59
2025-12-10,P052 (2003F 午月),46,52,57
2025-12-11,P052 (2003F 午月),47,53,58
2025-12-12,P052 (2003F 午月),53,59,64
2025-12-13,P052 (2003F 午月),48,54,59
2025-12-14,P052 (2003F 午月),65,71,76
2025-12-15,P052 (2003F 午月),66,72,77
2025-12-16,P052 (2003F 午月),69,75,80
2025-12-17,P052 (2003F 午月),61,67,72
2025-12-18,P052 (2003F 午月),58,64,69
2025-12-19,P052 (2003F 午月),48,54,59
2025-12-20,P052 (2003F 午月),50,56,61
2025-12-21,P052 (2003F 午月),51,57,62
2025-12-22,P052 (2003F 午月),47,53,58
2025-12-23,P052 (2003F 午月),49,55,60
2025-12-24,P052 (2003F 午月),56,62,67
2025-12-25,P052 (2003F 午月),51,57,62
2025-12-26,P052 (2003F 午月),64,70,75
2025-12-27,P052 (2003F 午月),72,78,83
2025-12-28,P052 (2003F 午月),81,87,92
2025-12-29,P052 (2003F 午月),56,62,67
2025-12-30,P052 (2003F 午月),51,57,62
2025-12-31,P052 (2003F 午月),47,53,58
2026-01-01,P052 (2003F 午月),50,56,61
2026-01-02,P052 (2003F 午月),50,56,61
2026-01-03,P052 (2003F 午月),48,54,59
2026-01-04,P052 (2003F 午月),49,55,60
2026-01-05,P052 (2003F 午月),56,62,67
2026-01-06,P052 (2003F 午月),50,56,61
2026-01-07,P052 (2003F 午月),64,70,75
2026-01-08,P052 (2003F 午月),64,70,75
2026-01-09,P052 (2003F 午月),69,75,80
2026-01-10,P052 (2003F 午月),53,59,64
2026-01-11,P052 (2003F 午月),51,57,62
2026-01-12,P052 (2003F 午月),47,53,58
2026-01-13,P052 (2003F 午月),48,54,59
2026-01-14,P052 (2003F 午月),48,54,59
2026-01-15,P052 (2003F 午月),46,52,57
2026-01-16,P052 (2003F 午月),47,53,58
2026-01-17,P052 (2003F 午月),55,61,66
2026-01-18,P052 (2003F 午月),50,56,61
2026-01-19,P052 (2003F 午月),63,69,74
2026-01-20,P052 (2003F 午月),66,72,77
2026-01-21,P052 (2003F 午月),68,74,79
2026-01-22,P052 (2003F 午月),51,57,62
2026-01-23,P052 (2003F 午月),49,55,60
2026-01-24,P052 (2003F 午月),47,53,58
2026-01-25,P052 (2003F 午月),49,55,60
2026-01-26,P052 (2003F 午月),50,56,61
2026-01-27,P052 (2003F 午月),48,54,59
2026-01-28,P052 (2003F 午月),49,55,60
2026-01-29,P052 (2003F 午月),55,61,66
2026-01-30,P052 (2003F 午月),51,57,62
2026-01-31,P052 (2003F 午月),63,69,74
2026-02-01,P052 (2003F 午月),64,70,75
2026-02-02,P052 (2003F 午月),69,75,80
2026-02-03,P052 (2003F 午月),51,57,62
2026-02-04,P052 (2003F 午月),55,61,66
2026-02-05,P052 (2003F 午月),53,59,64
2026-02-06,P052 (2003F 午月),54,60,65
2026-02-07,P052 (2003F 午月),49,55,60
2026-02-08,P052 (2003F 午月),49,55,60
2026-02-09,P052 (2003F 午月),51,57,62
2026-02-10,P052 (2003F 午月),59,65,70
2026-02-11,P052 (2003F 午月),55,61,66
2026-02-12,P052 (2003F 午月),70,76,81
2026-02-13,P052 (2003F 午月),73,79,84
2026-02-14,P052 (2003F 午月),75,81,86
2026-02-15,P052 (2003F 午月),64,70,75
2026-02-16,P052 (2003F 午月),63,69,74
2026-02-17,P052 (2003F 午月),51,57,62
2026-02-18,P052 (2003F 午月),48,54,59
2026-02-19,P052 (2003F 午月),47,53,58
2026-02-20,P052 (2003F 午月),48,54,59
2026-02-21,P052 (2003F 午月),51,57,62
2026-02-22,P052 (2003F 午月),61,67,72
2026-02-23,P052 (2003F 午月),54,60,65
2026-02-24,P052 (2003F 午月),65,71,76
2026-02-25,P052 (2003F 午月),75,81,86
2026-02-26,P052 (2003F 午月),83,89,94
2026-02-27,P052 (2003F 午月),56,62,67
2026-02-28,P052 (2003F 午月),54,60,65
2026-03-01,P052 (2003F 午月),47,53,58
2026-03-02,P052 (2003F 午月),47,53,58
2026-03-03,P052 (2003F 午月),48,54,59
2026-03-04,P052 (2003F 午月),46,52,57
2026-03-05,P052 (2003F 午月),47,53,58
2026-03-06,P052 (2003F 午月),66,72,77
2026-03-07,P052 (2003F 午月),64,70,75
2026-03-08,P052 (2003F 午月),81,87,92
2026-03-09,P052 (2003F 午月),78,84,89
2026-03-10,P052 (2003F 午月),83,89,94
2026-03-11,P052 (2003F 午月),64,70,75
2026-03-12,P052 (2003F 午月),61,67,72
2026-03-13,P052 (2003F 午月),52,58,63
2026-03-14,P052 (2003F 午月),57,63,68
2026-03-15,P052 (2003F 午月),52,58,63
2026-03-16,P052 (2003F 午月),47,53,58
2026-03-17,P052 (2003F 午月),52,58,63
2026-03-18,P052 (2003F 午月),73,79,84
2026-03-19,P052 (2003F 午月),59,65,70
2026-03-20,P052 (2003F 午月),77,83,88
2026-03-21,P052 (2003F 午月),77,83,88
2026-03-22,P052 (2003F 午月),82,88,93
2026-03-23,P052 (2003F 午月),64,70,75
2026-03-24,P052 (2003F 午月),61,67,72
2026-03-25,P052 (2003F 午月),53,59,64
2026-03-26,P052 (2003F 午月),54,60,65
2026-03-27,P052 (2003F 午月),54,60,65
2026-03-28,P052 (2003F 午月),49,55,60
2026-03-29,P052 (2003F 午月),50,56,61
2026-03-30,P052 (2003F 午月),66,72,77
2026-03-31,P052 (2003F 午月),56,62,67
2026-04-01,P052 (2003F 午月),74,80,85
2026-04-02,P052 (2003F 午月),75,81,86
2026-04-03,P052 (2003F 午月),81,87,92
2026-04-04,P052 (2003F 午月),62,68,73
2026-04-05,P052 (2003F 午月),59,65,70
2026-04-06,P052 (2003F 午月),58,64,69
2026-04-07,P052 (2003F 午月),62,68,73
2026-04-08,P052 (2003F 午月),51,57,62
2026-04-09,P052 (2003F 午月),47,53,58
2026-04-10,P052 (2003F 午月),49,55,60
2026-04-11,P052 (2003F 午月),65,71,76
2026-04-12,P052 (2003F 午月),57,63,68
2026-04-13,P052 (2003F 午月),73,79,84
2026-04-14,P052 (2003F 午月),76,82,87
2026-04-15,P052 (2003F 午月),78,84,89
2026-04-16,P052 (2003F 午月),69,75,80
2026-04-17,P052 (2003F 午月),69,75,80
2026-04-18,P052 (2003F 午月),52,58,63
2026-04-19,P052 (2003F 午月),55,61,66
2026-04-20,P052 (2003F 午月),52,58,63
2026-04-21,P052 (2003F 午月),47,53,58
2026-04-22,P052 (2003F 午月),50,56,61
2026-04-23,P052 (2003F 午月),67,73,78
2026-04-24,P052 (2003F 午月),61,67,72
2026-04-25,P052 (2003F 午月),73,79,84
2026-04-26,P052 (2003F 午月),81,87,92
2026-04-27,P052 (2003F 午月),86,92,97
2026-04-28,P052 (2003F 午月),68,74,79
2026-04-29,P052 (2003F 午月),64,70,75
2026-04-30,P052 (2003F 午月),51,57,62
2026-05-01,P052 (2003F 午月),55,61,66
2026-05-02,P052 (2003F 午月),52,58,63
2026-05-03,P052 (2003F 午月),47,53,58
2026-05-04,P052 (2003F 午月),49,55,60
2026-05-05,P052 (2003F 午月),64,70,75
2026-05-06,P052 (2003F 午月),76,82,87
2026-05-07,P052 (2003F 午月),84,90,95
2026-05-08,P052 (2003F 午月),82,88,93
2026-05-09,P052 (2003F 午月),86,92,97
2026-05-10,P052 (2003F 午月),74,80,85
2026-05-11,P052 (2003F 午月),75,81,86
2026-05-12,P052 (2003F 午月),63,69,74
2026-05-13,P052 (2003F 午月),67,73,78
2026-05-14,P052 (2003F 午月),64,70,75
2026-05-15,P052 (2003F 午月),53,59,64
2026-05-16,P052 (2003F 午月),65,71,76
2026-05-17,P052 (2003F 午月),86,92,97
2026-05-18,P052 (2003F 午月),71,77,82
2026-05-19,P052 (2003F 午月),84,90,95
2026-05-20,P052 (2003F 午月),82,88,93
2026-05-21,P052 (2003F 午月),87,93,98
2026-05-22,P052 (2003F 午月),77,83,88
2026-05-23,P052 (2003F 午月),75,81,86
2026-05-24,P052 (2003F 午月),68,74,79
2026-05-25,P052 (2003F 午月),64,70,75
2026-05-26,P052 (2003F 午月),69,75,80
2026-05-27,P052 (2003F 午月),59,65,70
2026-05-28,P052 (2003F 午月),61,67,72
2026-05-29,P052 (2003F 午月),79,85,90
2026-05-30,P052 (2003F 午月),68,74,79
2026-05-31,P052 (2003F 午月),82,88,93
2025-12-03,P053 (2004M 酉月),58,59,64
2025-12-04,P053 (2004M 酉月),54,55,60
2025-12-05,P053 (2004M 酉月),68,69,74
2025-12-06,P053 (2004M 酉月),65,66,71
2025-12-07,P053 (2004M 酉月),64,65,70
2025-12-08,P053 (2004M 酉月),57,58,63
2025-12-09,P053 (2004M 酉月),83,84,89
2025-12-10,P053 (2004M 酉月),82,83,88
2025-12-11,P053 (2004M 酉月),61,62,67
2025-12-12,P053 (2004M 酉月),56,57,62
2025-12-13,P053 (2004M 酉月),77,78,83
2025-12-14,P053 (2004M 酉月),70,71,76
2025-12-15,P053 (2004M 酉月),60,61,66
2025-12-16,P053 (2004M 酉月),56,57,62
2025-12-17,P053 (2004M 酉月),74,75,80
2025-12-18,P053 (2004M 酉月),64,65,70
2025-12-19,P053 (2004M 酉月),71,72,77
2025-12-20,P053 (2004M 酉月),57,58,63
2025-12-21,P053 (2004M 酉月),73,74,79
2025-12-22,P053 (2004M 酉月),82,83,88
2025-12-23,P053 (2004M 酉月),58,59,64
2025-12-24,P053 (2004M 酉月),53,54,59
2025-12-25,P053 (2004M 酉月),79,80,85
2025-12-26,P053 (2004M 酉月),72,73,78
2025-12-27,P053 (2004M 酉月),61,62,67
2025-12-28,P053 (2004M 酉月),55,56,61
2025-12-29,P053 (2004M 酉月),82,83,88
2025-12-30,P053 (2004M 酉月),76,77,82
2025-12-31,P053 (2004M 酉月),68,69,74
2026-01-01,P053 (2004M 酉月),59,60,65
2026-01-02,P053 (2004M 酉月),71,72,77
2026-01-03,P053 (2004M 酉月),79,80,85
2026-01-04,P053 (2004M 酉月),60,61,66
2026-01-05,P053 (2004M 酉月),53,54,59
2026-01-06,P053 (2004M 酉月),84,85,90
2026-01-07,P053 (2004M 酉月),76,77,82
2026-01-08,P053 (2004M 酉月),75,76,81
2026-01-09,P053 (2004M 酉月),73,74,79
2026-01-10,P053 (2004M 酉月),86,87,92
2026-01-11,P053 (2004M 酉月),84,85,90
2026-01-12,P053 (2004M 酉月),74,75,80
2026-01-13,P053 (2004M 酉月),69,70,75
2026-01-14,P053 (2004M 酉月),82,83,88
2026-01-15,P053 (2004M 酉月),81,82,87
2026-01-16,P053 (2004M 酉月),65,66,71
2026-01-17,P053 (2004M 酉月),58,59,64
2026-01-18,P053 (2004M 酉月),90,91,96
2026-01-19,P053 (2004M 酉月),80,81,86
2026-01-20,P053 (2004M 酉月),73,74,79
2026-01-21,P053 (2004M 酉月),73,74,79
2026-01-22,P053 (2004M 酉月),78,79,84
2026-01-23,P053 (2004M 酉月),77,78,83
2026-01-24,P053 (2004M 酉月),67,68,73
2026-01-25,P053 (2004M 酉月),61,62,67
2026-01-26,P053 (2004M 酉月),76,77,82
2026-01-27,P053 (2004M 酉月),74,75,80
2026-01-28,P053 (2004M 酉月),66,67,72
2026-01-29,P053 (2004M 酉月),58,59,64
2026-01-30,P053 (2004M 酉月),85,86,91
2026-01-31,P053 (2004M 酉月),81,82,87
2026-02-01,P053 (2004M 酉月),71,72,77
2026-02-02,P053 (2004M 酉月),69,70,75
2026-02-03,P053 (2004M 酉月),80,81,86
2026-02-04,P053 (2004M 酉月),53,54,59
2026-02-05,P053 (2004M 酉月),50,51,56
2026-02-06,P053 (2004M 酉月),45,46,51
2026-02-07,P053 (2004M 酉月),58,59,64
2026-02-08,P053 (2004M 酉月),60,61,66
2026-02-09,P053 (2004M 酉月),50,51,56
2026-02-10,P053 (2004M 酉月),47,48,53
2026-02-11,P053 (2004M 酉月),62,63,68
2026-02-12,P053 (2004M 酉月),59,60,65
2026-02-13,P053 (2004M 酉月),50,51,56
2026-02-14,P053 (2004M 酉月),45,46,51
2026-02-15,P053 (2004M 酉月),57,58,63
2026-02-16,P053 (2004M 酉月),52,53,58
2026-02-17,P053 (2004M 酉月),51,52,57
2026-02-18,P053 (2004M 酉月),47,48,53
2026-02-19,P053 (2004M 酉月),55,56,61
2026-02-20,P053 (2004M 酉月),60,61,66
2026-02-21,P053 (2004M 酉月),47,48,53
2026-02-22,P053 (2004M 酉月),45,46,51
2026-02-23,P053 (2004M 酉月),62,63,68
2026-02-24,P053 (2004M 酉月),58,59,64
2026-02-25,P053 (2004M 酉月),49,50,55
2026-02-26,P053 (2004M 酉月),45,46,51
2026-02-27,P053 (2004M 酉月),62,63,68
2026-02-28,P053 (2004M 酉月),56,57,62
2026-03-01,P053 (2004M 酉月),50,51,56
2026-03-02,P053 (2004M 酉月),50,51,56
2026-03-03,P053 (2004M 酉月),56,57,62
2026-03-04,P053 (2004M 酉月),60,61,66
2026-03-05,P053 (2004M 酉月),48,49,54
2026-03-06,P053 (2004M 酉月),47,48,53
2026-03-07,P053 (2004M 酉月),64,65,70
2026-03-08,P053 (2004M 酉月),56,57,62
2026-03-09,P053 (2004M 酉月),57,58,63
2026-03-10,P053 (2004M 酉月),50,51,56
2026-03-11,P053 (2004M 酉月),64,65,70
2026-03-12,P053 (2004M 酉月),61,62,67
2026-03-13,P053 (2004M 酉月),53,54,59
2026-03-14,P053 (2004M 酉月),53,54,59
2026-03-15,P053 (2004M 酉月),61,62,67
2026-03-16,P053 (2004M 酉月),66,67,72
2026-03-17,P053 (2004M 酉月),51,52,57
2026-03-18,P053 (2004M 酉月),48,49,54
2026-03-19,P053 (2004M 酉月),69,70,75
2026-03-20,P053 (2004M 酉月),63,64,69
2026-03-21,P053 (2004M 酉月),56,57,62
2026-03-22,P053 (2004M 酉月),53,54,59
2026-03-23,P053 (2004M 酉月),65,66,71
2026-03-24,P053 (2004M 酉月),61,62,67
2026-03-25,P053 (2004M 酉月),52,53,58
2026-03-26,P053 (2004M 酉月),50,51,56
2026-03-27,P053 (2004M 酉月),60,61,66
2026-03-28,P053 (2004M 酉月),57,58,63
2026-03-29,P053 (2004M 酉月),51,52,57
2026-03-30,P053 (2004M 酉月),47,48,53
2026-03-31,P053 (2004M 酉月),68,69,74
2026-04-01,P053 (2004M 酉月),63,64,69
2026-04-02,P053 (2004M 酉月),54,55,60
2026-04-03,P053 (2004M 酉月),50,51,56
2026-04-04,P053 (2004M 酉月),65,66,71
2026-04-05,P053 (2004M 酉月),75,76,81
2026-04-06,P053 (2004M 酉月),68,69,74
2026-04-07,P053 (2004M 酉月),62,63,68
2026-04-08,P053 (2004M 酉月),85,86,91
2026-04-09,P053 (2004M 酉月),85,86,91
2026-04-10,P053 (2004M 酉月),64,65,70
2026-04-11,P053 (2004M 酉月),58,59,64
2026-04-12,P053 (2004M 酉月),81,82,87
2026-04-13,P053 (2004M 酉月),75,76,81
2026-04-14,P053 (2004M 酉月),66,67,72
2026-04-15,P053 (2004M 酉月),62,63,68
2026-04-16,P053 (2004M 酉月),78,79,84
2026-04-17,P053 (2004M 酉月),72,73,78
2026-04-18,P053 (2004M 酉月),79,80,85
2026-04-19,P053 (2004M 酉月),66,67,72
2026-04-20,P053 (2004M 酉月),81,82,87
2026-04-21,P053 (2004M 酉月),82,83,88
2026-04-22,P053 (2004M 酉月),66,67,72
2026-04-23,P053 (2004M 酉月),58,59,64
2026-04-24,P053 (2004M 酉月),85,86,91
2026-04-25,P053 (2004M 酉月),78,79,84
2026-04-26,P053 (2004M 酉月),66,67,72
2026-04-27,P053 (2004M 酉月),61,62,67
2026-04-28,P053 (2004M 酉月),88,89,94
2026-04-29,P053 (2004M 酉月),82,83,88
2026-04-30,P053 (2004M 酉月),71,72,77
2026-05-01,P053 (2004M 酉月),67,68,73
2026-05-02,P053 (2004M 酉月),79,80,85
2026-05-03,P053 (2004M 酉月),82,83,88
2026-05-04,P053 (2004M 酉月),66,67,72
2026-05-05,P053 (2004M 酉月),59,60,65
2026-05-06,P053 (2004M 酉月),85,86,91
2026-05-07,P053 (2004M 酉月),69,70,75
2026-05-08,P053 (2004M 酉月),74,75,80
2026-05-09,P053 (2004M 酉月),69,70,75
2026-05-10,P053 (2004M 酉月),81,82,87
2026-05-11,P053 (2004M 酉月),84,85,90
2026-05-12,P053 (2004M 酉月),69,70,75
2026-05-13,P053 (2004M 酉月),62,63,68
2026-05-14,P053 (2004M 酉月),81,82,87
2026-05-15,P053 (2004M 酉月),77,78,83
2026-05-16,P053 (2004M 酉月),61,62,67
2026-05-17,P053 (2004M 酉月),54,55,60
2026-05-18,P053 (2004M 酉月),88,89,94
2026-05-19,P053 (2004M 酉月),78,79,84
2026-05-20,P053 (2004M 酉月),65,66,71
2026-05-21,P053 (2004M 酉月),74,75,80
2026-05-22,P053 (2004M 酉月),80,81,86
2026-05-23,P053 (2004M 酉月),82,83,88
2026-05-24,P053 (2004M 酉月),73,74,79
2026-05-25,P053 (2004M 酉月),62,63,68
2026-05-26,P053 (2004M 酉月),78,79,84
2026-05-27,P053 (2004M 酉月),76,77,82
2026-05-28,P053 (2004M 酉月),68,69,74
2026-05-29,P053 (2004M 酉月),58,59,64
2026-05-30,P053 (2004M 酉月),87,88,93
2026-05-31,P053 (2004M 酉月),78,79,84
2025-12-03,P054 (2005F 丑月),60,63,68
2025-12-04,P054 (2005F 丑月),63,66,71
2025-12-05,P054 (2005F 丑月),73,76,81
2025-12-06,P054 (2005F 丑月),79,82,87
2025-12-07,P054 (2005F 丑月),72,75,80
2025-12-08,P054 (2005F 丑月),87,90,95
2025-12-09,P054 (2005F 丑月),87,90,95
2025-12-10,P054 (2005F 丑月),80,83,88
2025-12-11,P054 (2005F 丑月),78,81,86
2025-12-12,P054 (2005F 丑月),83,86,91
2025-12-13,P054 (2005F 丑月),81,84,89
2025-12-14,P054 (2005F 丑月),73,76,81
2025-12-15,P054 (2005F 丑月),59,62,67
2025-12-16,P054 (2005F 丑月),67,70,75
2025-12-17,P054 (2005F 丑月),79,82,87
2025-12-18,P054 (2005F 丑月),80,83,88
2025-12-19,P054 (2005F 丑月),73,76,81
2025-12-20,P054 (2005F 丑月),81,84,89
2025-12-21,P054 (2005F 丑月),88,91,96
2025-12-22,P054 (2005F 丑月),81,84,89
2025-12-23,P054 (2005F 丑月),73,76,81
2025-12-24,P054 (2005F 丑月),83,86,91
2025-12-25,P054 (2005F 丑月),74,77,82
2025-12-26,P054 (2005F 丑月),73,76,81
2025-12-27,P054 (2005F 丑月),63,66,71
2025-12-28,P054 (2005F 丑月),64,67,72
2025-12-29,P054 (2005F 丑月),80,83,88
2025-12-30,P054 (2005F 丑月),74,77,82
2025-12-31,P054 (2005F 丑月),81,84,89
2026-01-01,P054 (2005F 丑月),84,87,92
2026-01-02,P054 (2005F 丑月),83,86,91
2026-01-03,P054 (2005F 丑月),81,84,89
2026-01-04,P054 (2005F 丑月),66,69,74
2026-01-05,P054 (2005F 丑月),79,82,87
2026-01-06,P054 (2005F 丑月),75,78,83
2026-01-07,P054 (2005F 丑月),64,67,72
2026-01-08,P054 (2005F 丑月),55,58,63
2026-01-09,P054 (2005F 丑月),57,60,65
2026-01-10,P054 (2005F 丑月),83,86,91
2026-01-11,P054 (2005F 丑月),76,79,84
2026-01-12,P054 (2005F 丑月),71,74,79
2026-01-13,P054 (2005F 丑月),80,83,88
2026-01-14,P054 (2005F 丑月),82,85,90
2026-01-15,P054 (2005F 丑月),77,80,85
2026-01-16,P054 (2005F 丑月),65,68,73
2026-01-17,P054 (2005F 丑月),76,79,84
2026-01-18,P054 (2005F 丑月),71,74,79
2026-01-19,P054 (2005F 丑月),62,65,70
2026-01-20,P054 (2005F 丑月),68,71,76
2026-01-21,P054 (2005F 丑月),67,70,75
2026-01-22,P054 (2005F 丑月),81,84,89
2026-01-23,P054 (2005F 丑月),81,84,89
2026-01-24,P054 (2005F 丑月),64,67,72
2026-01-25,P054 (2005F 丑月),84,87,92
2026-01-26,P054 (2005F 丑月),85,88,93
2026-01-27,P054 (2005F 丑月),80,83,88
2026-01-28,P054 (2005F 丑月),65,68,73
2026-01-29,P054 (2005F 丑月),72,75,80
2026-01-30,P054 (2005F 丑月),83,86,91
2026-01-31,P054 (2005F 丑月),73,76,81
2026-02-01,P054 (2005F 丑月),65,68,73
2026-02-02,P054 (2005F 丑月),67,70,75
2026-02-03,P054 (2005F 丑月),76,79,84
2026-02-04,P054 (2005F 丑月),52,55,60
2026-02-05,P054 (2005F 丑月),48,51,56
2026-02-06,P054 (2005F 丑月),63,66,71
2026-02-07,P054 (2005F 丑月),73,76,81
2026-02-08,P054 (2005F 丑月),63,66,71
2026-02-09,P054 (2005F 丑月),55,58,63
2026-02-10,P054 (2005F 丑月),54,57,62
2026-02-11,P054 (2005F 丑月),56,59,64
2026-02-12,P054 (2005F 丑月),52,55,60
2026-02-13,P054 (2005F 丑月),47,50,55
2026-02-14,P054 (2005F 丑月),48,51,56
2026-02-15,P054 (2005F 丑月),59,62,67
2026-02-16,P054 (2005F 丑月),54,57,62
2026-02-17,P054 (2005F 丑月),50,53,58
2026-02-18,P054 (2005F 丑月),59,62,67
2026-02-19,P054 (2005F 丑月),74,77,82
2026-02-20,P054 (2005F 丑月),66,69,74
2026-02-21,P054 (2005F 丑月),48,51,56
2026-02-22,P054 (2005F 丑月),51,54,59
2026-02-23,P054 (2005F 丑月),53,56,61
2026-02-24,P054 (2005F 丑月),48,51,56
2026-02-25,P054 (2005F 丑月),45,48,53
2026-02-26,P054 (2005F 丑月),45,48,53
2026-02-27,P054 (2005F 丑月),52,55,60
2026-02-28,P054 (2005F 丑月),48,51,56
2026-03-01,P054 (2005F 丑月),50,53,58
2026-03-02,P054 (2005F 丑月),65,68,73
2026-03-03,P054 (2005F 丑月),70,73,78
2026-03-04,P054 (2005F 丑月),65,68,73
2026-03-05,P054 (2005F 丑月),49,52,57
2026-03-06,P054 (2005F 丑月),62,65,70
2026-03-07,P054 (2005F 丑月),56,59,64
2026-03-08,P054 (2005F 丑月),50,53,58
2026-03-09,P054 (2005F 丑月),47,50,55
2026-03-10,P054 (2005F 丑月),49,52,57
2026-03-11,P054 (2005F 丑月),75,78,83
2026-03-12,P054 (2005F 丑月),66,69,74
2026-03-13,P054 (2005F 丑月),61,64,69
2026-03-14,P054 (2005F 丑月),75,78,83
2026-03-15,P054 (2005F 丑月),73,76,81
2026-03-16,P054 (2005F 丑月),77,80,85
2026-03-17,P054 (2005F 丑月),51,54,59
2026-03-18,P054 (2005F 丑月),58,61,66
2026-03-19,P054 (2005F 丑月),57,60,65
2026-03-20,P054 (2005F 丑月),50,53,58
2026-03-21,P054 (2005F 丑月),51,54,59
2026-03-22,P054 (2005F 丑月),51,54,59
2026-03-23,P054 (2005F 丑月),69,72,77
2026-03-24,P054 (2005F 丑月),65,68,73
2026-03-25,P054 (2005F 丑月),50,53,58
2026-03-26,P054 (2005F 丑月),73,76,81
2026-03-27,P054 (2005F 丑月),73,76,81
2026-03-28,P054 (2005F 丑月),73,76,81
2026-03-29,P054 (2005F 丑月),51,54,59
2026-03-30,P054 (2005F 丑月),55,58,63
2026-03-31,P054 (2005F 丑月),65,68,73
2026-04-01,P054 (2005F 丑月),55,58,63
2026-04-02,P054 (2005F 丑月),46,49,54
2026-04-03,P054 (2005F 丑月),47,50,55
2026-04-04,P054 (2005F 丑月),56,59,64
2026-04-05,P054 (2005F 丑月),63,66,71
2026-04-06,P054 (2005F 丑月),55,58,63
2026-04-07,P054 (2005F 丑月),68,71,76
2026-04-08,P054 (2005F 丑月),76,79,84
2026-04-09,P054 (2005F 丑月),68,71,76
2026-04-10,P054 (2005F 丑月),60,63,68
2026-04-11,P054 (2005F 丑月),65,68,73
2026-04-12,P054 (2005F 丑月),66,69,74
2026-04-13,P054 (2005F 丑月),57,60,65
2026-04-14,P054 (2005F 丑月),48,51,56
2026-04-15,P054 (2005F 丑月),50,53,58
2026-04-16,P054 (2005F 丑月),65,68,73
2026-04-17,P054 (2005F 丑月),63,66,71
2026-04-18,P054 (2005F 丑月),57,60,65
2026-04-19,P054 (2005F 丑月),66,69,74
2026-04-20,P054 (2005F 丑月),86,89,94
2026-04-21,P054 (2005F 丑月),76,79,84
2026-04-22,P054 (2005F 丑月),55,58,63
2026-04-23,P054 (2005F 丑月),61,64,69
2026-04-24,P054 (2005F 丑月),62,65,70
2026-04-25,P054 (2005F 丑月),58,61,66
2026-04-26,P054 (2005F 丑月),48,51,56
2026-04-27,P054 (2005F 丑月),52,55,60
2026-04-28,P054 (2005F 丑月),65,68,73
2026-04-29,P054 (2005F 丑月),58,61,66
2026-04-30,P054 (2005F 丑月),63,66,71
2026-05-01,P054 (2005F 丑月),72,75,80
2026-05-02,P054 (2005F 丑月),81,84,89
2026-05-03,P054 (2005F 丑月),76,79,84
2026-05-04,P054 (2005F 丑月),56,59,64
2026-05-05,P054 (2005F 丑月),62,65,70
2026-05-06,P054 (2005F 丑月),58,61,66
2026-05-07,P054 (2005F 丑月),51,54,59
2026-05-08,P054 (2005F 丑月),47,50,55
2026-05-09,P054 (2005F 丑月),46,49,54
2026-05-10,P054 (2005F 丑月),62,65,70
2026-05-11,P054 (2005F 丑月),53,56,61
2026-05-12,P054 (2005F 丑月),47,50,55
2026-05-13,P054 (2005F 丑月),61,64,69
2026-05-14,P054 (2005F 丑月),69,72,77
2026-05-15,P054 (2005F 丑月),67,70,75
2026-05-16,P054 (2005F 丑月),53,56,61
2026-05-17,P054 (2005F 丑月),55,58,63
2026-05-18,P054 (2005F 丑月),58,61,66
2026-05-19,P054 (2005F 丑月),47,50,55
2026-05-20,P054 (2005F 丑月),46,49,54
2026-05-21,P054 (2005F 丑月),47,50,55
2026-05-22,P054 (2005F 丑月),57,60,65
2026-05-23,P054 (2005F 丑月),54,57,62
2026-05-24,P054 (2005F 丑月),50,53,58
2026-05-25,P054 (2005F 丑月),63,66,71
2026-05-26,P054 (2005F 丑月),74,77,82
2026-05-27,P054 (2005F 丑月),65,68,73
2026-05-28,P054 (2005F 丑月),47,50,55
2026-05-29,P054 (2005F 丑月),47,50,55
2026-05-30,P054 (2005F 丑月),60,63,68
2026-05-31,P054 (2005F 丑月),51,54,59
2025-12-03,P055 (1972M 子時),60,60,65
2025-12-04,P055 (1972M 子時),62,62,67
2025-12-05,P055 (1972M 子時),70,70,75
2025-12-06,P055 (1972M 子時),59,59,64
2025-12-07,P055 (1972M 子時),76,76,81
2025-12-08,P055 (1972M 子時),72,72,77
2025-12-09,P055 (1972M 子時),73,73,78
2025-12-10,P055 (1972M 子時),86,86,91
2025-12-11,P055 (1972M 子時),58,58,63
2025-12-12,P055 (1972M 子時),71,71,76
2025-12-13,P055 (1972M 子時),69,69,74
2025-12-14,P055 (1972M 子時),83,83,88
2025-12-15,P055 (1972M 子時),69,69,74
2025-12-16,P055 (1972M 子時),67,67,72
2025-12-17,P055 (1972M 子時),80,80,85
2025-12-18,P055 (1972M 子時),62,62,67
2025-12-19,P055 (1972M 子時),67,67,72
2025-12-20,P055 (1972M 子時),70,70,75
2025-12-21,P055 (1972M 子時),70,70,75
2025-12-22,P055 (1972M 子時),84,84,89
2025-12-23,P055 (1972M 子時),61,61,66
2025-12-24,P055 (1972M 子時),72,72,77
2025-12-25,P055 (1972M 子時),72,72,77
2025-12-26,P055 (1972M 子時),81,81,86
2025-12-27,P055 (1972M 子時),68,68,73
2025-12-28,P055 (1972M 子時),66,66,71
2025-12-29,P055 (1972M 子時),73,73,78
2025-12-30,P055 (1972M 子時),63,63,68
2025-12-31,P055 (1972M 子時),67,67,72
2026-01-01,P055 (1972M 子時),69,69,74
2026-01-02,P055 (1972M 子時),73,73,78
2026-01-03,P055 (1972M 子時),82,82,87
2026-01-04,P055 (1972M 子時),60,60,65
2026-01-05,P055 (1972M 子時),67,67,72
2026-01-06,P055 (1972M 子時),79,79,84
2026-01-07,P055 (1972M 子時),85,85,90
2026-01-08,P055 (1972M 子時),69,69,74
2026-01-09,P055 (1972M 子時),75,75,80
2026-01-10,P055 (1972M 子時),73,73,78
2026-01-11,P055 (1972M 子時),67,67,72
2026-01-12,P055 (1972M 子時),75,75,80
2026-01-13,P055 (1972M 子時),79,79,84
2026-01-14,P055 (1972M 子時),82,82,87
2026-01-15,P055 (1972M 子時),87,87,92
2026-01-16,P055 (1972M 子時),68,68,73
2026-01-17,P055 (1972M 子時),76,76,81
2026-01-18,P055 (1972M 子時),74,74,79
2026-01-19,P055 (1972M 子時),90,90,95
2026-01-20,P055 (1972M 子時),69,69,74
2026-01-21,P055 (1972M 子時),75,75,80
2026-01-22,P055 (1972M 子時),82,82,87
2026-01-23,P055 (1972M 子時),74,74,79
2026-01-24,P055 (1972M 子時),79,79,84
2026-01-25,P055 (1972M 子時),74,74,79
2026-01-26,P055 (1972M 子時),79,79,84
2026-01-27,P055 (1972M 子時),84,84,89
2026-01-28,P055 (1972M 子時),62,62,67
2026-01-29,P055 (1972M 子時),76,76,81
2026-01-30,P055 (1972M 子時),67,67,72
2026-01-31,P055 (1972M 子時),86,86,91
2026-02-01,P055 (1972M 子時),72,72,77
2026-02-02,P055 (1972M 子時),73,73,78
2026-02-03,P055 (1972M 子時),77,77,82
2026-02-04,P055 (1972M 子時),49,49,54
2026-02-05,P055 (1972M 子時),57,57,62
2026-02-06,P055 (1972M 子時),51,51,56
2026-02-07,P055 (1972M 子時),55,55,60
2026-02-08,P055 (1972M 子時),68,68,73
2026-02-09,P055 (1972M 子時),46,46,51
2026-02-10,P055 (1972M 子時),59,59,64
2026-02-11,P055 (1972M 子時),58,58,63
2026-02-12,P055 (1972M 子時),72,72,77
2026-02-13,P055 (1972M 子時),57,57,62
2026-02-14,P055 (1972M 子時),54,54,59
2026-02-15,P055 (1972M 子時),68,68,73
2026-02-16,P055 (1972M 子時),51,51,56
2026-02-17,P055 (1972M 子時),53,53,58
2026-02-18,P055 (1972M 子時),57,57,62
2026-02-19,P055 (1972M 子時),57,57,62
2026-02-20,P055 (1972M 子時),72,72,77
2026-02-21,P055 (1972M 子時),49,49,54
2026-02-22,P055 (1972M 子時),59,59,64
2026-02-23,P055 (1972M 子時),60,60,65
2026-02-24,P055 (1972M 子時),71,71,76
2026-02-25,P055 (1972M 子時),55,55,60
2026-02-26,P055 (1972M 子時),54,54,59
2026-02-27,P055 (1972M 子時),60,60,65
2026-02-28,P055 (1972M 子時),53,53,58
2026-03-01,P055 (1972M 子時),53,53,58
2026-03-02,P055 (1972M 子時),58,58,63
2026-03-03,P055 (1972M 子時),64,64,69
2026-03-04,P055 (1972M 子時),74,74,79
2026-03-05,P055 (1972M 子時),48,48,53
2026-03-06,P055 (1972M 子時),58,58,63
2026-03-07,P055 (1972M 子時),59,59,64
2026-03-08,P055 (1972M 子時),70,70,75
2026-03-09,P055 (1972M 子時),56,56,61
2026-03-10,P055 (1972M 子時),58,58,63
2026-03-11,P055 (1972M 子時),62,62,67
2026-03-12,P055 (1972M 子時),56,56,61
2026-03-13,P055 (1972M 子時),59,59,64
2026-03-14,P055 (1972M 子時),66,66,71
2026-03-15,P055 (1972M 子時),69,69,74
2026-03-16,P055 (1972M 子時),75,75,80
2026-03-17,P055 (1972M 子時),53,53,58
2026-03-18,P055 (1972M 子時),59,59,64
2026-03-19,P055 (1972M 子時),60,60,65
2026-03-20,P055 (1972M 子時),74,74,79
2026-03-21,P055 (1972M 子時),56,56,61
2026-03-22,P055 (1972M 子時),59,59,64
2026-03-23,P055 (1972M 子時),64,64,69
2026-03-24,P055 (1972M 子時),58,58,63
2026-03-25,P055 (1972M 子時),62,62,67
2026-03-26,P055 (1972M 子時),64,64,69
2026-03-27,P055 (1972M 子時),69,69,74
2026-03-28,P055 (1972M 子時),71,71,76
2026-03-29,P055 (1972M 子時),52,52,57
2026-03-30,P055 (1972M 子時),61,61,66
2026-03-31,P055 (1972M 子時),59,59,64
2026-04-01,P055 (1972M 子時),75,75,80
2026-04-02,P055 (1972M 子時),58,58,63
2026-04-03,P055 (1972M 子時),58,58,63
2026-04-04,P055 (1972M 子時),64,64,69
2026-04-05,P055 (1972M 子時),57,57,62
2026-04-06,P055 (1972M 子時),72,72,77
2026-04-07,P055 (1972M 子時),63,63,68
2026-04-08,P055 (1972M 子時),70,70,75
2026-04-09,P055 (1972M 子時),84,84,89
2026-04-10,P055 (1972M 子時),51,51,56
2026-04-11,P055 (1972M 子時),70,70,75
2026-04-12,P055 (1972M 子時),69,69,74
2026-04-13,P055 (1972M 子時),81,81,86
2026-04-14,P055 (1972M 子時),63,63,68
2026-04-15,P055 (1972M 子時),61,61,66
2026-04-16,P055 (1972M 子時),77,77,82
2026-04-17,P055 (1972M 子時),57,57,62
2026-04-18,P055 (1972M 子時),64,64,69
2026-04-19,P055 (1972M 子時),65,65,70
2026-04-20,P055 (1972M 子時),66,66,71
2026-04-21,P055 (1972M 子時),81,81,86
2026-04-22,P055 (1972M 子時),53,53,58
2026-04-23,P055 (1972M 子時),71,71,76
2026-04-24,P055 (1972M 子時),70,70,75
2026-04-25,P055 (1972M 子時),76,76,81
2026-04-26,P055 (1972M 子時),61,61,66
2026-04-27,P055 (1972M 子時),64,64,69
2026-04-28,P055 (1972M 子時),71,71,76
2026-04-29,P055 (1972M 子時),61,61,66
2026-04-30,P055 (1972M 子時),63,63,68
2026-05-01,P055 (1972M 子時),66,66,71
2026-05-02,P055 (1972M 子時),71,71,76
2026-05-03,P055 (1972M 子時),83,83,88
2026-05-04,P055 (1972M 子時),55,55,60
2026-05-05,P055 (1972M 子時),63,63,68
2026-05-06,P055 (1972M 子時),73,73,78
2026-05-07,P055 (1972M 子時),79,79,84
2026-05-08,P055 (1972M 子時),62,62,67
2026-05-09,P055 (1972M 子時),67,67,72
2026-05-10,P055 (1972M 子時),68,68,73
2026-05-11,P055 (1972M 子時),59,59,64
2026-05-12,P055 (1972M 子時),65,65,70
2026-05-13,P055 (1972M 子時),71,71,76
2026-05-14,P055 (1972M 子時),75,75,80
2026-05-15,P055 (1972M 子時),79,79,84
2026-05-16,P055 (1972M 子時),56,56,61
2026-05-17,P055 (1972M 子時),65,65,70
2026-05-18,P055 (1972M 子時),66,66,71
2026-05-19,P055 (1972M 子時),79,79,84
2026-05-20,P055 (1972M 子時),60,60,65
2026-05-21,P055 (1972M 子時),67,67,72
2026-05-22,P055 (1972M 子時),72,72,77
2026-05-23,P055 (1972M 子時),65,65,70
2026-05-24,P055 (1972M 子時),69,69,74
2026-05-25,P055 (1972M 子時),70,70,75
2026-05-26,P055 (1972M 子時),77,77,82
2026-05-27,P055 (1972M 子時),80,80,85
2026-05-28,P055 (1972M 子時),54,54,59
2026-05-29,P055 (1972M 子時),68,68,73
2026-05-30,P055 (1972M 子時),62,62,67
2026-05-31,P055 (1972M 子時),80,80,85
2025-12-03,P056 (1975F 午時),72,78,83
2025-12-04,P056 (1975F 午時),60,66,71
2025-12-05,P056 (1975F 午時),54,60,65
2025-12-06,P056 (1975F 午時),45,51,56
2025-12-07,P056 (1975F 午時),61,67,72
2025-12-08,P056 (1975F 午時),47,53,58
2025-12-09,P056 (1975F 午時),49,55,60
2025-12-10,P056 (1975F 午時),47,53,58
2025-12-11,P056 (1975F 午時),47,53,58
2025-12-12,P056 (1975F 午時),55,61,66
2025-12-13,P056 (1975F 午時),49,55,60
2025-12-14,P056 (1975F 午時),52,58,63
2025-12-15,P056 (1975F 午時),60,66,71
2025-12-16,P056 (1975F 午時),54,60,65
2025-12-17,P056 (1975F 午時),54,60,65
2025-12-18,P056 (1975F 午時),49,55,60
2025-12-19,P056 (1975F 午時),68,74,79
2025-12-20,P056 (1975F 午時),55,61,66
2025-12-21,P056 (1975F 午時),50,56,61
2025-12-22,P056 (1975F 午時),47,53,58
2025-12-23,P056 (1975F 午時),50,56,61
2025-12-24,P056 (1975F 午時),64,70,75
2025-12-25,P056 (1975F 午時),49,55,60
2025-12-26,P056 (1975F 午時),49,55,60
2025-12-27,P056 (1975F 午時),63,69,74
2025-12-28,P056 (1975F 午時),56,62,67
2025-12-29,P056 (1975F 午時),54,60,65
2025-12-30,P056 (1975F 午時),49,55,60
2025-12-31,P056 (1975F 午時),65,71,76
2026-01-01,P056 (1975F 午時),53,59,64
2026-01-02,P056 (1975F 午時),56,62,67
2026-01-03,P056 (1975F 午時),51,57,62
2026-01-04,P056 (1975F 午時),50,56,61
2026-01-05,P056 (1975F 午時),55,61,66
2026-01-06,P056 (1975F 午時),49,55,60
2026-01-07,P056 (1975F 午時),50,56,61
2026-01-08,P056 (1975F 午時),64,70,75
2026-01-09,P056 (1975F 午時),51,57,62
2026-01-10,P056 (1975F 午時),51,57,62
2026-01-11,P056 (1975F 午時),50,56,61
2026-01-12,P056 (1975F 午時),66,72,77
2026-01-13,P056 (1975F 午時),52,58,63
2026-01-14,P056 (1975F 午時),48,54,59
2026-01-15,P056 (1975F 午時),48,54,59
2026-01-16,P056 (1975F 午時),48,54,59
2026-01-17,P056 (1975F 午時),50,56,61
2026-01-18,P056 (1975F 午時),49,55,60
2026-01-19,P056 (1975F 午時),48,54,59
2026-01-20,P056 (1975F 午時),53,59,64
2026-01-21,P056 (1975F 午時),50,56,61
2026-01-22,P056 (1975F 午時),56,62,67
2026-01-23,P056 (1975F 午時),51,57,62
2026-01-24,P056 (1975F 午時),67,73,78
2026-01-25,P056 (1975F 午時),53,59,64
2026-01-26,P056 (1975F 午時),51,57,62
2026-01-27,P056 (1975F 午時),51,57,62
2026-01-28,P056 (1975F 午時),50,56,61
2026-01-29,P056 (1975F 午時),57,63,68
2026-01-30,P056 (1975F 午時),49,55,60
2026-01-31,P056 (1975F 午時),51,57,62
2026-02-01,P056 (1975F 午時),69,75,80
2026-02-02,P056 (1975F 午時),58,64,69
2026-02-03,P056 (1975F 午時),54,60,65
2026-02-04,P056 (1975F 午時),48,54,59
2026-02-05,P056 (1975F 午時),65,71,76
2026-02-06,P056 (1975F 午時),52,58,63
2026-02-07,P056 (1975F 午時),52,58,63
2026-02-08,P056 (1975F 午時),48,54,59
2026-02-09,P056 (1975F 午時),48,54,59
2026-02-10,P056 (1975F 午時),54,60,65
2026-02-11,P056 (1975F 午時),48,54,59
2026-02-12,P056 (1975F 午時),48,54,59
2026-02-13,P056 (1975F 午時),56,62,67
2026-02-14,P056 (1975F 午時),49,55,60
2026-02-15,P056 (1975F 午時),50,56,61
2026-02-16,P056 (1975F 午時),49,55,60
2026-02-17,P056 (1975F 午時),62,68,73
2026-02-18,P056 (1975F 午時),50,56,61
2026-02-19,P056 (1975F 午時),50,56,61
2026-02-20,P056 (1975F 午時),50,56,61
2026-02-21,P056 (1975F 午時),50,56,61
2026-02-22,P056 (1975F 午時),54,60,65
2026-02-23,P056 (1975F 午時),49,55,60
2026-02-24,P056 (1975F 午時),48,54,59
2026-02-25,P056 (1975F 午時),58,64,69
2026-02-26,P056 (1975F 午時),54,60,65
2026-02-27,P056 (1975F 午時),50,56,61
2026-02-28,P056 (1975F 午時),49,55,60
2026-03-01,P056 (1975F 午時),60,66,71
2026-03-02,P056 (1975F 午時),51,57,62
2026-03-03,P056 (1975F 午時),51,57,62
2026-03-04,P056 (1975F 午時),50,56,61
2026-03-05,P056 (1975F 午時),49,55,60
2026-03-06,P056 (1975F 午時),62,68,73
2026-03-07,P056 (1975F 午時),53,59,64
2026-03-08,P056 (1975F 午時),55,61,66
2026-03-09,P056 (1975F 午時),68,74,79
2026-03-10,P056 (1975F 午時),60,66,71
2026-03-11,P056 (1975F 午時),53,59,64
2026-03-12,P056 (1975F 午時),50,56,61
2026-03-13,P056 (1975F 午時),75,81,86
2026-03-14,P056 (1975F 午時),59,65,70
2026-03-15,P056 (1975F 午時),55,61,66
2026-03-16,P056 (1975F 午時),48,54,59
2026-03-17,P056 (1975F 午時),50,56,61
2026-03-18,P056 (1975F 午時),60,66,71
2026-03-19,P056 (1975F 午時),50,56,61
2026-03-20,P056 (1975F 午時),50,56,61
2026-03-21,P056 (1975F 午時),65,71,76
2026-03-22,P056 (1975F 午時),58,64,69
2026-03-23,P056 (1975F 午時),62,68,73
2026-03-24,P056 (1975F 午時),49,55,60
2026-03-25,P056 (1975F 午時),72,78,83
2026-03-26,P056 (1975F 午時),53,59,64
2026-03-27,P056 (1975F 午時),56,62,67
2026-03-28,P056 (1975F 午時),50,56,61
2026-03-29,P056 (1975F 午時),53,59,64
2026-03-30,P056 (1975F 午時),63,69,74
2026-03-31,P056 (1975F 午時),49,55,60
2026-04-01,P056 (1975F 午時),50,56,61
2026-04-02,P056 (1975F 午時),73,79,84
2026-04-03,P056 (1975F 午時),61,67,72
2026-04-04,P056 (1975F 午時),58,64,69
2026-04-05,P056 (1975F 午時),47,53,58
2026-04-06,P056 (1975F 午時),67,73,78
2026-04-07,P056 (1975F 午時),50,56,61
2026-04-08,P056 (1975F 午時),53,59,64
2026-04-09,P056 (1975F 午時),47,53,58
2026-04-10,P056 (1975F 午時),49,55,60
2026-04-11,P056 (1975F 午時),58,64,69
2026-04-12,P056 (1975F 午時),52,58,63
2026-04-13,P056 (1975F 午時),51,57,62
2026-04-14,P056 (1975F 午時),62,68,73
2026-04-15,P056 (1975F 午時),55,61,66
2026-04-16,P056 (1975F 午時),54,60,65
2026-04-17,P056 (1975F 午時),50,56,61
2026-04-18,P056 (1975F 午時),65,71,76
2026-04-19,P056 (1975F 午時),52,58,63
2026-04-20,P056 (1975F 午時),51,57,62
2026-04-21,P056 (1975F 午時),49,55,60
2026-04-22,P056 (1975F 午時),51,57,62
2026-04-23,P056 (1975F 午時),57,63,68
2026-04-24,P056 (1975F 午時),48,54,59
2026-04-25,P056 (1975F 午時),47,53,58
2026-04-26,P056 (1975F 午時),63,69,74
2026-04-27,P056 (1975F 午時),56,62,67
2026-04-28,P056 (1975F 午時),54,60,65
2026-04-29,P056 (1975F 午時),49,55,60
2026-04-30,P056 (1975F 午時),63,69,74
2026-05-01,P056 (1975F 午時),52,58,63
2026-05-02,P056 (1975F 午時),52,58,63
2026-05-03,P056 (1975F 午時),49,55,60
2026-05-04,P056 (1975F 午時),49,55,60
2026-05-05,P056 (1975F 午時),55,61,66
2026-05-06,P056 (1975F 午時),48,54,59
2026-05-07,P056 (1975F 午時),48,54,59
2026-05-08,P056 (1975F 午時),60,66,71
2026-05-09,P056 (1975F 午時),56,62,67
2026-05-10,P056 (1975F 午時),53,59,64
2026-05-11,P056 (1975F 午時),50,56,61
2026-05-12,P056 (1975F 午時),72,78,83
2026-05-13,P056 (1975F 午時),59,65,70
2026-05-14,P056 (1975F 午時),50,56,61
2026-05-15,P056 (1975F 午時),47,53,58
2026-05-16,P056 (1975F 午時),48,54,59
2026-05-17,P056 (1975F 午時),54,60,65
2026-05-18,P056 (1975F 午時),49,55,60
2026-05-19,P056 (1975F 午時),50,56,61
2026-05-20,P056 (1975F 午時),61,67,72
2026-05-21,P056 (1975F 午時),52,58,63
2026-05-22,P056 (1975F 午時),53,59,64
2026-05-23,P056 (1975F 午時),50,56,61
2026-05-24,P056 (1975F 午時),61,67,72
2026-05-25,P056 (1975F 午時),50,56,61
2026-05-26,P056 (1975F 午時),52,58,63
2026-05-27,P056 (1975F 午時),50,56,61
2026-05-28,P056 (1975F 午時),50,56,61
2026-05-29,P056 (1975F 午時),56,62,67
2026-05-30,P056 (1975F 午時),49,55,60
2026-05-31,P056 (1975F 午時),50,56,61
2025-12-03,P057 (1978M 卯時),72,78,83
2025-12-04,P057 (1978M 卯時),70,76,81
2025-12-05,P057 (1978M 卯時),65,71,76
2025-12-06,P057 (1978M 卯時),54,60,65
2025-12-07,P057 (1978M 卯時),65,71,76
2025-12-08,P057 (1978M 卯時),55,61,66
2025-12-09,P057 (1978M 卯時),47,53,58
2025-12-10,P057 (1978M 卯時),46,52,57
2025-12-11,P057 (1978M 卯時),55,61,66
2025-12-12,P057 (1978M 卯時),54,60,65
2025-12-13,P057 (1978M 卯時),49,55,60
2025-12-14,P057 (1978M 卯時),50,56,61
2025-12-15,P057 (1978M 卯時),59,65,70
2025-12-16,P057 (1978M 卯時),52,58,63
2025-12-17,P057 (1978M 卯時),54,60,65
2025-12-18,P057 (1978M 卯時),51,57,62
2025-12-19,P057 (1978M 卯時),62,68,73
2025-12-20,P057 (1978M 卯時),51,57,62
2025-12-21,P057 (1978M 卯時),48,54,59
2025-12-22,P057 (1978M 卯時),49,55,60
2025-12-23,P057 (1978M 卯時),57,63,68
2025-12-24,P057 (1978M 卯時),56,62,67
2025-12-25,P057 (1978M 卯時),51,57,62
2025-12-26,P057 (1978M 卯時),48,54,59
2025-12-27,P057 (1978M 卯時),61,67,72
2025-12-28,P057 (1978M 卯時),52,58,63
2025-12-29,P057 (1978M 卯時),51,57,62
2025-12-30,P057 (1978M 卯時),49,55,60
2025-12-31,P057 (1978M 卯時),63,69,74
2026-01-01,P057 (1978M 卯時),56,62,67
2026-01-02,P057 (1978M 卯時),50,56,61
2026-01-03,P057 (1978M 卯時),48,54,59
2026-01-04,P057 (1978M 卯時),57,63,68
2026-01-05,P057 (1978M 卯時),53,59,64
2026-01-06,P057 (1978M 卯時),50,56,61
2026-01-07,P057 (1978M 卯時),50,56,61
2026-01-08,P057 (1978M 卯時),56,62,67
2026-01-09,P057 (1978M 卯時),51,57,62
2026-01-10,P057 (1978M 卯時),53,59,64
2026-01-11,P057 (1978M 卯時),51,57,62
2026-01-12,P057 (1978M 卯時),64,70,75
2026-01-13,P057 (1978M 卯時),57,63,68
2026-01-14,P057 (1978M 卯時),49,55,60
2026-01-15,P057 (1978M 卯時),49,55,60
2026-01-16,P057 (1978M 卯時),63,69,74
2026-01-17,P057 (1978M 卯時),54,60,65
2026-01-18,P057 (1978M 卯時),50,56,61
2026-01-19,P057 (1978M 卯時),51,57,62
2026-01-20,P057 (1978M 卯時),58,64,69
2026-01-21,P057 (1978M 卯時),59,65,70
2026-01-22,P057 (1978M 卯時),54,60,65
2026-01-23,P057 (1978M 卯時),51,57,62
2026-01-24,P057 (1978M 卯時),65,71,76
2026-01-25,P057 (1978M 卯時),52,58,63
2026-01-26,P057 (1978M 卯時),50,56,61
2026-01-27,P057 (1978M 卯時),48,54,59
2026-01-28,P057 (1978M 卯時),52,58,63
2026-01-29,P057 (1978M 卯時),49,55,60
2026-01-30,P057 (1978M 卯時),48,54,59
2026-01-31,P057 (1978M 卯時),53,59,64
2026-02-01,P057 (1978M 卯時),59,65,70
2026-02-02,P057 (1978M 卯時),53,59,64
2026-02-03,P057 (1978M 卯時),52,58,63
2026-02-04,P057 (1978M 卯時),58,64,69
2026-02-05,P057 (1978M 卯時),83,89,94
2026-02-06,P057 (1978M 卯時),70,76,81
2026-02-07,P057 (1978M 卯時),58,64,69
2026-02-08,P057 (1978M 卯時),53,59,64
2026-02-09,P057 (1978M 卯時),68,74,79
2026-02-10,P057 (1978M 卯時),64,70,75
2026-02-11,P057 (1978M 卯時),59,65,70
2026-02-12,P057 (1978M 卯時),60,66,71
2026-02-13,P057 (1978M 卯時),69,75,80
2026-02-14,P057 (1978M 卯時),64,70,75
2026-02-15,P057 (1978M 卯時),72,78,83
2026-02-16,P057 (1978M 卯時),60,66,71
2026-02-17,P057 (1978M 卯時),75,81,86
2026-02-18,P057 (1978M 卯時),66,72,77
2026-02-19,P057 (1978M 卯時),56,62,67
2026-02-20,P057 (1978M 卯時),61,67,72
2026-02-21,P057 (1978M 卯時),67,73,78
2026-02-22,P057 (1978M 卯時),63,69,74
2026-02-23,P057 (1978M 卯時),56,62,67
2026-02-24,P057 (1978M 卯時),53,59,64
2026-02-25,P057 (1978M 卯時),76,82,87
2026-02-26,P057 (1978M 卯時),61,67,72
2026-02-27,P057 (1978M 卯時),62,68,73
2026-02-28,P057 (1978M 卯時),54,60,65
2026-03-01,P057 (1978M 卯時),70,76,81
2026-03-02,P057 (1978M 卯時),70,76,81
2026-03-03,P057 (1978M 卯時),56,62,67
2026-03-04,P057 (1978M 卯時),56,62,67
2026-03-05,P057 (1978M 卯時),67,73,78
2026-03-06,P057 (1978M 卯時),53,59,64
2026-03-07,P057 (1978M 卯時),51,57,62
2026-03-08,P057 (1978M 卯時),49,55,60
2026-03-09,P057 (1978M 卯時),58,64,69
2026-03-10,P057 (1978M 卯時),54,60,65
2026-03-11,P057 (1978M 卯時),54,60,65
2026-03-12,P057 (1978M 卯時),51,57,62
2026-03-13,P057 (1978M 卯時),65,71,76
2026-03-14,P057 (1978M 卯時),57,63,68
2026-03-15,P057 (1978M 卯時),49,55,60
2026-03-16,P057 (1978M 卯時),46,52,57
2026-03-17,P057 (1978M 卯時),57,63,68
2026-03-18,P057 (1978M 卯時),55,61,66
2026-03-19,P057 (1978M 卯時),49,55,60
2026-03-20,P057 (1978M 卯時),49,55,60
2026-03-21,P057 (1978M 卯時),61,67,72
2026-03-22,P057 (1978M 卯時),57,63,68
2026-03-23,P057 (1978M 卯時),57,63,68
2026-03-24,P057 (1978M 卯時),52,58,63
2026-03-25,P057 (1978M 卯時),66,72,77
2026-03-26,P057 (1978M 卯時),55,61,66
2026-03-27,P057 (1978M 卯時),51,57,62
2026-03-28,P057 (1978M 卯時),48,54,59
2026-03-29,P057 (1978M 卯時),57,63,68
2026-03-30,P057 (1978M 卯時),55,61,66
2026-03-31,P057 (1978M 卯時),51,57,62
2026-04-01,P057 (1978M 卯時),52,58,63
2026-04-02,P057 (1978M 卯時),64,70,75
2026-04-03,P057 (1978M 卯時),59,65,70
2026-04-04,P057 (1978M 卯時),55,61,66
2026-04-05,P057 (1978M 卯時),50,56,61
2026-04-06,P057 (1978M 卯時),75,81,86
2026-04-07,P057 (1978M 卯時),59,65,70
2026-04-08,P057 (1978M 卯時),50,56,61
2026-04-09,P057 (1978M 卯時),48,54,59
2026-04-10,P057 (1978M 卯時),56,62,67
2026-04-11,P057 (1978M 卯時),58,64,69
2026-04-12,P057 (1978M 卯時),50,56,61
2026-04-13,P057 (1978M 卯時),52,58,63
2026-04-14,P057 (1978M 卯時),62,68,73
2026-04-15,P057 (1978M 卯時),54,60,65
2026-04-16,P057 (1978M 卯時),64,70,75
2026-04-17,P057 (1978M 卯時),54,60,65
2026-04-18,P057 (1978M 卯時),66,72,77
2026-04-19,P057 (1978M 卯時),61,67,72
2026-04-20,P057 (1978M 卯時),53,59,64
2026-04-21,P057 (1978M 卯時),54,60,65
2026-04-22,P057 (1978M 卯時),58,64,69
2026-04-23,P057 (1978M 卯時),57,63,68
2026-04-24,P057 (1978M 卯時),52,58,63
2026-04-25,P057 (1978M 卯時),49,55,60
2026-04-26,P057 (1978M 卯時),66,72,77
2026-04-27,P057 (1978M 卯時),56,62,67
2026-04-28,P057 (1978M 卯時),55,61,66
2026-04-29,P057 (1978M 卯時),50,56,61
2026-04-30,P057 (1978M 卯時),64,70,75
2026-05-01,P057 (1978M 卯時),62,68,73
2026-05-02,P057 (1978M 卯時),53,59,64
2026-05-03,P057 (1978M 卯時),51,57,62
2026-05-04,P057 (1978M 卯時),57,63,68
2026-05-05,P057 (1978M 卯時),52,58,63
2026-05-06,P057 (1978M 卯時),54,60,65
2026-05-07,P057 (1978M 卯時),54,60,65
2026-05-08,P057 (1978M 卯時),64,70,75
2026-05-09,P057 (1978M 卯時),58,64,69
2026-05-10,P057 (1978M 卯時),57,63,68
2026-05-11,P057 (1978M 卯時),49,55,60
2026-05-12,P057 (1978M 卯時),70,76,81
2026-05-13,P057 (1978M 卯時),67,73,78
2026-05-14,P057 (1978M 卯時),52,58,63
2026-05-15,P057 (1978M 卯時),53,59,64
2026-05-16,P057 (1978M 卯時),71,77,82
2026-05-17,P057 (1978M 卯時),57,63,68
2026-05-18,P057 (1978M 卯時),51,57,62
2026-05-19,P057 (1978M 卯時),53,59,64
2026-05-20,P057 (1978M 卯時),68,74,79
2026-05-21,P057 (1978M 卯時),67,73,78
2026-05-22,P057 (1978M 卯時),61,67,72
2026-05-23,P057 (1978M 卯時),50,56,61
2026-05-24,P057 (1978M 卯時),71,77,82
2026-05-25,P057 (1978M 卯時),61,67,72
2026-05-26,P057 (1978M 卯時),57,63,68
2026-05-27,P057 (1978M 卯時),51,57,62
2026-05-28,P057 (1978M 卯時),61,67,72
2026-05-29,P057 (1978M 卯時),54,60,65
2026-05-30,P057 (1978M 卯時),51,57,62
2026-05-31,P057 (1978M 卯時),62,68,73
2025-12-03,P058 (1981F 酉時),68,70,75
2025-12-04,P058 (1981F 酉時),58,60,65
2025-12-05,P058 (1981F 酉時),58,60,65
2025-12-06,P058 (1981F 酉時),74,76,81
2025-12-07,P058 (1981F 酉時),58,60,65
2025-12-08,P058 (1981F 酉時),64,66,71
2025-12-09,P058 (1981F 酉時),57,59,64
2025-12-10,P058 (1981F 酉時),68,70,75
2025-12-11,P058 (1981F 酉時),59,61,66
2025-12-12,P058 (1981F 酉時),59,61,66
2025-12-13,P058 (1981F 酉時),73,75,80
2025-12-14,P058 (1981F 酉時),56,58,63
2025-12-15,P058 (1981F 酉時),67,69,74
2025-12-16,P058 (1981F 酉時),56,58,63
2025-12-17,P058 (1981F 酉時),54,56,61
2025-12-18,P058 (1981F 酉時),71,73,78
2025-12-19,P058 (1981F 酉時),57,59,64
2025-12-20,P058 (1981F 酉時),71,73,78
2025-12-21,P058 (1981F 酉時),61,63,68
2025-12-22,P058 (1981F 酉時),72,74,79
2025-12-23,P058 (1981F 酉時),57,59,64
2025-12-24,P058 (1981F 酉時),53,55,60
2025-12-25,P058 (1981F 酉時),78,80,85
2025-12-26,P058 (1981F 酉時),57,59,64
2025-12-27,P058 (1981F 酉時),65,67,72
2025-12-28,P058 (1981F 酉時),57,59,64
2025-12-29,P058 (1981F 酉時),52,54,59
2025-12-30,P058 (1981F 酉時),75,77,82
2025-12-31,P058 (1981F 酉時),59,61,66
2026-01-01,P058 (1981F 酉時),71,73,78
2026-01-02,P058 (1981F 酉時),61,63,68
2026-01-03,P058 (1981F 酉時),66,68,73
2026-01-04,P058 (1981F 酉時),65,67,72
2026-01-05,P058 (1981F 酉時),56,58,63
2026-01-06,P058 (1981F 酉時),78,80,85
2026-01-07,P058 (1981F 酉時),61,63,68
2026-01-08,P058 (1981F 酉時),66,68,73
2026-01-09,P058 (1981F 酉時),65,67,72
2026-01-10,P058 (1981F 酉時),61,63,68
2026-01-11,P058 (1981F 酉時),81,83,88
2026-01-12,P058 (1981F 酉時),63,65,70
2026-01-13,P058 (1981F 酉時),68,70,75
2026-01-14,P058 (1981F 酉時),70,72,77
2026-01-15,P058 (1981F 酉時),72,74,79
2026-01-16,P058 (1981F 酉時),64,66,71
2026-01-17,P058 (1981F 酉時),60,62,67
2026-01-18,P058 (1981F 酉時),74,76,81
2026-01-19,P058 (1981F 酉時),65,67,72
2026-01-20,P058 (1981F 酉時),71,73,78
2026-01-21,P058 (1981F 酉時),67,69,74
2026-01-22,P058 (1981F 酉時),58,60,65
2026-01-23,P058 (1981F 酉時),74,76,81
2026-01-24,P058 (1981F 酉時),70,72,77
2026-01-25,P058 (1981F 酉時),71,73,78
2026-01-26,P058 (1981F 酉時),66,68,73
2026-01-27,P058 (1981F 酉時),74,76,81
2026-01-28,P058 (1981F 酉時),63,65,70
2026-01-29,P058 (1981F 酉時),60,62,67
2026-01-30,P058 (1981F 酉時),79,81,86
2026-01-31,P058 (1981F 酉時),68,70,75
2026-02-01,P058 (1981F 酉時),69,71,76
2026-02-02,P058 (1981F 酉時),59,61,66
2026-02-03,P058 (1981F 酉時),60,62,67
2026-02-04,P058 (1981F 酉時),75,77,82
2026-02-05,P058 (1981F 酉時),64,66,71
2026-02-06,P058 (1981F 酉時),70,72,77
2026-02-07,P058 (1981F 酉時),63,65,70
2026-02-08,P058 (1981F 酉時),73,75,80
2026-02-09,P058 (1981F 酉時),66,68,73
2026-02-10,P058 (1981F 酉時),61,63,68
2026-02-11,P058 (1981F 酉時),76,78,83
2026-02-12,P058 (1981F 酉時),61,63,68
2026-02-13,P058 (1981F 酉時),71,73,78
2026-02-14,P058 (1981F 酉時),61,63,68
2026-02-15,P058 (1981F 酉時),55,57,62
2026-02-16,P058 (1981F 酉時),76,78,83
2026-02-17,P058 (1981F 酉時),62,64,69
2026-02-18,P058 (1981F 酉時),74,76,81
2026-02-19,P058 (1981F 酉時),66,68,73
2026-02-20,P058 (1981F 酉時),74,76,81
2026-02-21,P058 (1981F 酉時),65,67,72
2026-02-22,P058 (1981F 酉時),55,57,62
2026-02-23,P058 (1981F 酉時),82,84,89
2026-02-24,P058 (1981F 酉時),60,62,67
2026-02-25,P058 (1981F 酉時),64,66,71
2026-02-26,P058 (1981F 酉時),61,63,68
2026-02-27,P058 (1981F 酉時),53,55,60
2026-02-28,P058 (1981F 酉時),78,80,85
2026-03-01,P058 (1981F 酉時),66,68,73
2026-03-02,P058 (1981F 酉時),75,77,82
2026-03-03,P058 (1981F 酉時),64,66,71
2026-03-04,P058 (1981F 酉時),68,70,75
2026-03-05,P058 (1981F 酉時),71,73,78
2026-03-06,P058 (1981F 酉時),52,54,59
2026-03-07,P058 (1981F 酉時),67,69,74
2026-03-08,P058 (1981F 酉時),53,55,60
2026-03-09,P058 (1981F 酉時),59,61,66
2026-03-10,P058 (1981F 酉時),52,54,59
2026-03-11,P058 (1981F 酉時),52,54,59
2026-03-12,P058 (1981F 酉時),68,70,75
2026-03-13,P058 (1981F 酉時),50,52,57
2026-03-14,P058 (1981F 酉時),55,57,62
2026-03-15,P058 (1981F 酉時),53,55,60
2026-03-16,P058 (1981F 酉時),62,64,69
2026-03-17,P058 (1981F 酉時),51,53,58
2026-03-18,P058 (1981F 酉時),53,55,60
2026-03-19,P058 (1981F 酉時),64,66,71
2026-03-20,P058 (1981F 酉時),52,54,59
2026-03-21,P058 (1981F 酉時),61,63,68
2026-03-22,P058 (1981F 酉時),54,56,61
2026-03-23,P058 (1981F 酉時),49,51,56
2026-03-24,P058 (1981F 酉時),62,64,69
2026-03-25,P058 (1981F 酉時),54,56,61
2026-03-26,P058 (1981F 酉時),59,61,66
2026-03-27,P058 (1981F 酉時),53,55,60
2026-03-28,P058 (1981F 酉時),62,64,69
2026-03-29,P058 (1981F 酉時),49,51,56
2026-03-30,P058 (1981F 酉時),52,54,59
2026-03-31,P058 (1981F 酉時),67,69,74
2026-04-01,P058 (1981F 酉時),54,56,61
2026-04-02,P058 (1981F 酉時),62,64,69
2026-04-03,P058 (1981F 酉時),50,52,57
2026-04-04,P058 (1981F 酉時),54,56,61
2026-04-05,P058 (1981F 酉時),82,84,89
2026-04-06,P058 (1981F 酉時),71,73,78
2026-04-07,P058 (1981F 酉時),77,79,84
2026-04-08,P058 (1981F 酉時),69,71,76
2026-04-09,P058 (1981F 酉時),78,80,85
2026-04-10,P058 (1981F 酉時),71,73,78
2026-04-11,P058 (1981F 酉時),69,71,76
2026-04-12,P058 (1981F 酉時),82,84,89
2026-04-13,P058 (1981F 酉時),66,68,73
2026-04-14,P058 (1981F 酉時),77,79,84
2026-04-15,P058 (1981F 酉時),66,68,73
2026-04-16,P058 (1981F 酉時),66,68,73
2026-04-17,P058 (1981F 酉時),81,83,88
2026-04-18,P058 (1981F 酉時),67,69,74
2026-04-19,P058 (1981F 酉時),78,80,85
2026-04-20,P058 (1981F 酉時),71,73,78
2026-04-21,P058 (1981F 酉時),80,82,87
2026-04-22,P058 (1981F 酉時),70,72,77
2026-04-23,P058 (1981F 酉時),65,67,72
2026-04-24,P058 (1981F 酉時),84,86,91
2026-04-25,P058 (1981F 酉時),65,67,72
2026-04-26,P058 (1981F 酉時),73,75,80
2026-04-27,P058 (1981F 酉時),67,69,74
2026-04-28,P058 (1981F 酉時),64,66,71
2026-04-29,P058 (1981F 酉時),84,86,91
2026-04-30,P058 (1981F 酉時),72,74,79
2026-05-01,P058 (1981F 酉時),81,83,88
2026-05-02,P058 (1981F 酉時),70,72,77
2026-05-03,P058 (1981F 酉時),78,80,85
2026-05-04,P058 (1981F 酉時),76,78,83
2026-05-05,P058 (1981F 酉時),67,69,74
2026-05-06,P058 (1981F 酉時),73,75,80
2026-05-07,P058 (1981F 酉時),56,58,63
2026-05-08,P058 (1981F 酉時),57,59,64
2026-05-09,P058 (1981F 酉時),61,63,68
2026-05-10,P058 (1981F 酉時),51,53,58
2026-05-11,P058 (1981F 酉時),75,77,82
2026-05-12,P058 (1981F 酉時),56,58,63
2026-05-13,P058 (1981F 酉時),62,64,69
2026-05-14,P058 (1981F 酉時),62,64,69
2026-05-15,P058 (1981F 酉時),61,63,68
2026-05-16,P058 (1981F 酉時),57,59,64
2026-05-17,P058 (1981F 酉時),49,51,56
2026-05-18,P058 (1981F 酉時),68,70,75
2026-05-19,P058 (1981F 酉時),60,62,67
2026-05-20,P058 (1981F 酉時),61,63,68
2026-05-21,P058 (1981F 酉時),59,61,66
2026-05-22,P058 (1981F 酉時),48,50,55
2026-05-23,P058 (1981F 酉時),67,69,74
2026-05-24,P058 (1981F 酉時),62,64,69
2026-05-25,P058 (1981F 酉時),61,63,68
2026-05-26,P058 (1981F 酉時),59,61,66
2026-05-27,P058 (1981F 酉時),65,67,72
2026-05-28,P058 (1981F 酉時),58,60,65
2026-05-29,P058 (1981F 酉時),52,54,59
2026-05-30,P058 (1981F 酉時),75,77,82
2026-05-31,P058 (1981F 酉時),61,63,68
2025-12-03,P059 (1984M 寅時),49,55,60
2025-12-04,P059 (1984M 寅時),46,52,57
2025-12-05,P059 (1984M 寅時),46,52,57
2025-12-06,P059 (1984M 寅時),48,54,59
2025-12-07,P059 (1984M 寅時),62,68,73
2025-12-08,P059 (1984M 寅時),58,64,69
2025-12-09,P059 (1984M 寅時),72,78,83
2025-12-10,P059 (1984M 寅時),78,84,89
2025-12-11,P059 (1984M 寅時),51,57,62
2025-12-12,P059 (1984M 寅時),53,59,64
2025-12-13,P059 (1984M 寅時),80,86,91
2025-12-14,P059 (1984M 寅時),65,71,76
2025-12-15,P059 (1984M 寅時),59,65,70
2025-12-16,P059 (1984M 寅時),59,65,70
2025-12-17,P059 (1984M 寅時),59,65,70
2025-12-18,P059 (1984M 寅時),72,78,83
2025-12-19,P059 (1984M 寅時),64,70,75
2025-12-20,P059 (1984M 寅時),61,67,72
2025-12-21,P059 (1984M 寅時),77,83,88
2025-12-22,P059 (1984M 寅時),78,84,89
2025-12-23,P059 (1984M 寅時),57,63,68
2025-12-24,P059 (1984M 寅時),52,58,63
2025-12-25,P059 (1984M 寅時),79,85,90
2025-12-26,P059 (1984M 寅時),64,70,75
2025-12-27,P059 (1984M 寅時),63,69,74
2025-12-28,P059 (1984M 寅時),67,73,78
2025-12-29,P059 (1984M 寅時),58,64,69
2025-12-30,P059 (1984M 寅時),71,77,82
2025-12-31,P059 (1984M 寅時),63,69,74
2026-01-01,P059 (1984M 寅時),61,67,72
2026-01-02,P059 (1984M 寅時),80,86,91
2026-01-03,P059 (1984M 寅時),75,81,86
2026-01-04,P059 (1984M 寅時),52,58,63
2026-01-05,P059 (1984M 寅時),51,57,62
2026-01-06,P059 (1984M 寅時),82,88,93
2026-01-07,P059 (1984M 寅時),72,78,83
2026-01-08,P059 (1984M 寅時),64,70,75
2026-01-09,P059 (1984M 寅時),66,72,77
2026-01-10,P059 (1984M 寅時),59,65,70
2026-01-11,P059 (1984M 寅時),71,77,82
2026-01-12,P059 (1984M 寅時),67,73,78
2026-01-13,P059 (1984M 寅時),60,66,71
2026-01-14,P059 (1984M 寅時),74,80,85
2026-01-15,P059 (1984M 寅時),70,76,81
2026-01-16,P059 (1984M 寅時),54,60,65
2026-01-17,P059 (1984M 寅時),55,61,66
2026-01-18,P059 (1984M 寅時),76,82,87
2026-01-19,P059 (1984M 寅時),64,70,75
2026-01-20,P059 (1984M 寅時),53,59,64
2026-01-21,P059 (1984M 寅時),57,63,68
2026-01-22,P059 (1984M 寅時),58,64,69
2026-01-23,P059 (1984M 寅時),64,70,75
2026-01-24,P059 (1984M 寅時),56,62,67
2026-01-25,P059 (1984M 寅時),53,59,64
2026-01-26,P059 (1984M 寅時),75,81,86
2026-01-27,P059 (1984M 寅時),77,83,88
2026-01-28,P059 (1984M 寅時),49,55,60
2026-01-29,P059 (1984M 寅時),48,54,59
2026-01-30,P059 (1984M 寅時),72,78,83
2026-01-31,P059 (1984M 寅時),63,69,74
2026-02-01,P059 (1984M 寅時),58,64,69
2026-02-02,P059 (1984M 寅時),54,60,65
2026-02-03,P059 (1984M 寅時),52,58,63
2026-02-04,P059 (1984M 寅時),46,52,57
2026-02-05,P059 (1984M 寅時),44,50,55
2026-02-06,P059 (1984M 寅時),47,53,58
2026-02-07,P059 (1984M 寅時),51,57,62
2026-02-08,P059 (1984M 寅時),53,59,64
2026-02-09,P059 (1984M 寅時),46,52,57
2026-02-10,P059 (1984M 寅時),47,53,58
2026-02-11,P059 (1984M 寅時),52,58,63
2026-02-12,P059 (1984M 寅時),46,52,57
2026-02-13,P059 (1984M 寅時),47,53,58
2026-02-14,P059 (1984M 寅時),47,53,58
2026-02-15,P059 (1984M 寅時),46,52,57
2026-02-16,P059 (1984M 寅時),47,53,58
2026-02-17,P059 (1984M 寅時),49,55,60
2026-02-18,P059 (1984M 寅時),48,54,59
2026-02-19,P059 (1984M 寅時),54,60,65
2026-02-20,P059 (1984M 寅時),55,61,66
2026-02-21,P059 (1984M 寅時),49,55,60
2026-02-22,P059 (1984M 寅時),49,55,60
2026-02-23,P059 (1984M 寅時),60,66,71
2026-02-24,P059 (1984M 寅時),48,54,59
2026-02-25,P059 (1984M 寅時),50,56,61
2026-02-26,P059 (1984M 寅時),50,56,61
2026-02-27,P059 (1984M 寅時),50,56,61
2026-02-28,P059 (1984M 寅時),53,59,64
2026-03-01,P059 (1984M 寅時),49,55,60
2026-03-02,P059 (1984M 寅時),51,57,62
2026-03-03,P059 (1984M 寅時),57,63,68
2026-03-04,P059 (1984M 寅時),58,64,69
2026-03-05,P059 (1984M 寅時),50,56,61
2026-03-06,P059 (1984M 寅時),50,56,61
2026-03-07,P059 (1984M 寅時),69,75,80
2026-03-08,P059 (1984M 寅時),60,66,71
2026-03-09,P059 (1984M 寅時),50,56,61
2026-03-10,P059 (1984M 寅時),53,59,64
2026-03-11,P059 (1984M 寅時),51,57,62
2026-03-12,P059 (1984M 寅時),56,62,67
2026-03-13,P059 (1984M 寅時),55,61,66
2026-03-14,P059 (1984M 寅時),51,57,62
2026-03-15,P059 (1984M 寅時),60,66,71
2026-03-16,P059 (1984M 寅時),56,62,67
2026-03-17,P059 (1984M 寅時),48,54,59
2026-03-18,P059 (1984M 寅時),48,54,59
2026-03-19,P059 (1984M 寅時),63,69,74
2026-03-20,P059 (1984M 寅時),54,60,65
2026-03-21,P059 (1984M 寅時),49,55,60
2026-03-22,P059 (1984M 寅時),51,57,62
2026-03-23,P059 (1984M 寅時),49,55,60
2026-03-24,P059 (1984M 寅時),52,58,63
2026-03-25,P059 (1984M 寅時),49,55,60
2026-03-26,P059 (1984M 寅時),49,55,60
2026-03-27,P059 (1984M 寅時),63,69,74
2026-03-28,P059 (1984M 寅時),66,72,77
2026-03-29,P059 (1984M 寅時),50,56,61
2026-03-30,P059 (1984M 寅時),48,54,59
2026-03-31,P059 (1984M 寅時),65,71,76
2026-04-01,P059 (1984M 寅時),53,59,64
2026-04-02,P059 (1984M 寅時),50,56,61
2026-04-03,P059 (1984M 寅時),50,56,61
2026-04-04,P059 (1984M 寅時),49,55,60
2026-04-05,P059 (1984M 寅時),62,68,73
2026-04-06,P059 (1984M 寅時),62,68,73
2026-04-07,P059 (1984M 寅時),61,67,72
2026-04-08,P059 (1984M 寅時),74,80,85
2026-04-09,P059 (1984M 寅時),76,82,87
2026-04-10,P059 (1984M 寅時),55,61,66
2026-04-11,P059 (1984M 寅時),55,61,66
2026-04-12,P059 (1984M 寅時),77,83,88
2026-04-13,P059 (1984M 寅時),62,68,73
2026-04-14,P059 (1984M 寅時),59,65,70
2026-04-15,P059 (1984M 寅時),54,60,65
2026-04-16,P059 (1984M 寅時),61,67,72
2026-04-17,P059 (1984M 寅時),69,75,80
2026-04-18,P059 (1984M 寅時),59,65,70
2026-04-19,P059 (1984M 寅時),62,68,73
2026-04-20,P059 (1984M 寅時),72,78,83
2026-04-21,P059 (1984M 寅時),74,80,85
2026-04-22,P059 (1984M 寅時),52,58,63
2026-04-23,P059 (1984M 寅時),52,58,63
2026-04-24,P059 (1984M 寅時),71,77,82
2026-04-25,P059 (1984M 寅時),57,63,68
2026-04-26,P059 (1984M 寅時),62,68,73
2026-04-27,P059 (1984M 寅時),62,68,73
2026-04-28,P059 (1984M 寅時),55,61,66
2026-04-29,P059 (1984M 寅時),66,72,77
2026-04-30,P059 (1984M 寅時),55,61,66
2026-05-01,P059 (1984M 寅時),58,64,69
2026-05-02,P059 (1984M 寅時),71,77,82
2026-05-03,P059 (1984M 寅時),67,73,78
2026-05-04,P059 (1984M 寅時),50,56,61
2026-05-05,P059 (1984M 寅時),47,53,58
2026-05-06,P059 (1984M 寅時),73,79,84
2026-05-07,P059 (1984M 寅時),65,71,76
2026-05-08,P059 (1984M 寅時),53,59,64
2026-05-09,P059 (1984M 寅時),54,60,65
2026-05-10,P059 (1984M 寅時),50,56,61
2026-05-11,P059 (1984M 寅時),62,68,73
2026-05-12,P059 (1984M 寅時),57,63,68
2026-05-13,P059 (1984M 寅時),49,55,60
2026-05-14,P059 (1984M 寅時),67,73,78
2026-05-15,P059 (1984M 寅時),64,70,75
2026-05-16,P059 (1984M 寅時),49,55,60
2026-05-17,P059 (1984M 寅時),49,55,60
2026-05-18,P059 (1984M 寅時),72,78,83
2026-05-19,P059 (1984M 寅時),63,69,74
2026-05-20,P059 (1984M 寅時),53,59,64
2026-05-21,P059 (1984M 寅時),55,61,66
2026-05-22,P059 (1984M 寅時),54,60,65
2026-05-23,P059 (1984M 寅時),59,65,70
2026-05-24,P059 (1984M 寅時),53,59,64
2026-05-25,P059 (1984M 寅時),48,54,59
2026-05-26,P059 (1984M 寅時),68,74,79
2026-05-27,P059 (1984M 寅時),69,75,80
2026-05-28,P059 (1984M 寅時),46,52,57
2026-05-29,P059 (1984M 寅時),49,55,60
2026-05-30,P059 (1984M 寅時),72,78,83
2026-05-31,P059 (1984M 寅時),61,67,72
2025-12-03,P060 (1987F 申時),68,74,79
2025-12-04,P060 (1987F 申時),71,77,82
2025-12-05,P060 (1987F 申時),73,79,84
2025-12-06,P060 (1987F 申時),64,70,75
2025-12-07,P060 (1987F 申時),54,60,65
2025-12-08,P060 (1987F 申時),65,71,76
2025-12-09,P060 (1987F 申時),60,66,71
2025-12-10,P060 (1987F 申時),52,58,63
2025-12-11,P060 (1987F 申時),50,56,61
2025-12-12,P060 (1987F 申時),58,64,69
2025-12-13,P060 (1987F 申時),63,69,74
2025-12-14,P060 (1987F 申時),54,60,65
2025-12-15,P060 (1987F 申時),59,65,70
2025-12-16,P060 (1987F 申時),72,78,83
2025-12-17,P060 (1987F 申時),65,71,76
2025-12-18,P060 (1987F 申時),55,61,66
2025-12-19,P060 (1987F 申時),64,70,75
2025-12-20,P060 (1987F 申時),69,75,80
2025-12-21,P060 (1987F 申時),59,65,70
2025-12-22,P060 (1987F 申時),51,57,62
2025-12-23,P060 (1987F 申時),52,58,63
2025-12-24,P060 (1987F 申時),58,64,69
2025-12-25,P060 (1987F 申時),60,66,71
2025-12-26,P060 (1987F 申時),59,65,70
2025-12-27,P060 (1987F 申時),55,61,66
2025-12-28,P060 (1987F 申時),68,74,79
2025-12-29,P060 (1987F 申時),74,80,85
2025-12-30,P060 (1987F 申時),52,58,63
2025-12-31,P060 (1987F 申時),61,67,72
2026-01-01,P060 (1987F 申時),65,71,76
2026-01-02,P060 (1987F 申時),60,66,71
2026-01-03,P060 (1987F 申時),50,56,61
2026-01-04,P060 (1987F 申時),51,57,62
2026-01-05,P060 (1987F 申時),67,73,78
2026-01-06,P060 (1987F 申時),53,59,64
2026-01-07,P060 (1987F 申時),56,62,67
2026-01-08,P060 (1987F 申時),58,64,69
2026-01-09,P060 (1987F 申時),61,67,72
2026-01-10,P060 (1987F 申時),66,72,77
2026-01-11,P060 (1987F 申時),54,60,65
2026-01-12,P060 (1987F 申時),55,61,66
2026-01-13,P060 (1987F 申時),57,63,68
2026-01-14,P060 (1987F 申時),47,53,58
2026-01-15,P060 (1987F 申時),50,56,61
2026-01-16,P060 (1987F 申時),47,53,58
2026-01-17,P060 (1987F 申時),52,58,63
2026-01-18,P060 (1987F 申時),54,60,65
2026-01-19,P060 (1987F 申時),50,56,61
2026-01-20,P060 (1987F 申時),53,59,64
2026-01-21,P060 (1987F 申時),58,64,69
2026-01-22,P060 (1987F 申時),63,69,74
2026-01-23,P060 (1987F 申時),50,56,61
2026-01-24,P060 (1987F 申時),49,55,60
2026-01-25,P060 (1987F 申時),60,66,71
2026-01-26,P060 (1987F 申時),48,54,59
2026-01-27,P060 (1987F 申時),49,55,60
2026-01-28,P060 (1987F 申時),51,57,62
2026-01-29,P060 (1987F 申時),54,60,65
2026-01-30,P060 (1987F 申時),53,59,64
2026-01-31,P060 (1987F 申時),50,56,61
2026-02-01,P060 (1987F 申時),53,59,64
2026-02-02,P060 (1987F 申時),60,66,71
2026-02-03,P060 (1987F 申時),64,70,75
2026-02-04,P060 (1987F 申時),55,61,66
2026-02-05,P060 (1987F 申時),51,57,62
2026-02-06,P060 (1987F 申時),62,68,73
2026-02-07,P060 (1987F 申時),54,60,65
2026-02-08,P060 (1987F 申時),56,62,67
2026-02-09,P060 (1987F 申時),53,59,64
2026-02-10,P060 (1987F 申時),57,63,68
2026-02-11,P060 (1987F 申時),58,64,69
2026-02-12,P060 (1987F 申時),54,60,65
2026-02-13,P060 (1987F 申時),57,63,68
2026-02-14,P060 (1987F 申時),64,70,75
2026-02-15,P060 (1987F 申時),59,65,70
2026-02-16,P060 (1987F 申時),57,63,68
2026-02-17,P060 (1987F 申時),56,62,67
2026-02-18,P060 (1987F 申時),66,72,77
2026-02-19,P060 (1987F 申時),51,57,62
2026-02-20,P060 (1987F 申時),53,59,64
2026-02-21,P060 (1987F 申時),55,61,66
2026-02-22,P060 (1987F 申時),55,61,66
2026-02-23,P060 (1987F 申時),55,61,66
2026-02-24,P060 (1987F 申時),57,63,68
2026-02-25,P060 (1987F 申時),53,59,64
2026-02-26,P060 (1987F 申時),66,72,77
2026-02-27,P060 (1987F 申時),66,72,77
2026-02-28,P060 (1987F 申時),58,64,69
2026-03-01,P060 (1987F 申時),55,61,66
2026-03-02,P060 (1987F 申時),62,68,73
2026-03-03,P060 (1987F 申時),54,60,65
2026-03-04,P060 (1987F 申時),53,59,64
2026-03-05,P060 (1987F 申時),54,60,65
2026-03-06,P060 (1987F 申時),75,81,86
2026-03-07,P060 (1987F 申時),64,70,75
2026-03-08,P060 (1987F 申時),64,70,75
2026-03-09,P060 (1987F 申時),75,81,86
2026-03-10,P060 (1987F 申時),80,86,91
2026-03-11,P060 (1987F 申時),80,86,91
2026-03-12,P060 (1987F 申時),60,66,71
2026-03-13,P060 (1987F 申時),68,74,79
2026-03-14,P060 (1987F 申時),70,76,81
2026-03-15,P060 (1987F 申時),63,69,74
2026-03-16,P060 (1987F 申時),63,69,74
2026-03-17,P060 (1987F 申時),55,61,66
2026-03-18,P060 (1987F 申時),67,73,78
2026-03-19,P060 (1987F 申時),75,81,86
2026-03-20,P060 (1987F 申時),66,72,77
2026-03-21,P060 (1987F 申時),74,80,85
2026-03-22,P060 (1987F 申時),74,80,85
2026-03-23,P060 (1987F 申時),79,85,90
2026-03-24,P060 (1987F 申時),62,68,73
2026-03-25,P060 (1987F 申時),66,72,77
2026-03-26,P060 (1987F 申時),78,84,89
2026-03-27,P060 (1987F 申時),61,67,72
2026-03-28,P060 (1987F 申時),58,64,69
2026-03-29,P060 (1987F 申時),59,65,70
2026-03-30,P060 (1987F 申時),72,78,83
2026-03-31,P060 (1987F 申時),72,78,83
2026-04-01,P060 (1987F 申時),58,64,69
2026-04-02,P060 (1987F 申時),71,77,82
2026-04-03,P060 (1987F 申時),73,79,84
2026-04-04,P060 (1987F 申時),76,82,87
2026-04-05,P060 (1987F 申時),58,64,69
2026-04-06,P060 (1987F 申時),53,59,64
2026-04-07,P060 (1987F 申時),66,72,77
2026-04-08,P060 (1987F 申時),59,65,70
2026-04-09,P060 (1987F 申時),57,63,68
2026-04-10,P060 (1987F 申時),52,58,63
2026-04-11,P060 (1987F 申時),56,62,67
2026-04-12,P060 (1987F 申時),61,67,72
2026-04-13,P060 (1987F 申時),56,62,67
2026-04-14,P060 (1987F 申時),59,65,70
2026-04-15,P060 (1987F 申時),72,78,83
2026-04-16,P060 (1987F 申時),65,71,76
2026-04-17,P060 (1987F 申時),59,65,70
2026-04-18,P060 (1987F 申時),63,69,74
2026-04-19,P060 (1987F 申時),69,75,80
2026-04-20,P060 (1987F 申時),59,65,70
2026-04-21,P060 (1987F 申時),54,60,65
2026-04-22,P060 (1987F 申時),56,62,67
2026-04-23,P060 (1987F 申時),59,65,70
2026-04-24,P060 (1987F 申時),60,66,71
2026-04-25,P060 (1987F 申時),59,65,70
2026-04-26,P060 (1987F 申時),56,62,67
2026-04-27,P060 (1987F 申時),68,74,79
2026-04-28,P060 (1987F 申時),73,79,84
2026-04-29,P060 (1987F 申時),60,66,71
2026-04-30,P060 (1987F 申時),60,66,71
2026-05-01,P060 (1987F 申時),62,68,73
2026-05-02,P060 (1987F 申時),60,66,71
2026-05-03,P060 (1987F 申時),54,60,65
2026-05-04,P060 (1987F 申時),56,62,67
2026-05-05,P060 (1987F 申時),64,70,75
2026-05-06,P060 (1987F 申時),61,67,72
2026-05-07,P060 (1987F 申時),62,68,73
2026-05-08,P060 (1987F 申時),67,73,78
2026-05-09,P060 (1987F 申時),71,77,82
2026-05-10,P060 (1987F 申時),77,83,88
2026-05-11,P060 (1987F 申時),62,68,73
2026-05-12,P060 (1987F 申時),64,70,75
2026-05-13,P060 (1987F 申時),69,75,80
2026-05-14,P060 (1987F 申時),63,69,74
2026-05-15,P060 (1987F 申時),63,69,74
2026-05-16,P060 (1987F 申時),58,64,69
2026-05-17,P060 (1987F 申時),69,75,80
2026-05-18,P060 (1987F 申時),71,77,82
2026-05-19,P060 (1987F 申時),69,75,80
2026-05-20,P060 (1987F 申時),72,78,83
2026-05-21,P060 (1987F 申時),72,78,83
2026-05-22,P060 (1987F 申時),79,85,90
2026-05-23,P060 (1987F 申時),64,70,75
2026-05-24,P060 (1987F 申時),62,68,73
2026-05-25,P060 (1987F 申時),76,82,87
2026-05-26,P060 (1987F 申時),58,64,69
2026-05-27,P060 (1987F 申時),63,69,74
2026-05-28,P060 (1987F 申時),61,67,72
2026-05-29,P060 (1987F 申時),70,76,81
2026-05-30,P060 (1987F 申時),71,77,82
2026-05-31,P060 (1987F 申時),67,73,78
2025-12-03,P061 (1990M 辰時),58,64,69
2025-12-04,P061 (1990M 辰時),59,65,70
2025-12-05,P061 (1990M 辰時),63,69,74
2025-12-06,P061 (1990M 辰時),63,69,74
2025-12-07,P061 (1990M 辰時),54,60,65
2025-12-08,P061 (1990M 辰時),47,53,58
2025-12-09,P061 (1990M 辰時),56,62,67
2025-12-10,P061 (1990M 辰時),47,53,58
2025-12-11,P061 (1990M 辰時),55,61,66
2025-12-12,P061 (1990M 辰時),52,58,63
2025-12-13,P061 (1990M 辰時),55,61,66
2025-12-14,P061 (1990M 辰時),50,56,61
2025-12-15,P061 (1990M 辰時),66,72,77
2025-12-16,P061 (1990M 辰時),55,61,66
2025-12-17,P061 (1990M 辰時),64,70,75
2025-12-18,P061 (1990M 辰時),58,64,69
2025-12-19,P061 (1990M 辰時),60,66,71
2025-12-20,P061 (1990M 辰時),54,60,65
2025-12-21,P061 (1990M 辰時),57,63,68
2025-12-22,P061 (1990M 辰時),46,52,57
2025-12-23,P061 (1990M 辰時),56,62,67
2025-12-24,P061 (1990M 辰時),50,56,61
2025-12-25,P061 (1990M 辰時),56,62,67
2025-12-26,P061 (1990M 辰時),49,55,60
2025-12-27,P061 (1990M 辰時),65,71,76
2025-12-28,P061 (1990M 辰時),54,60,65
2025-12-29,P061 (1990M 辰時),69,75,80
2025-12-30,P061 (1990M 辰時),63,69,74
2025-12-31,P061 (1990M 辰時),62,68,73
2026-01-01,P061 (1990M 辰時),57,63,68
2026-01-02,P061 (1990M 辰時),57,63,68
2026-01-03,P061 (1990M 辰時),47,53,58
2026-01-04,P061 (1990M 辰時),57,63,68
2026-01-05,P061 (1990M 辰時),54,60,65
2026-01-06,P061 (1990M 辰時),52,58,63
2026-01-07,P061 (1990M 辰時),52,58,63
2026-01-08,P061 (1990M 辰時),69,75,80
2026-01-09,P061 (1990M 辰時),60,66,71
2026-01-10,P061 (1990M 辰時),58,64,69
2026-01-11,P061 (1990M 辰時),62,68,73
2026-01-12,P061 (1990M 辰時),50,56,61
2026-01-13,P061 (1990M 辰時),54,60,65
2026-01-14,P061 (1990M 辰時),49,55,60
2026-01-15,P061 (1990M 辰時),47,53,58
2026-01-16,P061 (1990M 辰時),47,53,58
2026-01-17,P061 (1990M 辰時),48,54,59
2026-01-18,P061 (1990M 辰時),48,54,59
2026-01-19,P061 (1990M 辰時),48,54,59
2026-01-20,P061 (1990M 辰時),52,58,63
2026-01-21,P061 (1990M 辰時),55,61,66
2026-01-22,P061 (1990M 辰時),56,62,67
2026-01-23,P061 (1990M 辰時),62,68,73
2026-01-24,P061 (1990M 辰時),53,59,64
2026-01-25,P061 (1990M 辰時),53,59,64
2026-01-26,P061 (1990M 辰時),48,54,59
2026-01-27,P061 (1990M 辰時),48,54,59
2026-01-28,P061 (1990M 辰時),51,57,62
2026-01-29,P061 (1990M 辰時),53,59,64
2026-01-30,P061 (1990M 辰時),50,56,61
2026-01-31,P061 (1990M 辰時),51,57,62
2026-02-01,P061 (1990M 辰時),56,62,67
2026-02-02,P061 (1990M 辰時),57,63,68
2026-02-03,P061 (1990M 辰時),64,70,75
2026-02-04,P061 (1990M 辰時),61,67,72
2026-02-05,P061 (1990M 辰時),59,65,70
2026-02-06,P061 (1990M 辰時),56,62,67
2026-02-07,P061 (1990M 辰時),58,64,69
2026-02-08,P061 (1990M 辰時),49,55,60
2026-02-09,P061 (1990M 辰時),57,63,68
2026-02-10,P061 (1990M 辰時),53,59,64
2026-02-11,P061 (1990M 辰時),57,63,68
2026-02-12,P061 (1990M 辰時),53,59,64
2026-02-13,P061 (1990M 辰時),69,75,80
2026-02-14,P061 (1990M 辰時),59,65,70
2026-02-15,P061 (1990M 辰時),63,69,74
2026-02-16,P061 (1990M 辰時),60,66,71
2026-02-17,P061 (1990M 辰時),61,67,72
2026-02-18,P061 (1990M 辰時),57,63,68
2026-02-19,P061 (1990M 辰時),57,63,68
2026-02-20,P061 (1990M 辰時),49,55,60
2026-02-21,P061 (1990M 辰時),55,61,66
2026-02-22,P061 (1990M 辰時),54,60,65
2026-02-23,P061 (1990M 辰時),55,61,66
2026-02-24,P061 (1990M 辰時),53,59,64
2026-02-25,P061 (1990M 辰時),67,73,78
2026-02-26,P061 (1990M 辰時),58,64,69
2026-02-27,P061 (1990M 辰時),69,75,80
2026-02-28,P061 (1990M 辰時),63,69,74
2026-03-01,P061 (1990M 辰時),61,67,72
2026-03-02,P061 (1990M 辰時),59,65,70
2026-03-03,P061 (1990M 辰時),56,62,67
2026-03-04,P061 (1990M 辰時),50,56,61
2026-03-05,P061 (1990M 辰時),57,63,68
2026-03-06,P061 (1990M 辰時),62,68,73
2026-03-07,P061 (1990M 辰時),57,63,68
2026-03-08,P061 (1990M 辰時),57,63,68
2026-03-09,P061 (1990M 辰時),77,83,88
2026-03-10,P061 (1990M 辰時),67,73,78
2026-03-11,P061 (1990M 辰時),67,73,78
2026-03-12,P061 (1990M 辰時),72,78,83
2026-03-13,P061 (1990M 辰時),58,64,69
2026-03-14,P061 (1990M 辰時),61,67,72
2026-03-15,P061 (1990M 辰時),58,64,69
2026-03-16,P061 (1990M 辰時),48,54,59
2026-03-17,P061 (1990M 辰時),55,61,66
2026-03-18,P061 (1990M 辰時),56,62,67
2026-03-19,P061 (1990M 辰時),57,63,68
2026-03-20,P061 (1990M 辰時),58,64,69
2026-03-21,P061 (1990M 辰時),62,68,73
2026-03-22,P061 (1990M 辰時),64,70,75
2026-03-23,P061 (1990M 辰時),61,67,72
2026-03-24,P061 (1990M 辰時),68,74,79
2026-03-25,P061 (1990M 辰時),60,66,71
2026-03-26,P061 (1990M 辰時),59,65,70
2026-03-27,P061 (1990M 辰時),50,56,61
2026-03-28,P061 (1990M 辰時),47,53,58
2026-03-29,P061 (1990M 辰時),55,61,66
2026-03-30,P061 (1990M 辰時),58,64,69
2026-03-31,P061 (1990M 辰時),52,58,63
2026-04-01,P061 (1990M 辰時),55,61,66
2026-04-02,P061 (1990M 辰時),61,67,72
2026-04-03,P061 (1990M 辰時),63,69,74
2026-04-04,P061 (1990M 辰時),66,72,77
2026-04-05,P061 (1990M 辰時),59,65,70
2026-04-06,P061 (1990M 辰時),58,64,69
2026-04-07,P061 (1990M 辰時),49,55,60
2026-04-08,P061 (1990M 辰時),58,64,69
2026-04-09,P061 (1990M 辰時),46,52,57
2026-04-10,P061 (1990M 辰時),56,62,67
2026-04-11,P061 (1990M 辰時),50,56,61
2026-04-12,P061 (1990M 辰時),53,59,64
2026-04-13,P061 (1990M 辰時),49,55,60
2026-04-14,P061 (1990M 辰時),61,67,72
2026-04-15,P061 (1990M 辰時),52,58,63
2026-04-16,P061 (1990M 辰時),63,69,74
2026-04-17,P061 (1990M 辰時),53,59,64
2026-04-18,P061 (1990M 辰時),57,63,68
2026-04-19,P061 (1990M 辰時),51,57,62
2026-04-20,P061 (1990M 辰時),53,59,64
2026-04-21,P061 (1990M 辰時),47,53,58
2026-04-22,P061 (1990M 辰時),53,59,64
2026-04-23,P061 (1990M 辰時),50,56,61
2026-04-24,P061 (1990M 辰時),54,60,65
2026-04-25,P061 (1990M 辰時),50,56,61
2026-04-26,P061 (1990M 辰時),62,68,73
2026-04-27,P061 (1990M 辰時),50,56,61
2026-04-28,P061 (1990M 辰時),66,72,77
2026-04-29,P061 (1990M 辰時),57,63,68
2026-04-30,P061 (1990M 辰時),55,61,66
2026-05-01,P061 (1990M 辰時),50,56,61
2026-05-02,P061 (1990M 辰時),52,58,63
2026-05-03,P061 (1990M 辰時),47,53,58
2026-05-04,P061 (1990M 辰時),55,61,66
2026-05-05,P061 (1990M 辰時),50,56,61
2026-05-06,P061 (1990M 辰時),51,57,62
2026-05-07,P061 (1990M 辰時),53,59,64
2026-05-08,P061 (1990M 辰時),67,73,78
2026-05-09,P061 (1990M 辰時),60,66,71
2026-05-10,P061 (1990M 辰時),62,68,73
2026-05-11,P061 (1990M 辰時),65,71,76
2026-05-12,P061 (1990M 辰時),53,59,64
2026-05-13,P061 (1990M 辰時),60,66,71
2026-05-14,P061 (1990M 辰時),54,60,65
2026-05-15,P061 (1990M 辰時),48,54,59
2026-05-16,P061 (1990M 辰時),50,56,61
2026-05-17,P061 (1990M 辰時),52,58,63
2026-05-18,P061 (1990M 辰時),55,61,66
2026-05-19,P061 (1990M 辰時),54,60,65
2026-05-20,P061 (1990M 辰時),60,66,71
2026-05-21,P061 (1990M 辰時),59,65,70
2026-05-22,P061 (1990M 辰時),58,64,69
2026-05-23,P061 (1990M 辰時),66,72,77
2026-05-24,P061 (1990M 辰時),55,61,66
2026-05-25,P061 (1990M 辰時),57,63,68
2026-05-26,P061 (1990M 辰時),48,54,59
2026-05-27,P061 (1990M 辰時),47,53,58
2026-05-28,P061 (1990M 辰時),55,61,66
2026-05-29,P061 (1990M 辰時),57,63,68
2026-05-30,P061 (1990M 辰時),54,60,65
2026-05-31,P061 (1990M 辰時),57,63,68
2025-12-03,P062 (1993F 戌時),70,76,81
2025-12-04,P062 (1993F 戌時),61,67,72
2025-12-05,P062 (1993F 戌時),69,75,80
2025-12-06,P062 (1993F 戌時),62,68,73
2025-12-07,P062 (1993F 戌時),58,64,69
2025-12-08,P062 (1993F 戌時),66,72,77
2025-12-09,P062 (1993F 戌時),66,72,77
2025-12-10,P062 (1993F 戌時),51,57,62
2025-12-11,P062 (1993F 戌時),68,74,79
2025-12-12,P062 (1993F 戌時),55,61,66
2025-12-13,P062 (1993F 戌時),59,65,70
2025-12-14,P062 (1993F 戌時),60,66,71
2025-12-15,P062 (1993F 戌時),69,75,80
2025-12-16,P062 (1993F 戌時),62,68,73
2025-12-17,P062 (1993F 戌時),75,81,86
2025-12-18,P062 (1993F 戌時),69,75,80
2025-12-19,P062 (1993F 戌時),59,65,70
2025-12-20,P062 (1993F 戌時),55,61,66
2025-12-21,P062 (1993F 戌時),69,75,80
2025-12-22,P062 (1993F 戌時),52,58,63
2025-12-23,P062 (1993F 戌時),63,69,74
2025-12-24,P062 (1993F 戌時),55,61,66
2025-12-25,P062 (1993F 戌時),55,61,66
2025-12-26,P062 (1993F 戌時),56,62,67
2025-12-27,P062 (1993F 戌時),68,74,79
2025-12-28,P062 (1993F 戌時),64,70,75
2025-12-29,P062 (1993F 戌時),67,73,78
2025-12-30,P062 (1993F 戌時),52,58,63
2025-12-31,P062 (1993F 戌時),53,59,64
2026-01-01,P062 (1993F 戌時),53,59,64
2026-01-02,P062 (1993F 戌時),57,63,68
2026-01-03,P062 (1993F 戌時),49,55,60
2026-01-04,P062 (1993F 戌時),55,61,66
2026-01-05,P062 (1993F 戌時),52,58,63
2026-01-06,P062 (1993F 戌時),53,59,64
2026-01-07,P062 (1993F 戌時),55,61,66
2026-01-08,P062 (1993F 戌時),62,68,73
2026-01-09,P062 (1993F 戌時),51,57,62
2026-01-10,P062 (1993F 戌時),73,79,84
2026-01-11,P062 (1993F 戌時),57,63,68
2026-01-12,P062 (1993F 戌時),54,60,65
2026-01-13,P062 (1993F 戌時),58,64,69
2026-01-14,P062 (1993F 戌時),61,67,72
2026-01-15,P062 (1993F 戌時),53,59,64
2026-01-16,P062 (1993F 戌時),60,66,71
2026-01-17,P062 (1993F 戌時),53,59,64
2026-01-18,P062 (1993F 戌時),57,63,68
2026-01-19,P062 (1993F 戌時),53,59,64
2026-01-20,P062 (1993F 戌時),73,79,84
2026-01-21,P062 (1993F 戌時),56,62,67
2026-01-22,P062 (1993F 戌時),70,76,81
2026-01-23,P062 (1993F 戌時),61,67,72
2026-01-24,P062 (1993F 戌時),55,61,66
2026-01-25,P062 (1993F 戌時),57,63,68
2026-01-26,P062 (1993F 戌時),62,68,73
2026-01-27,P062 (1993F 戌時),55,61,66
2026-01-28,P062 (1993F 戌時),61,67,72
2026-01-29,P062 (1993F 戌時),51,57,62
2026-01-30,P062 (1993F 戌時),55,61,66
2026-01-31,P062 (1993F 戌時),52,58,63
2026-02-01,P062 (1993F 戌時),67,73,78
2026-02-02,P062 (1993F 戌時),59,65,70
2026-02-03,P062 (1993F 戌時),65,71,76
2026-02-04,P062 (1993F 戌時),57,63,68
2026-02-05,P062 (1993F 戌時),52,58,63
2026-02-06,P062 (1993F 戌時),60,66,71
2026-02-07,P062 (1993F 戌時),55,61,66
2026-02-08,P062 (1993F 戌時),49,55,60
2026-02-09,P062 (1993F 戌時),64,70,75
2026-02-10,P062 (1993F 戌時),49,55,60
2026-02-11,P062 (1993F 戌時),54,60,65
2026-02-12,P062 (1993F 戌時),56,62,67
2026-02-13,P062 (1993F 戌時),62,68,73
2026-02-14,P062 (1993F 戌時),57,63,68
2026-02-15,P062 (1993F 戌時),66,72,77
2026-02-16,P062 (1993F 戌時),61,67,72
2026-02-17,P062 (1993F 戌時),50,56,61
2026-02-18,P062 (1993F 戌時),49,55,60
2026-02-19,P062 (1993F 戌時),65,71,76
2026-02-20,P062 (1993F 戌時),51,57,62
2026-02-21,P062 (1993F 戌時),61,67,72
2026-02-22,P062 (1993F 戌時),53,59,64
2026-02-23,P062 (1993F 戌時),54,60,65
2026-02-24,P062 (1993F 戌時),55,61,66
2026-02-25,P062 (1993F 戌時),67,73,78
2026-02-26,P062 (1993F 戌時),63,69,74
2026-02-27,P062 (1993F 戌時),68,74,79
2026-02-28,P062 (1993F 戌時),57,63,68
2026-03-01,P062 (1993F 戌時),58,64,69
2026-03-02,P062 (1993F 戌時),55,61,66
2026-03-03,P062 (1993F 戌時),62,68,73
2026-03-04,P062 (1993F 戌時),53,59,64
2026-03-05,P062 (1993F 戌時),57,63,68
2026-03-06,P062 (1993F 戌時),51,57,62
2026-03-07,P062 (1993F 戌時),54,60,65
2026-03-08,P062 (1993F 戌時),50,56,61
2026-03-09,P062 (1993F 戌時),64,70,75
2026-03-10,P062 (1993F 戌時),52,58,63
2026-03-11,P062 (1993F 戌時),69,75,80
2026-03-12,P062 (1993F 戌時),57,63,68
2026-03-13,P062 (1993F 戌時),53,59,64
2026-03-14,P062 (1993F 戌時),54,60,65
2026-03-15,P062 (1993F 戌時),57,63,68
2026-03-16,P062 (1993F 戌時),51,57,62
2026-03-17,P062 (1993F 戌時),57,63,68
2026-03-18,P062 (1993F 戌時),50,56,61
2026-03-19,P062 (1993F 戌時),54,60,65
2026-03-20,P062 (1993F 戌時),50,56,61
2026-03-21,P062 (1993F 戌時),64,70,75
2026-03-22,P062 (1993F 戌時),52,58,63
2026-03-23,P062 (1993F 戌時),63,69,74
2026-03-24,P062 (1993F 戌時),54,60,65
2026-03-25,P062 (1993F 戌時),49,55,60
2026-03-26,P062 (1993F 戌時),52,58,63
2026-03-27,P062 (1993F 戌時),59,65,70
2026-03-28,P062 (1993F 戌時),54,60,65
2026-03-29,P062 (1993F 戌時),56,62,67
2026-03-30,P062 (1993F 戌時),52,58,63
2026-03-31,P062 (1993F 戌時),58,64,69
2026-04-01,P062 (1993F 戌時),52,58,63
2026-04-02,P062 (1993F 戌時),65,71,76
2026-04-03,P062 (1993F 戌時),54,60,65
2026-04-04,P062 (1993F 戌時),62,68,73
2026-04-05,P062 (1993F 戌時),59,65,70
2026-04-06,P062 (1993F 戌時),56,62,67
2026-04-07,P062 (1993F 戌時),59,65,70
2026-04-08,P062 (1993F 戌時),62,68,73
2026-04-09,P062 (1993F 戌時),51,57,62
2026-04-10,P062 (1993F 戌時),60,66,71
2026-04-11,P062 (1993F 戌時),53,59,64
2026-04-12,P062 (1993F 戌時),58,64,69
2026-04-13,P062 (1993F 戌時),55,61,66
2026-04-14,P062 (1993F 戌時),63,69,74
2026-04-15,P062 (1993F 戌時),60,66,71
2026-04-16,P062 (1993F 戌時),69,75,80
2026-04-17,P062 (1993F 戌時),60,66,71
2026-04-18,P062 (1993F 戌時),56,62,67
2026-04-19,P062 (1993F 戌時),54,60,65
2026-04-20,P062 (1993F 戌時),62,68,73
2026-04-21,P062 (1993F 戌時),49,55,60
2026-04-22,P062 (1993F 戌時),55,61,66
2026-04-23,P062 (1993F 戌時),51,57,62
2026-04-24,P062 (1993F 戌時),54,60,65
2026-04-25,P062 (1993F 戌時),57,63,68
2026-04-26,P062 (1993F 戌時),67,73,78
2026-04-27,P062 (1993F 戌時),59,65,70
2026-04-28,P062 (1993F 戌時),68,74,79
2026-04-29,P062 (1993F 戌時),56,62,67
2026-04-30,P062 (1993F 戌時),53,59,64
2026-05-01,P062 (1993F 戌時),54,60,65
2026-05-02,P062 (1993F 戌時),61,67,72
2026-05-03,P062 (1993F 戌時),52,58,63
2026-05-04,P062 (1993F 戌時),56,62,67
2026-05-05,P062 (1993F 戌時),53,59,64
2026-05-06,P062 (1993F 戌時),51,57,62
2026-05-07,P062 (1993F 戌時),58,64,69
2026-05-08,P062 (1993F 戌時),64,70,75
2026-05-09,P062 (1993F 戌時),53,59,64
2026-05-10,P062 (1993F 戌時),73,79,84
2026-05-11,P062 (1993F 戌時),55,61,66
2026-05-12,P062 (1993F 戌時),50,56,61
2026-05-13,P062 (1993F 戌時),55,61,66
2026-05-14,P062 (1993F 戌時),59,65,70
2026-05-15,P062 (1993F 戌時),49,55,60
2026-05-16,P062 (1993F 戌時),56,62,67
2026-05-17,P062 (1993F 戌時),50,56,61
2026-05-18,P062 (1993F 戌時),51,57,62
2026-05-19,P062 (1993F 戌時),52,58,63
2026-05-20,P062 (1993F 戌時),70,76,81
2026-05-21,P062 (1993F 戌時),57,63,68
2026-05-22,P062 (1993F 戌時),70,76,81
2026-05-23,P062 (1993F 戌時),57,63,68
2026-05-24,P062 (1993F 戌時),48,54,59
2026-05-25,P062 (1993F 戌時),56,62,67
2026-05-26,P062 (1993F 戌時),62,68,73
2026-05-27,P062 (1993F 戌時),53,59,64
2026-05-28,P062 (1993F 戌時),58,64,69
2026-05-29,P062 (1993F 戌時),47,53,58
2026-05-30,P062 (1993F 戌時),53,59,64
2026-05-31,P062 (1993F 戌時),54,60,65
2025-12-03,P063 (1996M 丑時),57,63,68
2025-12-04,P063 (1996M 丑時),55,61,66
2025-12-05,P063 (1996M 丑時),65,71,76
2025-12-06,P063 (1996M 丑時),69,75,80
2025-12-07,P063 (1996M 丑時),58,64,69
2025-12-08,P063 (1996M 丑時),59,65,70
2025-12-09,P063 (1996M 丑時),49,55,60
2025-12-10,P063 (1996M 丑時),52,58,63
2025-12-11,P063 (1996M 丑時),57,63,68
2025-12-12,P063 (1996M 丑時),56,62,67
2025-12-13,P063 (1996M 丑時),59,65,70
2025-12-14,P063 (1996M 丑時),65,71,76
2025-12-15,P063 (1996M 丑時),48,54,59
2025-12-16,P063 (1996M 丑時),47,53,58
2025-12-17,P063 (1996M 丑時),59,65,70
2025-12-18,P063 (1996M 丑時),60,66,71
2025-12-19,P063 (1996M 丑時),56,62,67
2025-12-20,P063 (1996M 丑時),56,62,67
2025-12-21,P063 (1996M 丑時),47,53,58
2025-12-22,P063 (1996M 丑時),57,63,68
2025-12-23,P063 (1996M 丑時),65,71,76
2025-12-24,P063 (1996M 丑時),55,61,66
2025-12-25,P063 (1996M 丑時),51,57,62
2025-12-26,P063 (1996M 丑時),52,58,63
2025-12-27,P063 (1996M 丑時),47,53,58
2025-12-28,P063 (1996M 丑時),47,53,58
2025-12-29,P063 (1996M 丑時),52,58,63
2025-12-30,P063 (1996M 丑時),55,61,66
2025-12-31,P063 (1996M 丑時),53,59,64
2026-01-01,P063 (1996M 丑時),61,67,72
2026-01-02,P063 (1996M 丑時),48,54,59
2026-01-03,P063 (1996M 丑時),56,62,67
2026-01-04,P063 (1996M 丑時),57,63,68
2026-01-05,P063 (1996M 丑時),51,57,62
2026-01-06,P063 (1996M 丑時),54,60,65
2026-01-07,P063 (1996M 丑時),57,63,68
2026-01-08,P063 (1996M 丑時),47,53,58
2026-01-09,P063 (1996M 丑時),47,53,58
2026-01-10,P063 (1996M 丑時),62,68,73
2026-01-11,P063 (1996M 丑時),69,75,80
2026-01-12,P063 (1996M 丑時),66,72,77
2026-01-13,P063 (1996M 丑時),70,76,81
2026-01-14,P063 (1996M 丑時),51,57,62
2026-01-15,P063 (1996M 丑時),61,67,72
2026-01-16,P063 (1996M 丑時),68,74,79
2026-01-17,P063 (1996M 丑時),55,61,66
2026-01-18,P063 (1996M 丑時),60,66,71
2026-01-19,P063 (1996M 丑時),67,73,78
2026-01-20,P063 (1996M 丑時),52,58,63
2026-01-21,P063 (1996M 丑時),52,58,63
2026-01-22,P063 (1996M 丑時),68,74,79
2026-01-23,P063 (1996M 丑時),74,80,85
2026-01-24,P063 (1996M 丑時),64,70,75
2026-01-25,P063 (1996M 丑時),70,76,81
2026-01-26,P063 (1996M 丑時),55,61,66
2026-01-27,P063 (1996M 丑時),64,70,75
2026-01-28,P063 (1996M 丑時),69,75,80
2026-01-29,P063 (1996M 丑時),59,65,70
2026-01-30,P063 (1996M 丑時),58,64,69
2026-01-31,P063 (1996M 丑時),71,77,82
2026-02-01,P063 (1996M 丑時),52,58,63
2026-02-02,P063 (1996M 丑時),51,57,62
2026-02-03,P063 (1996M 丑時),62,68,73
2026-02-04,P063 (1996M 丑時),70,76,81
2026-02-05,P063 (1996M 丑時),68,74,79
2026-02-06,P063 (1996M 丑時),69,75,80
2026-02-07,P063 (1996M 丑時),56,62,67
2026-02-08,P063 (1996M 丑時),61,67,72
2026-02-09,P063 (1996M 丑時),71,77,82
2026-02-10,P063 (1996M 丑時),63,69,74
2026-02-11,P063 (1996M 丑時),60,66,71
2026-02-12,P063 (1996M 丑時),70,76,81
2026-02-13,P063 (1996M 丑時),49,55,60
2026-02-14,P063 (1996M 丑時),46,52,57
2026-02-15,P063 (1996M 丑時),65,71,76
2026-02-16,P063 (1996M 丑時),68,74,79
2026-02-17,P063 (1996M 丑時),62,68,73
2026-02-18,P063 (1996M 丑時),60,66,71
2026-02-19,P063 (1996M 丑時),49,55,60
2026-02-20,P063 (1996M 丑時),61,67,72
2026-02-21,P063 (1996M 丑時),68,74,79
2026-02-22,P063 (1996M 丑時),59,65,70
2026-02-23,P063 (1996M 丑時),59,65,70
2026-02-24,P063 (1996M 丑時),62,68,73
2026-02-25,P063 (1996M 丑時),53,59,64
2026-02-26,P063 (1996M 丑時),48,54,59
2026-02-27,P063 (1996M 丑時),58,64,69
2026-02-28,P063 (1996M 丑時),61,67,72
2026-03-01,P063 (1996M 丑時),62,68,73
2026-03-02,P063 (1996M 丑時),69,75,80
2026-03-03,P063 (1996M 丑時),51,57,62
2026-03-04,P063 (1996M 丑時),64,70,75
2026-03-05,P063 (1996M 丑時),64,70,75
2026-03-06,P063 (1996M 丑時),53,59,64
2026-03-07,P063 (1996M 丑時),53,59,64
2026-03-08,P063 (1996M 丑時),58,64,69
2026-03-09,P063 (1996M 丑時),47,53,58
2026-03-10,P063 (1996M 丑時),46,52,57
2026-03-11,P063 (1996M 丑時),54,60,65
2026-03-12,P063 (1996M 丑時),63,69,74
2026-03-13,P063 (1996M 丑時),58,64,69
2026-03-14,P063 (1996M 丑時),63,69,74
2026-03-15,P063 (1996M 丑時),46,52,57
2026-03-16,P063 (1996M 丑時),59,65,70
2026-03-17,P063 (1996M 丑時),61,67,72
2026-03-18,P063 (1996M 丑時),52,58,63
2026-03-19,P063 (1996M 丑時),55,61,66
2026-03-20,P063 (1996M 丑時),59,65,70
2026-03-21,P063 (1996M 丑時),48,54,59
2026-03-22,P063 (1996M 丑時),49,55,60
2026-03-23,P063 (1996M 丑時),67,73,78
2026-03-24,P063 (1996M 丑時),72,78,83
2026-03-25,P063 (1996M 丑時),60,66,71
2026-03-26,P063 (1996M 丑時),62,68,73
2026-03-27,P063 (1996M 丑時),47,53,58
2026-03-28,P063 (1996M 丑時),56,62,67
2026-03-29,P063 (1996M 丑時),57,63,68
2026-03-30,P063 (1996M 丑時),49,55,60
2026-03-31,P063 (1996M 丑時),49,55,60
2026-04-01,P063 (1996M 丑時),63,69,74
2026-04-02,P063 (1996M 丑時),49,55,60
2026-04-03,P063 (1996M 丑時),49,55,60
2026-04-04,P063 (1996M 丑時),57,63,68
2026-04-05,P063 (1996M 丑時),54,60,65
2026-04-06,P063 (1996M 丑時),62,68,73
2026-04-07,P063 (1996M 丑時),59,65,70
2026-04-08,P063 (1996M 丑時),53,59,64
2026-04-09,P063 (1996M 丑時),55,61,66
2026-04-10,P063 (1996M 丑時),63,69,74
2026-04-11,P063 (1996M 丑時),59,65,70
2026-04-12,P063 (1996M 丑時),61,67,72
2026-04-13,P063 (1996M 丑時),61,67,72
2026-04-14,P063 (1996M 丑時),49,55,60
2026-04-15,P063 (1996M 丑時),47,53,58
2026-04-16,P063 (1996M 丑時),59,65,70
2026-04-17,P063 (1996M 丑時),61,67,72
2026-04-18,P063 (1996M 丑時),58,64,69
2026-04-19,P063 (1996M 丑時),58,64,69
2026-04-20,P063 (1996M 丑時),50,56,61
2026-04-21,P063 (1996M 丑時),54,60,65
2026-04-22,P063 (1996M 丑時),59,65,70
2026-04-23,P063 (1996M 丑時),55,61,66
2026-04-24,P063 (1996M 丑時),54,60,65
2026-04-25,P063 (1996M 丑時),54,60,65
2026-04-26,P063 (1996M 丑時),51,57,62
2026-04-27,P063 (1996M 丑時),49,55,60
2026-04-28,P063 (1996M 丑時),61,67,72
2026-04-29,P063 (1996M 丑時),63,69,74
2026-04-30,P063 (1996M 丑時),60,66,71
2026-05-01,P063 (1996M 丑時),60,66,71
2026-05-02,P063 (1996M 丑時),50,56,61
2026-05-03,P063 (1996M 丑時),59,65,70
2026-05-04,P063 (1996M 丑時),61,67,72
2026-05-05,P063 (1996M 丑時),54,60,65
2026-05-06,P063 (1996M 丑時),55,61,66
2026-05-07,P063 (1996M 丑時),57,63,68
2026-05-08,P063 (1996M 丑時),48,54,59
2026-05-09,P063 (1996M 丑時),48,54,59
2026-05-10,P063 (1996M 丑時),59,65,70
2026-05-11,P063 (1996M 丑時),67,73,78
2026-05-12,P063 (1996M 丑時),60,66,71
2026-05-13,P063 (1996M 丑時),66,72,77
2026-05-14,P063 (1996M 丑時),46,52,57
2026-05-15,P063 (1996M 丑時),57,63,68
2026-05-16,P063 (1996M 丑時),64,70,75
2026-05-17,P063 (1996M 丑時),51,57,62
2026-05-18,P063 (1996M 丑時),53,59,64
2026-05-19,P063 (1996M 丑時),60,66,71
2026-05-20,P063 (1996M 丑時),49,55,60
2026-05-21,P063 (1996M 丑時),50,56,61
2026-05-22,P063 (1996M 丑時),66,72,77
2026-05-23,P063 (1996M 丑時),69,75,80
2026-05-24,P063 (1996M 丑時),58,64,69
2026-05-25,P063 (1996M 丑時),61,67,72
2026-05-26,P063 (1996M 丑時),49,55,60
2026-05-27,P063 (1996M 丑時),59,65,70
2026-05-28,P063 (1996M 丑時),61,67,72
2026-05-29,P063 (1996M 丑時),54,60,65
2026-05-30,P063 (1996M 丑時),54,60,65
2026-05-31,P063 (1996M 丑時),65,71,76
2025-12-03,P064 (1999F 未時),69,75,80
2025-12-04,P064 (1999F 未時),74,80,85
2025-12-05,P064 (1999F 未時),62,68,73
2025-12-06,P064 (1999F 未時),59,65,70
2025-12-07,P064 (1999F 未時),54,60,65
2025-12-08,P064 (1999F 未時),56,62,67
2025-12-09,P064 (1999F 未時),48,54,59
2025-12-10,P064 (1999F 未時),48,54,59
2025-12-11,P064 (1999F 未時),50,56,61
2025-12-12,P064 (1999F 未時),51,57,62
2025-12-13,P064 (1999F 未時),57,63,68
2025-12-14,P064 (1999F 未時),55,61,66
2025-12-15,P064 (1999F 未時),52,58,63
2025-12-16,P064 (1999F 未時),60,66,71
2025-12-17,P064 (1999F 未時),52,58,63
2025-12-18,P064 (1999F 未時),50,56,61
2025-12-19,P064 (1999F 未時),56,62,67
2025-12-20,P064 (1999F 未時),51,57,62
2025-12-21,P064 (1999F 未時),55,61,66
2025-12-22,P064 (1999F 未時),51,57,62
2025-12-23,P064 (1999F 未時),50,56,61
2025-12-24,P064 (1999F 未時),50,56,61
2025-12-25,P064 (1999F 未時),54,60,65
2025-12-26,P064 (1999F 未時),55,61,66
2025-12-27,P064 (1999F 未時),56,62,67
2025-12-28,P064 (1999F 未時),66,72,77
2025-12-29,P064 (1999F 未時),49,55,60
2025-12-30,P064 (1999F 未時),46,52,57
2025-12-31,P064 (1999F 未時),62,68,73
2026-01-01,P064 (1999F 未時),49,55,60
2026-01-02,P064 (1999F 未時),48,54,59
2026-01-03,P064 (1999F 未時),49,55,60
2026-01-04,P064 (1999F 未時),52,58,63
2026-01-05,P064 (1999F 未時),53,59,64
2026-01-06,P064 (1999F 未時),60,66,71
2026-01-07,P064 (1999F 未時),60,66,71
2026-01-08,P064 (1999F 未時),59,65,70
2026-01-09,P064 (1999F 未時),64,70,75
2026-01-10,P064 (1999F 未時),58,64,69
2026-01-11,P064 (1999F 未時),54,60,65
2026-01-12,P064 (1999F 未時),63,69,74
2026-01-13,P064 (1999F 未時),56,62,67
2026-01-14,P064 (1999F 未時),53,59,64
2026-01-15,P064 (1999F 未時),55,61,66
2026-01-16,P064 (1999F 未時),53,59,64
2026-01-17,P064 (1999F 未時),55,61,66
2026-01-18,P064 (1999F 未時),58,64,69
2026-01-19,P064 (1999F 未時),55,61,66
2026-01-20,P064 (1999F 未時),66,72,77
2026-01-21,P064 (1999F 未時),67,73,78
2026-01-22,P064 (1999F 未時),59,65,70
2026-01-23,P064 (1999F 未時),55,61,66
2026-01-24,P064 (1999F 未時),59,65,70
2026-01-25,P064 (1999F 未時),59,65,70
2026-01-26,P064 (1999F 未時),54,60,65
2026-01-27,P064 (1999F 未時),54,60,65
2026-01-28,P064 (1999F 未時),52,58,63
2026-01-29,P064 (1999F 未時),51,57,62
2026-01-30,P064 (1999F 未時),58,64,69
2026-01-31,P064 (1999F 未時),55,61,66
2026-02-01,P064 (1999F 未時),60,66,71
2026-02-02,P064 (1999F 未時),63,69,74
2026-02-03,P064 (1999F 未時),53,59,64
2026-02-04,P064 (1999F 未時),47,53,58
2026-02-05,P064 (1999F 未時),54,60,65
2026-02-06,P064 (1999F 未時),51,57,62
2026-02-07,P064 (1999F 未時),47,53,58
2026-02-08,P064 (1999F 未時),46,52,57
2026-02-09,P064 (1999F 未時),49,55,60
2026-02-10,P064 (1999F 未時),50,56,61
2026-02-11,P064 (1999F 未時),53,59,64
2026-02-12,P064 (1999F 未時),48,54,59
2026-02-13,P064 (1999F 未時),50,56,61
2026-02-14,P064 (1999F 未時),56,62,67
2026-02-15,P064 (1999F 未時),50,56,61
2026-02-16,P064 (1999F 未時),48,54,59
2026-02-17,P064 (1999F 未時),49,55,60
2026-02-18,P064 (1999F 未時),47,53,58
2026-02-19,P064 (1999F 未時),48,54,59
2026-02-20,P064 (1999F 未時),48,54,59
2026-02-21,P064 (1999F 未時),49,55,60
2026-02-22,P064 (1999F 未時),48,54,59
2026-02-23,P064 (1999F 未時),51,57,62
2026-02-24,P064 (1999F 未時),50,56,61
2026-02-25,P064 (1999F 未時),50,56,61
2026-02-26,P064 (1999F 未時),54,60,65
2026-02-27,P064 (1999F 未時),48,54,59
2026-02-28,P064 (1999F 未時),48,54,59
2026-03-01,P064 (1999F 未時),54,60,65
2026-03-02,P064 (1999F 未時),49,55,60
2026-03-03,P064 (1999F 未時),49,55,60
2026-03-04,P064 (1999F 未時),49,55,60
2026-03-05,P064 (1999F 未時),50,56,61
2026-03-06,P064 (1999F 未時),56,62,67
2026-03-07,P064 (1999F 未時),54,60,65
2026-03-08,P064 (1999F 未時),55,61,66
2026-03-09,P064 (1999F 未時),59,65,70
2026-03-10,P064 (1999F 未時),64,70,75
2026-03-11,P064 (1999F 未時),59,65,70
2026-03-12,P064 (1999F 未時),52,58,63
2026-03-13,P064 (1999F 未時),62,68,73
2026-03-14,P064 (1999F 未時),56,62,67
2026-03-15,P064 (1999F 未時),52,58,63
2026-03-16,P064 (1999F 未時),54,60,65
2026-03-17,P064 (1999F 未時),52,58,63
2026-03-18,P064 (1999F 未時),54,60,65
2026-03-19,P064 (1999F 未時),57,63,68
2026-03-20,P064 (1999F 未時),54,60,65
2026-03-21,P064 (1999F 未時),64,70,75
2026-03-22,P064 (1999F 未時),66,72,77
2026-03-23,P064 (1999F 未時),58,64,69
2026-03-24,P064 (1999F 未時),53,59,64
2026-03-25,P064 (1999F 未時),57,63,68
2026-03-26,P064 (1999F 未時),54,60,65
2026-03-27,P064 (1999F 未時),51,57,62
2026-03-28,P064 (1999F 未時),55,61,66
2026-03-29,P064 (1999F 未時),52,58,63
2026-03-30,P064 (1999F 未時),52,58,63
2026-03-31,P064 (1999F 未時),62,68,73
2026-04-01,P064 (1999F 未時),60,66,71
2026-04-02,P064 (1999F 未時),65,71,76
2026-04-03,P064 (1999F 未時),66,72,77
2026-04-04,P064 (1999F 未時),53,59,64
2026-04-05,P064 (1999F 未時),59,65,70
2026-04-06,P064 (1999F 未時),71,77,82
2026-04-07,P064 (1999F 未時),72,78,83
2026-04-08,P064 (1999F 未時),60,66,71
2026-04-09,P064 (1999F 未時),57,63,68
2026-04-10,P064 (1999F 未時),63,69,74
2026-04-11,P064 (1999F 未時),62,68,73
2026-04-12,P064 (1999F 未時),73,79,84
2026-04-13,P064 (1999F 未時),69,75,80
2026-04-14,P064 (1999F 未時),65,71,76
2026-04-15,P064 (1999F 未時),77,83,88
2026-04-16,P064 (1999F 未時),67,73,78
2026-04-17,P064 (1999F 未時),62,68,73
2026-04-18,P064 (1999F 未時),70,76,81
2026-04-19,P064 (1999F 未時),66,72,77
2026-04-20,P064 (1999F 未時),71,77,82
2026-04-21,P064 (1999F 未時),61,67,72
2026-04-22,P064 (1999F 未時),60,66,71
2026-04-23,P064 (1999F 未時),62,68,73
2026-04-24,P064 (1999F 未時),72,78,83
2026-04-25,P064 (1999F 未時),71,77,82
2026-04-26,P064 (1999F 未時),67,73,78
2026-04-27,P064 (1999F 未時),82,88,93
2026-04-28,P064 (1999F 未時),66,72,77
2026-04-29,P064 (1999F 未時),57,63,68
2026-04-30,P064 (1999F 未時),77,83,88
2026-05-01,P064 (1999F 未時),67,73,78
2026-05-02,P064 (1999F 未時),63,69,74
2026-05-03,P064 (1999F 未時),59,65,70
2026-05-04,P064 (1999F 未時),55,61,66
2026-05-05,P064 (1999F 未時),62,68,73
2026-05-06,P064 (1999F 未時),70,76,81
2026-05-07,P064 (1999F 未時),71,77,82
2026-05-08,P064 (1999F 未時),65,71,76
2026-05-09,P064 (1999F 未時),74,80,85
2026-05-10,P064 (1999F 未時),72,78,83
2026-05-11,P064 (1999F 未時),59,65,70
2026-05-12,P064 (1999F 未時),73,79,84
2026-05-13,P064 (1999F 未時),67,73,78
2026-05-14,P064 (1999F 未時),63,69,74
2026-05-15,P064 (1999F 未時),61,67,72
2026-05-16,P064 (1999F 未時),56,62,67
2026-05-17,P064 (1999F 未時),64,70,75
2026-05-18,P064 (1999F 未時),67,73,78
2026-05-19,P064 (1999F 未時),63,69,74
2026-05-20,P064 (1999F 未時),74,80,85
2026-05-21,P064 (1999F 未時),77,83,88
2026-05-22,P064 (1999F 未時),69,75,80
2026-05-23,P064 (1999F 未時),61,67,72
2026-05-24,P064 (1999F 未時),72,78,83
2026-05-25,P064 (1999F 未時),69,75,80
2026-05-26,P064 (1999F 未時),61,67,72
2026-05-27,P064 (1999F 未時),63,69,74
2026-05-28,P064 (1999F 未時),52,58,63
2026-05-29,P064 (1999F 未時),52,58,63
2026-05-30,P064 (1999F 未時),77,83,88
2026-05-31,P064 (1999F 未時),68,74,79
2025-12-03,P065 (2002M 亥時),70,76,81
2025-12-04,P065 (2002M 亥時),73,79,84
2025-12-05,P065 (2002M 亥時),59,65,70
2025-12-06,P065 (2002M 亥時),67,73,78
2025-12-07,P065 (2002M 亥時),52,58,63
2025-12-08,P065 (2002M 亥時),63,69,74
2025-12-09,P065 (2002M 亥時),52,58,63
2025-12-10,P065 (2002M 亥時),49,55,60
2025-12-11,P065 (2002M 亥時),53,59,64
2025-12-12,P065 (2002M 亥時),51,57,62
2025-12-13,P065 (2002M 亥時),51,57,62
2025-12-14,P065 (2002M 亥時),53,59,64
2025-12-15,P065 (2002M 亥時),61,67,72
2025-12-16,P065 (2002M 亥時),63,69,74
2025-12-17,P065 (2002M 亥時),52,58,63
2025-12-18,P065 (2002M 亥時),55,61,66
2025-12-19,P065 (2002M 亥時),54,60,65
2025-12-20,P065 (2002M 亥時),69,75,80
2025-12-21,P065 (2002M 亥時),51,57,62
2025-12-22,P065 (2002M 亥時),51,57,62
2025-12-23,P065 (2002M 亥時),60,66,71
2025-12-24,P065 (2002M 亥時),54,60,65
2025-12-25,P065 (2002M 亥時),51,57,62
2025-12-26,P065 (2002M 亥時),51,57,62
2025-12-27,P065 (2002M 亥時),62,68,73
2025-12-28,P065 (2002M 亥時),62,68,73
2025-12-29,P065 (2002M 亥時),54,60,65
2025-12-30,P065 (2002M 亥時),56,62,67
2025-12-31,P065 (2002M 亥時),52,58,63
2026-01-01,P065 (2002M 亥時),67,73,78
2026-01-02,P065 (2002M 亥時),56,62,67
2026-01-03,P065 (2002M 亥時),53,59,64
2026-01-04,P065 (2002M 亥時),61,67,72
2026-01-05,P065 (2002M 亥時),54,60,65
2026-01-06,P065 (2002M 亥時),48,54,59
2026-01-07,P065 (2002M 亥時),49,55,60
2026-01-08,P065 (2002M 亥時),56,62,67
2026-01-09,P065 (2002M 亥時),63,69,74
2026-01-10,P065 (2002M 亥時),49,55,60
2026-01-11,P065 (2002M 亥時),54,60,65
2026-01-12,P065 (2002M 亥時),51,57,62
2026-01-13,P065 (2002M 亥時),64,70,75
2026-01-14,P065 (2002M 亥時),48,54,59
2026-01-15,P065 (2002M 亥時),49,55,60
2026-01-16,P065 (2002M 亥時),53,59,64
2026-01-17,P065 (2002M 亥時),52,58,63
2026-01-18,P065 (2002M 亥時),48,54,59
2026-01-19,P065 (2002M 亥時),48,54,59
2026-01-20,P065 (2002M 亥時),53,59,64
2026-01-21,P065 (2002M 亥時),60,66,71
2026-01-22,P065 (2002M 亥時),48,54,59
2026-01-23,P065 (2002M 亥時),53,59,64
2026-01-24,P065 (2002M 亥時),50,56,61
2026-01-25,P065 (2002M 亥時),70,76,81
2026-01-26,P065 (2002M 亥時),51,57,62
2026-01-27,P065 (2002M 亥時),50,56,61
2026-01-28,P065 (2002M 亥時),55,61,66
2026-01-29,P065 (2002M 亥時),56,62,67
2026-01-30,P065 (2002M 亥時),50,56,61
2026-01-31,P065 (2002M 亥時),50,56,61
2026-02-01,P065 (2002M 亥時),58,64,69
2026-02-02,P065 (2002M 亥時),64,70,75
2026-02-03,P065 (2002M 亥時),50,56,61
2026-02-04,P065 (2002M 亥時),55,61,66
2026-02-05,P065 (2002M 亥時),52,58,63
2026-02-06,P065 (2002M 亥時),64,70,75
2026-02-07,P065 (2002M 亥時),51,57,62
2026-02-08,P065 (2002M 亥時),51,57,62
2026-02-09,P065 (2002M 亥時),55,61,66
2026-02-10,P065 (2002M 亥時),52,58,63
2026-02-11,P065 (2002M 亥時),50,56,61
2026-02-12,P065 (2002M 亥時),53,59,64
2026-02-13,P065 (2002M 亥時),60,66,71
2026-02-14,P065 (2002M 亥時),64,70,75
2026-02-15,P065 (2002M 亥時),52,58,63
2026-02-16,P065 (2002M 亥時),52,58,63
2026-02-17,P065 (2002M 亥時),53,59,64
2026-02-18,P065 (2002M 亥時),64,70,75
2026-02-19,P065 (2002M 亥時),48,54,59
2026-02-20,P065 (2002M 亥時),48,54,59
2026-02-21,P065 (2002M 亥時),57,63,68
2026-02-22,P065 (2002M 亥時),52,58,63
2026-02-23,P065 (2002M 亥時),49,55,60
2026-02-24,P065 (2002M 亥時),49,55,60
2026-02-25,P065 (2002M 亥時),57,63,68
2026-02-26,P065 (2002M 亥時),60,66,71
2026-02-27,P065 (2002M 亥時),49,55,60
2026-02-28,P065 (2002M 亥時),52,58,63
2026-03-01,P065 (2002M 亥時),48,54,59
2026-03-02,P065 (2002M 亥時),64,70,75
2026-03-03,P065 (2002M 亥時),52,58,63
2026-03-04,P065 (2002M 亥時),49,55,60
2026-03-05,P065 (2002M 亥時),55,61,66
2026-03-06,P065 (2002M 亥時),60,66,71
2026-03-07,P065 (2002M 亥時),53,59,64
2026-03-08,P065 (2002M 亥時),49,55,60
2026-03-09,P065 (2002M 亥時),63,69,74
2026-03-10,P065 (2002M 亥時),73,79,84
2026-03-11,P065 (2002M 亥時),49,55,60
2026-03-12,P065 (2002M 亥時),61,67,72
2026-03-13,P065 (2002M 亥時),60,66,71
2026-03-14,P065 (2002M 亥時),75,81,86
2026-03-15,P065 (2002M 亥時),52,58,63
2026-03-16,P065 (2002M 亥時),56,62,67
2026-03-17,P065 (2002M 亥時),56,62,67
2026-03-18,P065 (2002M 亥時),58,64,69
2026-03-19,P065 (2002M 亥時),54,60,65
2026-03-20,P065 (2002M 亥時),51,57,62
2026-03-21,P065 (2002M 亥時),62,68,73
2026-03-22,P065 (2002M 亥時),67,73,78
2026-03-23,P065 (2002M 亥時),53,59,64
2026-03-24,P065 (2002M 亥時),62,68,73
2026-03-25,P065 (2002M 亥時),53,59,64
2026-03-26,P065 (2002M 亥時),74,80,85
2026-03-27,P065 (2002M 亥時),50,56,61
2026-03-28,P065 (2002M 亥時),55,61,66
2026-03-29,P065 (2002M 亥時),55,61,66
2026-03-30,P065 (2002M 亥時),61,67,72
2026-03-31,P065 (2002M 亥時),49,55,60
2026-04-01,P065 (2002M 亥時),48,54,59
2026-04-02,P065 (2002M 亥時),63,69,74
2026-04-03,P065 (2002M 亥時),70,76,81
2026-04-04,P065 (2002M 亥時),50,56,61
2026-04-05,P065 (2002M 亥時),60,66,71
2026-04-06,P065 (2002M 亥時),55,61,66
2026-04-07,P065 (2002M 亥時),72,78,83
2026-04-08,P065 (2002M 亥時),50,56,61
2026-04-09,P065 (2002M 亥時),56,62,67
2026-04-10,P065 (2002M 亥時),51,57,62
2026-04-11,P065 (2002M 亥時),52,58,63
2026-04-12,P065 (2002M 亥時),52,58,63
2026-04-13,P065 (2002M 亥時),51,57,62
2026-04-14,P065 (2002M 亥時),59,65,70
2026-04-15,P065 (2002M 亥時),72,78,83
2026-04-16,P065 (2002M 亥時),52,58,63
2026-04-17,P065 (2002M 亥時),61,67,72
2026-04-18,P065 (2002M 亥時),57,63,68
2026-04-19,P065 (2002M 亥時),74,80,85
2026-04-20,P065 (2002M 亥時),49,55,60
2026-04-21,P065 (2002M 亥時),52,58,63
2026-04-22,P065 (2002M 亥時),55,61,66
2026-04-23,P065 (2002M 亥時),54,60,65
2026-04-24,P065 (2002M 亥時),50,56,61
2026-04-25,P065 (2002M 亥時),50,56,61
2026-04-26,P065 (2002M 亥時),64,70,75
2026-04-27,P065 (2002M 亥時),70,76,81
2026-04-28,P065 (2002M 亥時),51,57,62
2026-04-29,P065 (2002M 亥時),64,70,75
2026-04-30,P065 (2002M 亥時),53,59,64
2026-05-01,P065 (2002M 亥時),69,75,80
2026-05-02,P065 (2002M 亥時),52,58,63
2026-05-03,P065 (2002M 亥時),53,59,64
2026-05-04,P065 (2002M 亥時),54,60,65
2026-05-05,P065 (2002M 亥時),57,63,68
2026-05-06,P065 (2002M 亥時),49,55,60
2026-05-07,P065 (2002M 亥時),50,56,61
2026-05-08,P065 (2002M 亥時),56,62,67
2026-05-09,P065 (2002M 亥時),60,66,71
2026-05-10,P065 (2002M 亥時),49,55,60
2026-05-11,P065 (2002M 亥時),51,57,62
2026-05-12,P065 (2002M 亥時),51,57,62
2026-05-13,P065 (2002M 亥時),67,73,78
2026-05-14,P065 (2002M 亥時),51,57,62
2026-05-15,P065 (2002M 亥時),47,53,58
2026-05-16,P065 (2002M 亥時),55,61,66
2026-05-17,P065 (2002M 亥時),50,56,61
2026-05-18,P065 (2002M 亥時),49,55,60
2026-05-19,P065 (2002M 亥時),49,55,60
2026-05-20,P065 (2002M 亥時),53,59,64
2026-05-21,P065 (2002M 亥時),63,69,74
2026-05-22,P065 (2002M 亥時),53,59,64
2026-05-23,P065 (2002M 亥時),54,60,65
2026-05-24,P065 (2002M 亥時),50,56,61
2026-05-25,P065 (2002M 亥時),63,69,74
2026-05-26,P065 (2002M 亥時),53,59,64
2026-05-27,P065 (2002M 亥時),49,55,60
2026-05-28,P065 (2002M 亥時),56,62,67
2026-05-29,P065 (2002M 亥時),51,57,62
2026-05-30,P065 (2002M 亥時),49,55,60
2026-05-31,P065 (2002M 亥時),51,57,62
2025-12-03,P066 (2005F 巳時),72,76,81
2025-12-04,P066 (2005F 巳時),70,74,79
2025-12-05,P066 (2005F 巳時),65,69,74
2025-12-06,P066 (2005F 巳時),66,70,75
2025-12-07,P066 (2005F 巳時),63,67,72
2025-12-08,P066 (2005F 巳時),51,55,60
2025-12-09,P066 (2005F 巳時),61,65,70
2025-12-10,P066 (2005F 巳時),57,61,66
2025-12-11,P066 (2005F 巳時),51,55,60
2025-12-12,P066 (2005F 巳時),56,60,65
2025-12-13,P066 (2005F 巳時),78,82,87
2025-12-14,P066 (2005F 巳時),72,76,81
2025-12-15,P066 (2005F 巳時),78,82,87
2025-12-16,P066 (2005F 巳時),65,69,74
2025-12-17,P066 (2005F 巳時),76,80,85
2025-12-18,P066 (2005F 巳時),71,75,80
2025-12-19,P066 (2005F 巳時),58,62,67
2025-12-20,P066 (2005F 巳時),55,59,64
2025-12-21,P066 (2005F 巳時),59,63,68
2025-12-22,P066 (2005F 巳時),58,62,67
2025-12-23,P066 (2005F 巳時),53,57,62
2025-12-24,P066 (2005F 巳時),54,58,63
2025-12-25,P066 (2005F 巳時),73,77,82
2025-12-26,P066 (2005F 巳時),63,67,72
2025-12-27,P066 (2005F 巳時),84,88,93
2025-12-28,P066 (2005F 巳時),68,72,77
2025-12-29,P066 (2005F 巳時),69,73,78
2025-12-30,P066 (2005F 巳時),79,83,88
2025-12-31,P066 (2005F 巳時),56,60,65
2026-01-01,P066 (2005F 巳時),55,59,64
2026-01-02,P066 (2005F 巳時),60,64,69
2026-01-03,P066 (2005F 巳時),49,53,58
2026-01-04,P066 (2005F 巳時),49,53,58
2026-01-05,P066 (2005F 巳時),48,52,57
2026-01-06,P066 (2005F 巳時),67,71,76
2026-01-07,P066 (2005F 巳時),62,66,71
2026-01-08,P066 (2005F 巳時),67,71,76
2026-01-09,P066 (2005F 巳時),66,70,75
2026-01-10,P066 (2005F 巳時),58,62,67
2026-01-11,P066 (2005F 巳時),67,71,76
2026-01-12,P066 (2005F 巳時),48,52,57
2026-01-13,P066 (2005F 巳時),46,50,55
2026-01-14,P066 (2005F 巳時),51,55,60
2026-01-15,P066 (2005F 巳時),47,51,56
2026-01-16,P066 (2005F 巳時),50,54,59
2026-01-17,P066 (2005F 巳時),48,52,57
2026-01-18,P066 (2005F 巳時),61,65,70
2026-01-19,P066 (2005F 巳時),60,64,69
2026-01-20,P066 (2005F 巳時),66,70,75
2026-01-21,P066 (2005F 巳時),67,71,76
2026-01-22,P066 (2005F 巳時),58,62,67
2026-01-23,P066 (2005F 巳時),64,68,73
2026-01-24,P066 (2005F 巳時),48,52,57
2026-01-25,P066 (2005F 巳時),48,52,57
2026-01-26,P066 (2005F 巳時),54,58,63
2026-01-27,P066 (2005F 巳時),54,58,63
2026-01-28,P066 (2005F 巳時),53,57,62
2026-01-29,P066 (2005F 巳時),54,58,63
2026-01-30,P066 (2005F 巳時),71,75,80
2026-01-31,P066 (2005F 巳時),70,74,79
2026-02-01,P066 (2005F 巳時),71,75,80
2026-02-02,P066 (2005F 巳時),69,73,78
2026-02-03,P066 (2005F 巳時),65,69,74
2026-02-04,P066 (2005F 巳時),59,63,68
2026-02-05,P066 (2005F 巳時),52,56,61
2026-02-06,P066 (2005F 巳時),45,49,54
2026-02-07,P066 (2005F 巳時),52,56,61
2026-02-08,P066 (2005F 巳時),48,52,57
2026-02-09,P066 (2005F 巳時),48,52,57
2026-02-10,P066 (2005F 巳時),50,54,59
2026-02-11,P066 (2005F 巳時),64,68,73
2026-02-12,P066 (2005F 巳時),62,66,71
2026-02-13,P066 (2005F 巳時),66,70,75
2026-02-14,P066 (2005F 巳時),56,60,65
2026-02-15,P066 (2005F 巳時),60,64,69
2026-02-16,P066 (2005F 巳時),61,65,70
2026-02-17,P066 (2005F 巳時),49,53,58
2026-02-18,P066 (2005F 巳時),47,51,56
2026-02-19,P066 (2005F 巳時),50,54,59
2026-02-20,P066 (2005F 巳時),49,53,58
2026-02-21,P066 (2005F 巳時),48,52,57
2026-02-22,P066 (2005F 巳時),48,52,57
2026-02-23,P066 (2005F 巳時),61,65,70
2026-02-24,P066 (2005F 巳時),56,60,65
2026-02-25,P066 (2005F 巳時),68,72,77
2026-02-26,P066 (2005F 巳時),58,62,67
2026-02-27,P066 (2005F 巳時),54,58,63
2026-02-28,P066 (2005F 巳時),63,67,72
2026-03-01,P066 (2005F 巳時),48,52,57
2026-03-02,P066 (2005F 巳時),48,52,57
2026-03-03,P066 (2005F 巳時),50,54,59
2026-03-04,P066 (2005F 巳時),49,53,58
2026-03-05,P066 (2005F 巳時),49,53,58
2026-03-06,P066 (2005F 巳時),51,55,60
2026-03-07,P066 (2005F 巳時),69,73,78
2026-03-08,P066 (2005F 巳時),67,71,76
2026-03-09,P066 (2005F 巳時),68,72,77
2026-03-10,P066 (2005F 巳時),66,70,75
2026-03-11,P066 (2005F 巳時),61,65,70
2026-03-12,P066 (2005F 巳時),70,74,79
2026-03-13,P066 (2005F 巳時),50,54,59
2026-03-14,P066 (2005F 巳時),49,53,58
2026-03-15,P066 (2005F 巳時),53,57,62
2026-03-16,P066 (2005F 巳時),53,57,62
2026-03-17,P066 (2005F 巳時),53,57,62
2026-03-18,P066 (2005F 巳時),54,58,63
2026-03-19,P066 (2005F 巳時),70,74,79
2026-03-20,P066 (2005F 巳時),67,71,76
2026-03-21,P066 (2005F 巳時),70,74,79
2026-03-22,P066 (2005F 巳時),70,74,79
2026-03-23,P066 (2005F 巳時),63,67,72
2026-03-24,P066 (2005F 巳時),67,71,76
2026-03-25,P066 (2005F 巳時),53,57,62
2026-03-26,P066 (2005F 巳時),50,54,59
2026-03-27,P066 (2005F 巳時),53,57,62
2026-03-28,P066 (2005F 巳時),51,55,60
2026-03-29,P066 (2005F 巳時),49,53,58
2026-03-30,P066 (2005F 巳時),50,54,59
2026-03-31,P066 (2005F 巳時),62,66,71
2026-04-01,P066 (2005F 巳時),67,71,76
2026-04-02,P066 (2005F 巳時),66,70,75
2026-04-03,P066 (2005F 巳時),63,67,72
2026-04-04,P066 (2005F 巳時),58,62,67
2026-04-05,P066 (2005F 巳時),76,80,85
2026-04-06,P066 (2005F 巳時),79,83,88
2026-04-07,P066 (2005F 巳時),63,67,72
2026-04-08,P066 (2005F 巳時),74,78,83
2026-04-09,P066 (2005F 巳時),69,73,78
2026-04-10,P066 (2005F 巳時),60,64,69
2026-04-11,P066 (2005F 巳時),68,72,77
2026-04-12,P066 (2005F 巳時),86,90,95
2026-04-13,P066 (2005F 巳時),84,88,93
2026-04-14,P066 (2005F 巳時),88,92,97
2026-04-15,P066 (2005F 巳時),75,79,84
2026-04-16,P066 (2005F 巳時),84,88,93
2026-04-17,P066 (2005F 巳時),84,88,93
2026-04-18,P066 (2005F 巳時),69,73,78
2026-04-19,P066 (2005F 巳時),64,68,73
2026-04-20,P066 (2005F 巳時),68,72,77
2026-04-21,P066 (2005F 巳時),70,74,79
2026-04-22,P066 (2005F 巳時),61,65,70
2026-04-23,P066 (2005F 巳時),61,65,70
2026-04-24,P066 (2005F 巳時),83,87,92
2026-04-25,P066 (2005F 巳時),75,79,84
2026-04-26,P066 (2005F 巳時),90,94,99
2026-04-27,P066 (2005F 巳時),81,85,90
2026-04-28,P066 (2005F 巳時),81,85,90
2026-04-29,P066 (2005F 巳時),87,91,96
2026-04-30,P066 (2005F 巳時),72,76,81
2026-05-01,P066 (2005F 巳時),70,74,79
2026-05-02,P066 (2005F 巳時),75,79,84
2026-05-03,P066 (2005F 巳時),62,66,71
2026-05-04,P066 (2005F 巳時),63,67,72
2026-05-05,P066 (2005F 巳時),60,64,69
2026-05-06,P066 (2005F 巳時),85,89,94
2026-05-07,P066 (2005F 巳時),77,81,86
2026-05-08,P066 (2005F 巳時),80,84,89
2026-05-09,P066 (2005F 巳時),83,87,92
2026-05-10,P066 (2005F 巳時),72,76,81
2026-05-11,P066 (2005F 巳時),79,83,88
2026-05-12,P066 (2005F 巳時),63,67,72
2026-05-13,P066 (2005F 巳時),57,61,66
2026-05-14,P066 (2005F 巳時),65,69,74
2026-05-15,P066 (2005F 巳時),59,63,68
2026-05-16,P066 (2005F 巳時),61,65,70
2026-05-17,P066 (2005F 巳時),65,69,74
2026-05-18,P066 (2005F 巳時),81,85,90
2026-05-19,P066 (2005F 巳時),80,84,89
2026-05-20,P066 (2005F 巳時),82,86,91
2026-05-21,P066 (2005F 巳時),87,91,96
2026-05-22,P066 (2005F 巳時),78,82,87
2026-05-23,P066 (2005F 巳時),79,83,88
2026-05-24,P066 (2005F 巳時),62,66,71
2026-05-25,P066 (2005F 巳時),54,58,63
2026-05-26,P066 (2005F 巳時),76,80,85
2026-05-27,P066 (2005F 巳時),65,69,74
2026-05-28,P066 (2005F 巳時),61,65,70
2026-05-29,P066 (2005F 巳時),64,68,73
2026-05-30,P066 (2005F 巳時),79,83,88
2026-05-31,P066 (2005F 巳時),83,87,92
2025-12-03,P067 (1966M 立春前),58,63,68
2025-12-04,P067 (1966M 立春前),54,59,64
2025-12-05,P067 (1966M 立春前),61,66,71
2025-12-06,P067 (1966M 立春前),59,64,69
2025-12-07,P067 (1966M 立春前),52,57,62
2025-12-08,P067 (1966M 立春前),54,59,64
2025-12-09,P067 (1966M 立春前),50,55,60
2025-12-10,P067 (1966M 立春前),55,60,65
2025-12-11,P067 (1966M 立春前),49,54,59
2025-12-12,P067 (1966M 立春前),51,56,61
2025-12-13,P067 (1966M 立春前),60,65,70
2025-12-14,P067 (1966M 立春前),65,70,75
2025-12-15,P067 (1966M 立春前),56,61,66
2025-12-16,P067 (1966M 立春前),48,53,58
2025-12-17,P067 (1966M 立春前),69,74,79
2025-12-18,P067 (1966M 立春前),63,68,73
2025-12-19,P067 (1966M 立春前),49,54,59
2025-12-20,P067 (1966M 立春前),57,62,67
2025-12-21,P067 (1966M 立春前),56,61,66
2025-12-22,P067 (1966M 立春前),59,64,69
2025-12-23,P067 (1966M 立春前),54,59,64
2025-12-24,P067 (1966M 立春前),53,58,63
2025-12-25,P067 (1966M 立春前),60,65,70
2025-12-26,P067 (1966M 立春前),62,67,72
2025-12-27,P067 (1966M 立春前),62,67,72
2025-12-28,P067 (1966M 立春前),54,59,64
2025-12-29,P067 (1966M 立春前),70,75,80
2025-12-30,P067 (1966M 立春前),64,69,74
2025-12-31,P067 (1966M 立春前),52,57,62
2026-01-01,P067 (1966M 立春前),56,61,66
2026-01-02,P067 (1966M 立春前),57,62,67
2026-01-03,P067 (1966M 立春前),62,67,72
2026-01-04,P067 (1966M 立春前),58,63,68
2026-01-05,P067 (1966M 立春前),55,60,65
2026-01-06,P067 (1966M 立春前),70,75,80
2026-01-07,P067 (1966M 立春前),74,79,84
2026-01-08,P067 (1966M 立春前),68,73,78
2026-01-09,P067 (1966M 立春前),58,63,68
2026-01-10,P067 (1966M 立春前),73,78,83
2026-01-11,P067 (1966M 立春前),69,74,79
2026-01-12,P067 (1966M 立春前),59,64,69
2026-01-13,P067 (1966M 立春前),57,62,67
2026-01-14,P067 (1966M 立春前),56,61,66
2026-01-15,P067 (1966M 立春前),58,63,68
2026-01-16,P067 (1966M 立春前),61,66,71
2026-01-17,P067 (1966M 立春前),59,64,69
2026-01-18,P067 (1966M 立春前),67,72,77
2026-01-19,P067 (1966M 立春前),74,79,84
2026-01-20,P067 (1966M 立春前),65,70,75
2026-01-21,P067 (1966M 立春前),57,62,67
2026-01-22,P067 (1966M 立春前),75,80,85
2026-01-23,P067 (1966M 立春前),66,71,76
2026-01-24,P067 (1966M 立春前),56,61,66
2026-01-25,P067 (1966M 立春前),53,58,63
2026-01-26,P067 (1966M 立春前),58,63,68
2026-01-27,P067 (1966M 立春前),62,67,72
2026-01-28,P067 (1966M 立春前),58,63,68
2026-01-29,P067 (1966M 立春前),59,64,69
2026-01-30,P067 (1966M 立春前),65,70,75
2026-01-31,P067 (1966M 立春前),73,78,83
2026-02-01,P067 (1966M 立春前),66,71,76
2026-02-02,P067 (1966M 立春前),55,60,65
2026-02-03,P067 (1966M 立春前),71,76,81
2026-02-04,P067 (1966M 立春前),54,59,64
2026-02-05,P067 (1966M 立春前),55,60,65
2026-02-06,P067 (1966M 立春前),51,56,61
2026-02-07,P067 (1966M 立春前),51,56,61
2026-02-08,P067 (1966M 立春前),52,57,62
2026-02-09,P067 (1966M 立春前),53,58,63
2026-02-10,P067 (1966M 立春前),56,61,66
2026-02-11,P067 (1966M 立春前),65,70,75
2026-02-12,P067 (1966M 立春前),63,68,73
2026-02-13,P067 (1966M 立春前),62,67,72
2026-02-14,P067 (1966M 立春前),48,53,58
2026-02-15,P067 (1966M 立春前),72,77,82
2026-02-16,P067 (1966M 立春前),66,71,76
2026-02-17,P067 (1966M 立春前),50,55,60
2026-02-18,P067 (1966M 立春前),48,53,58
2026-02-19,P067 (1966M 立春前),51,56,61
2026-02-20,P067 (1966M 立春前),51,56,61
2026-02-21,P067 (1966M 立春前),53,58,63
2026-02-22,P067 (1966M 立春前),48,53,58
2026-02-23,P067 (1966M 立春前),64,69,74
2026-02-24,P067 (1966M 立春前),59,64,69
2026-02-25,P067 (1966M 立春前),66,71,76
2026-02-26,P067 (1966M 立春前),49,54,59
2026-02-27,P067 (1966M 立春前),69,74,79
2026-02-28,P067 (1966M 立春前),65,70,75
2026-03-01,P067 (1966M 立春前),52,57,62
2026-03-02,P067 (1966M 立春前),51,56,61
2026-03-03,P067 (1966M 立春前),54,59,64
2026-03-04,P067 (1966M 立春前),51,56,61
2026-03-05,P067 (1966M 立春前),53,58,63
2026-03-06,P067 (1966M 立春前),50,55,60
2026-03-07,P067 (1966M 立春前),62,67,72
2026-03-08,P067 (1966M 立春前),70,75,80
2026-03-09,P067 (1966M 立春前),59,64,69
2026-03-10,P067 (1966M 立春前),55,60,65
2026-03-11,P067 (1966M 立春前),63,68,73
2026-03-12,P067 (1966M 立春前),65,70,75
2026-03-13,P067 (1966M 立春前),52,57,62
2026-03-14,P067 (1966M 立春前),57,62,67
2026-03-15,P067 (1966M 立春前),56,61,66
2026-03-16,P067 (1966M 立春前),57,62,67
2026-03-17,P067 (1966M 立春前),55,60,65
2026-03-18,P067 (1966M 立春前),57,62,67
2026-03-19,P067 (1966M 立春前),62,67,72
2026-03-20,P067 (1966M 立春前),72,77,82
2026-03-21,P067 (1966M 立春前),60,65,70
2026-03-22,P067 (1966M 立春前),55,60,65
2026-03-23,P067 (1966M 立春前),70,75,80
2026-03-24,P067 (1966M 立春前),66,71,76
2026-03-25,P067 (1966M 立春前),51,56,61
2026-03-26,P067 (1966M 立春前),53,58,63
2026-03-27,P067 (1966M 立春前),57,62,67
2026-03-28,P067 (1966M 立春前),56,61,66
2026-03-29,P067 (1966M 立春前),48,53,58
2026-03-30,P067 (1966M 立春前),53,58,63
2026-03-31,P067 (1966M 立春前),60,65,70
2026-04-01,P067 (1966M 立春前),69,74,79
2026-04-02,P067 (1966M 立春前),61,66,71
2026-04-03,P067 (1966M 立春前),54,59,64
2026-04-04,P067 (1966M 立春前),67,72,77
2026-04-05,P067 (1966M 立春前),62,67,72
2026-04-06,P067 (1966M 立春前),60,65,70
2026-04-07,P067 (1966M 立春前),56,61,66
2026-04-08,P067 (1966M 立春前),57,62,67
2026-04-09,P067 (1966M 立春前),58,63,68
2026-04-10,P067 (1966M 立春前),59,64,69
2026-04-11,P067 (1966M 立春前),64,69,74
2026-04-12,P067 (1966M 立春前),71,76,81
2026-04-13,P067 (1966M 立春前),70,75,80
2026-04-14,P067 (1966M 立春前),68,73,78
2026-04-15,P067 (1966M 立春前),54,59,64
2026-04-16,P067 (1966M 立春前),80,85,90
2026-04-17,P067 (1966M 立春前),74,79,84
2026-04-18,P067 (1966M 立春前),58,63,68
2026-04-19,P067 (1966M 立春前),55,60,65
2026-04-20,P067 (1966M 立春前),57,62,67
2026-04-21,P067 (1966M 立春前),59,64,69
2026-04-22,P067 (1966M 立春前),62,67,72
2026-04-23,P067 (1966M 立春前),58,63,68
2026-04-24,P067 (1966M 立春前),69,74,79
2026-04-25,P067 (1966M 立春前),66,71,76
2026-04-26,P067 (1966M 立春前),71,76,81
2026-04-27,P067 (1966M 立春前),55,60,65
2026-04-28,P067 (1966M 立春前),75,80,85
2026-04-29,P067 (1966M 立春前),74,79,84
2026-04-30,P067 (1966M 立春前),60,65,70
2026-05-01,P067 (1966M 立春前),56,61,66
2026-05-02,P067 (1966M 立春前),61,66,71
2026-05-03,P067 (1966M 立春前),57,62,67
2026-05-04,P067 (1966M 立春前),61,66,71
2026-05-05,P067 (1966M 立春前),52,57,62
2026-05-06,P067 (1966M 立春前),81,86,91
2026-05-07,P067 (1966M 立春前),85,90,95
2026-05-08,P067 (1966M 立春前),80,85,90
2026-05-09,P067 (1966M 立春前),69,74,79
2026-05-10,P067 (1966M 立春前),83,88,93
2026-05-11,P067 (1966M 立春前),81,86,91
2026-05-12,P067 (1966M 立春前),69,74,79
2026-05-13,P067 (1966M 立春前),70,75,80
2026-05-14,P067 (1966M 立春前),66,71,76
2026-05-15,P067 (1966M 立春前),66,71,76
2026-05-16,P067 (1966M 立春前),74,79,84
2026-05-17,P067 (1966M 立春前),74,79,84
2026-05-18,P067 (1966M 立春前),80,85,90
2026-05-19,P067 (1966M 立春前),81,86,91
2026-05-20,P067 (1966M 立春前),77,82,87
2026-05-21,P067 (1966M 立春前),68,73,78
2026-05-22,P067 (1966M 立春前),85,90,95
2026-05-23,P067 (1966M 立春前),80,85,90
2026-05-24,P067 (1966M 立春前),68,73,78
2026-05-25,P067 (1966M 立春前),64,69,74
2026-05-26,P067 (1966M 立春前),69,74,79
2026-05-27,P067 (1966M 立春前),70,75,80
2026-05-28,P067 (1966M 立春前),69,74,79
2026-05-29,P067 (1966M 立春前),69,74,79
2026-05-30,P067 (1966M 立春前),77,82,87
2026-05-31,P067 (1966M 立春前),82,87,92
2025-12-03,P068 (1970F 冬至),62,65,70
2025-12-04,P068 (1970F 冬至),56,59,64
2025-12-05,P068 (1970F 冬至),68,71,76
2025-12-06,P068 (1970F 冬至),57,60,65
2025-12-07,P068 (1970F 冬至),83,86,91
2025-12-08,P068 (1970F 冬至),79,82,87
2025-12-09,P068 (1970F 冬至),80,83,88
2025-12-10,P068 (1970F 冬至),82,85,90
2025-12-11,P068 (1970F 冬至),82,85,90
2025-12-12,P068 (1970F 冬至),74,77,82
2025-12-13,P068 (1970F 冬至),79,82,87
2025-12-14,P068 (1970F 冬至),78,81,86
2025-12-15,P068 (1970F 冬至),76,79,84
2025-12-16,P068 (1970F 冬至),68,71,76
2025-12-17,P068 (1970F 冬至),80,83,88
2025-12-18,P068 (1970F 冬至),73,76,81
2025-12-19,P068 (1970F 冬至),73,76,81
2025-12-20,P068 (1970F 冬至),76,79,84
2025-12-21,P068 (1970F 冬至),85,88,93
2025-12-22,P068 (1970F 冬至),85,88,93
2025-12-23,P068 (1970F 冬至),76,79,84
2025-12-24,P068 (1970F 冬至),64,67,72
2025-12-25,P068 (1970F 冬至),66,69,74
2025-12-26,P068 (1970F 冬至),69,72,77
2025-12-27,P068 (1970F 冬至),69,72,77
2025-12-28,P068 (1970F 冬至),61,64,69
2025-12-29,P068 (1970F 冬至),68,71,76
2025-12-30,P068 (1970F 冬至),65,68,73
2025-12-31,P068 (1970F 冬至),76,79,84
2026-01-01,P068 (1970F 冬至),77,80,85
2026-01-02,P068 (1970F 冬至),83,86,91
2026-01-03,P068 (1970F 冬至),82,85,90
2026-01-04,P068 (1970F 冬至),76,79,84
2026-01-05,P068 (1970F 冬至),65,68,73
2026-01-06,P068 (1970F 冬至),62,65,70
2026-01-07,P068 (1970F 冬至),70,73,78
2026-01-08,P068 (1970F 冬至),62,65,70
2026-01-09,P068 (1970F 冬至),61,64,69
2026-01-10,P068 (1970F 冬至),72,75,80
2026-01-11,P068 (1970F 冬至),71,74,79
2026-01-12,P068 (1970F 冬至),76,79,84
2026-01-13,P068 (1970F 冬至),76,79,84
2026-01-14,P068 (1970F 冬至),86,89,94
2026-01-15,P068 (1970F 冬至),85,88,93
2026-01-16,P068 (1970F 冬至),78,81,86
2026-01-17,P068 (1970F 冬至),65,68,73
2026-01-18,P068 (1970F 冬至),65,68,73
2026-01-19,P068 (1970F 冬至),75,78,83
2026-01-20,P068 (1970F 冬至),70,73,78
2026-01-21,P068 (1970F 冬至),69,72,77
2026-01-22,P068 (1970F 冬至),75,78,83
2026-01-23,P068 (1970F 冬至),69,72,77
2026-01-24,P068 (1970F 冬至),77,80,85
2026-01-25,P068 (1970F 冬至),72,75,80
2026-01-26,P068 (1970F 冬至),84,87,92
2026-01-27,P068 (1970F 冬至),84,87,92
2026-01-28,P068 (1970F 冬至),67,70,75
2026-01-29,P068 (1970F 冬至),59,62,67
2026-01-30,P068 (1970F 冬至),62,65,70
2026-01-31,P068 (1970F 冬至),72,75,80
2026-02-01,P068 (1970F 冬至),65,68,73
2026-02-02,P068 (1970F 冬至),59,62,67
2026-02-03,P068 (1970F 冬至),70,73,78
2026-02-04,P068 (1970F 冬至),56,59,64
2026-02-05,P068 (1970F 冬至),70,73,78
2026-02-06,P068 (1970F 冬至),67,70,75
2026-02-07,P068 (1970F 冬至),70,73,78
2026-02-08,P068 (1970F 冬至),77,80,85
2026-02-09,P068 (1970F 冬至),66,69,74
2026-02-10,P068 (1970F 冬至),60,63,68
2026-02-11,P068 (1970F 冬至),58,61,66
2026-02-12,P068 (1970F 冬至),65,68,73
2026-02-13,P068 (1970F 冬至),59,62,67
2026-02-14,P068 (1970F 冬至),56,59,64
2026-02-15,P068 (1970F 冬至),70,73,78
2026-02-16,P068 (1970F 冬至),60,63,68
2026-02-17,P068 (1970F 冬至),61,64,69
2026-02-18,P068 (1970F 冬至),65,68,73
2026-02-19,P068 (1970F 冬至),80,83,88
2026-02-20,P068 (1970F 冬至),83,86,91
2026-02-21,P068 (1970F 冬至),65,68,73
2026-02-22,P068 (1970F 冬至),61,64,69
2026-02-23,P068 (1970F 冬至),61,64,69
2026-02-24,P068 (1970F 冬至),65,68,73
2026-02-25,P068 (1970F 冬至),63,66,71
2026-02-26,P068 (1970F 冬至),59,62,67
2026-02-27,P068 (1970F 冬至),59,62,67
2026-02-28,P068 (1970F 冬至),59,62,67
2026-03-01,P068 (1970F 冬至),69,72,77
2026-03-02,P068 (1970F 冬至),70,73,78
2026-03-03,P068 (1970F 冬至),82,85,90
2026-03-04,P068 (1970F 冬至),83,86,91
2026-03-05,P068 (1970F 冬至),71,74,79
2026-03-06,P068 (1970F 冬至),48,51,56
2026-03-07,P068 (1970F 冬至),53,56,61
2026-03-08,P068 (1970F 冬至),59,62,67
2026-03-09,P068 (1970F 冬至),50,53,58
2026-03-10,P068 (1970F 冬至),50,53,58
2026-03-11,P068 (1970F 冬至),55,58,63
2026-03-12,P068 (1970F 冬至),51,54,59
2026-03-13,P068 (1970F 冬至),53,56,61
2026-03-14,P068 (1970F 冬至),55,58,63
2026-03-15,P068 (1970F 冬至),68,71,76
2026-03-16,P068 (1970F 冬至),66,69,74
2026-03-17,P068 (1970F 冬至),59,62,67
2026-03-18,P068 (1970F 冬至),50,53,58
2026-03-19,P068 (1970F 冬至),46,49,54
2026-03-20,P068 (1970F 冬至),52,55,60
2026-03-21,P068 (1970F 冬至),53,56,61
2026-03-22,P068 (1970F 冬至),49,52,57
2026-03-23,P068 (1970F 冬至),49,52,57
2026-03-24,P068 (1970F 冬至),49,52,57
2026-03-25,P068 (1970F 冬至),60,63,68
2026-03-26,P068 (1970F 冬至),55,58,63
2026-03-27,P068 (1970F 冬至),70,73,78
2026-03-28,P068 (1970F 冬至),74,77,82
2026-03-29,P068 (1970F 冬至),49,52,57
2026-03-30,P068 (1970F 冬至),48,51,56
2026-03-31,P068 (1970F 冬至),51,54,59
2026-04-01,P068 (1970F 冬至),57,60,65
2026-04-02,P068 (1970F 冬至),50,53,58
2026-04-03,P068 (1970F 冬至),49,52,57
2026-04-04,P068 (1970F 冬至),57,60,65
2026-04-05,P068 (1970F 冬至),49,52,57
2026-04-06,P068 (1970F 冬至),65,68,73
2026-04-07,P068 (1970F 冬至),55,58,63
2026-04-08,P068 (1970F 冬至),70,73,78
2026-04-09,P068 (1970F 冬至),64,67,72
2026-04-10,P068 (1970F 冬至),65,68,73
2026-04-11,P068 (1970F 冬至),52,55,60
2026-04-12,P068 (1970F 冬至),59,62,67
2026-04-13,P068 (1970F 冬至),54,57,62
2026-04-14,P068 (1970F 冬至),59,62,67
2026-04-15,P068 (1970F 冬至),46,49,54
2026-04-16,P068 (1970F 冬至),59,62,67
2026-04-17,P068 (1970F 冬至),49,52,57
2026-04-18,P068 (1970F 冬至),57,60,65
2026-04-19,P068 (1970F 冬至),52,55,60
2026-04-20,P068 (1970F 冬至),76,79,84
2026-04-21,P068 (1970F 冬至),67,70,75
2026-04-22,P068 (1970F 冬至),57,60,65
2026-04-23,P068 (1970F 冬至),45,48,53
2026-04-24,P068 (1970F 冬至),54,57,62
2026-04-25,P068 (1970F 冬至),47,50,55
2026-04-26,P068 (1970F 冬至),56,59,64
2026-04-27,P068 (1970F 冬至),46,49,54
2026-04-28,P068 (1970F 冬至),55,58,63
2026-04-29,P068 (1970F 冬至),48,51,56
2026-04-30,P068 (1970F 冬至),64,67,72
2026-05-01,P068 (1970F 冬至),57,60,65
2026-05-02,P068 (1970F 冬至),77,80,85
2026-05-03,P068 (1970F 冬至),70,73,78
2026-05-04,P068 (1970F 冬至),63,66,71
2026-05-05,P068 (1970F 冬至),48,51,56
2026-05-06,P068 (1970F 冬至),52,55,60
2026-05-07,P068 (1970F 冬至),62,65,70
2026-05-08,P068 (1970F 冬至),51,54,59
2026-05-09,P068 (1970F 冬至),51,54,59
2026-05-10,P068 (1970F 冬至),58,61,66
2026-05-11,P068 (1970F 冬至),56,59,64
2026-05-12,P068 (1970F 冬至),59,62,67
2026-05-13,P068 (1970F 冬至),57,60,65
2026-05-14,P068 (1970F 冬至),67,70,75
2026-05-15,P068 (1970F 冬至),69,72,77
2026-05-16,P068 (1970F 冬至),62,65,70
2026-05-17,P068 (1970F 冬至),51,54,59
2026-05-18,P068 (1970F 冬至),49,52,57
2026-05-19,P068 (1970F 冬至),55,58,63
2026-05-20,P068 (1970F 冬至),56,59,64
2026-05-21,P068 (1970F 冬至),54,57,62
2026-05-22,P068 (1970F 冬至),55,58,63
2026-05-23,P068 (1970F 冬至),49,52,57
2026-05-24,P068 (1970F 冬至),65,68,73
2026-05-25,P068 (1970F 冬至),57,60,65
2026-05-26,P068 (1970F 冬至),73,76,81
2026-05-27,P068 (1970F 冬至),76,79,84
2026-05-28,P068 (1970F 冬至),55,58,63
2026-05-29,P068 (1970F 冬至),52,55,60
2026-05-30,P068 (1970F 冬至),53,56,61
2026-05-31,P068 (1970F 冬至),64,67,72
2025-12-03,P069 (1975M 夏至),76,79,84
2025-12-04,P069 (1975M 夏至),77,80,85
2025-12-05,P069 (1975M 夏至),67,70,75
2025-12-06,P069 (1975M 夏至),59,62,67
2025-12-07,P069 (1975M 夏至),73,76,81
2025-12-08,P069 (1975M 夏至),60,63,68
2025-12-09,P069 (1975M 夏至),53,56,61
2025-12-10,P069 (1975M 夏至),52,55,60
2025-12-11,P069 (1975M 夏至),55,58,63
2025-12-12,P069 (1975M 夏至),73,76,81
2025-12-13,P069 (1975M 夏至),48,51,56
2025-12-14,P069 (1975M 夏至),50,53,58
2025-12-15,P069 (1975M 夏至),61,64,69
2025-12-16,P069 (1975M 夏至),60,63,68
2025-12-17,P069 (1975M 夏至),55,58,63
2025-12-18,P069 (1975M 夏至),53,56,61
2025-12-19,P069 (1975M 夏至),69,72,77
2025-12-20,P069 (1975M 夏至),58,61,66
2025-12-21,P069 (1975M 夏至),51,54,59
2025-12-22,P069 (1975M 夏至),49,52,57
2025-12-23,P069 (1975M 夏至),56,59,64
2025-12-24,P069 (1975M 夏至),72,75,80
2025-12-25,P069 (1975M 夏至),46,49,54
2025-12-26,P069 (1975M 夏至),48,51,56
2025-12-27,P069 (1975M 夏至),64,67,72
2025-12-28,P069 (1975M 夏至),61,64,69
2025-12-29,P069 (1975M 夏至),53,56,61
2025-12-30,P069 (1975M 夏至),52,55,60
2025-12-31,P069 (1975M 夏至),65,68,73
2026-01-01,P069 (1975M 夏至),58,61,66
2026-01-02,P069 (1975M 夏至),53,56,61
2026-01-03,P069 (1975M 夏至),50,53,58
2026-01-04,P069 (1975M 夏至),55,58,63
2026-01-05,P069 (1975M 夏至),69,72,77
2026-01-06,P069 (1975M 夏至),48,51,56
2026-01-07,P069 (1975M 夏至),46,49,54
2026-01-08,P069 (1975M 夏至),63,66,71
2026-01-09,P069 (1975M 夏至),57,60,65
2026-01-10,P069 (1975M 夏至),52,55,60
2026-01-11,P069 (1975M 夏至),48,51,56
2026-01-12,P069 (1975M 夏至),65,68,73
2026-01-13,P069 (1975M 夏至),64,67,72
2026-01-14,P069 (1975M 夏至),47,50,55
2026-01-15,P069 (1975M 夏至),50,53,58
2026-01-16,P069 (1975M 夏至),69,72,77
2026-01-17,P069 (1975M 夏至),69,72,77
2026-01-18,P069 (1975M 夏至),47,50,55
2026-01-19,P069 (1975M 夏至),50,53,58
2026-01-20,P069 (1975M 夏至),65,68,73
2026-01-21,P069 (1975M 夏至),66,69,74
2026-01-22,P069 (1975M 夏至),55,58,63
2026-01-23,P069 (1975M 夏至),53,56,61
2026-01-24,P069 (1975M 夏至),72,75,80
2026-01-25,P069 (1975M 夏至),62,65,70
2026-01-26,P069 (1975M 夏至),59,62,67
2026-01-27,P069 (1975M 夏至),52,55,60
2026-01-28,P069 (1975M 夏至),63,66,71
2026-01-29,P069 (1975M 夏至),79,82,87
2026-01-30,P069 (1975M 夏至),47,50,55
2026-01-31,P069 (1975M 夏至),58,61,66
2026-02-01,P069 (1975M 夏至),67,70,75
2026-02-02,P069 (1975M 夏至),67,70,75
2026-02-03,P069 (1975M 夏至),55,58,63
2026-02-04,P069 (1975M 夏至),62,65,70
2026-02-05,P069 (1975M 夏至),87,90,95
2026-02-06,P069 (1975M 夏至),76,79,84
2026-02-07,P069 (1975M 夏至),68,71,76
2026-02-08,P069 (1975M 夏至),68,71,76
2026-02-09,P069 (1975M 夏至),73,76,81
2026-02-10,P069 (1975M 夏至),91,94,99
2026-02-11,P069 (1975M 夏至),57,60,65
2026-02-12,P069 (1975M 夏至),70,73,78
2026-02-13,P069 (1975M 夏至),75,78,83
2026-02-14,P069 (1975M 夏至),70,73,78
2026-02-15,P069 (1975M 夏至),74,77,82
2026-02-16,P069 (1975M 夏至),66,69,74
2026-02-17,P069 (1975M 夏至),83,86,91
2026-02-18,P069 (1975M 夏至),75,78,83
2026-02-19,P069 (1975M 夏至),67,70,75
2026-02-20,P069 (1975M 夏至),72,75,80
2026-02-21,P069 (1975M 夏至),74,77,82
2026-02-22,P069 (1975M 夏至),90,93,98
2026-02-23,P069 (1975M 夏至),57,60,65
2026-02-24,P069 (1975M 夏至),61,64,69
2026-02-25,P069 (1975M 夏至),87,90,95
2026-02-26,P069 (1975M 夏至),76,79,84
2026-02-27,P069 (1975M 夏至),69,72,77
2026-02-28,P069 (1975M 夏至),67,70,75
2026-03-01,P069 (1975M 夏至),83,86,91
2026-03-02,P069 (1975M 夏至),81,84,89
2026-03-03,P069 (1975M 夏至),67,70,75
2026-03-04,P069 (1975M 夏至),71,74,79
2026-03-05,P069 (1975M 夏至),74,77,82
2026-03-06,P069 (1975M 夏至),89,92,97
2026-03-07,P069 (1975M 夏至),70,73,78
2026-03-08,P069 (1975M 夏至),68,71,76
2026-03-09,P069 (1975M 夏至),85,88,93
2026-03-10,P069 (1975M 夏至),82,85,90
2026-03-11,P069 (1975M 夏至),69,72,77
2026-03-12,P069 (1975M 夏至),70,73,78
2026-03-13,P069 (1975M 夏至),81,84,89
2026-03-14,P069 (1975M 夏至),82,85,90
2026-03-15,P069 (1975M 夏至),69,72,77
2026-03-16,P069 (1975M 夏至),66,69,74
2026-03-17,P069 (1975M 夏至),81,84,89
2026-03-18,P069 (1975M 夏至),85,88,93
2026-03-19,P069 (1975M 夏至),64,67,72
2026-03-20,P069 (1975M 夏至),70,73,78
2026-03-21,P069 (1975M 夏至),82,85,90
2026-03-22,P069 (1975M 夏至),79,82,87
2026-03-23,P069 (1975M 夏至),69,72,77
2026-03-24,P069 (1975M 夏至),69,72,77
2026-03-25,P069 (1975M 夏至),79,82,87
2026-03-26,P069 (1975M 夏至),75,78,83
2026-03-27,P069 (1975M 夏至),73,76,81
2026-03-28,P069 (1975M 夏至),68,71,76
2026-03-29,P069 (1975M 夏至),81,84,89
2026-03-30,P069 (1975M 夏至),87,90,95
2026-03-31,P069 (1975M 夏至),62,65,70
2026-04-01,P069 (1975M 夏至),73,76,81
2026-04-02,P069 (1975M 夏至),80,83,88
2026-04-03,P069 (1975M 夏至),80,83,88
2026-04-04,P069 (1975M 夏至),71,74,79
2026-04-05,P069 (1975M 夏至),50,53,58
2026-04-06,P069 (1975M 夏至),77,80,85
2026-04-07,P069 (1975M 夏至),61,64,69
2026-04-08,P069 (1975M 夏至),56,59,64
2026-04-09,P069 (1975M 夏至),53,56,61
2026-04-10,P069 (1975M 夏至),59,62,67
2026-04-11,P069 (1975M 夏至),83,86,91
2026-04-12,P069 (1975M 夏至),47,50,55
2026-04-13,P069 (1975M 夏至),57,60,65
2026-04-14,P069 (1975M 夏至),62,65,70
2026-04-15,P069 (1975M 夏至),61,64,69
2026-04-16,P069 (1975M 夏至),62,65,70
2026-04-17,P069 (1975M 夏至),56,59,64
2026-04-18,P069 (1975M 夏至),72,75,80
2026-04-19,P069 (1975M 夏至),61,64,69
2026-04-20,P069 (1975M 夏至),54,57,62
2026-04-21,P069 (1975M 夏至),59,62,67
2026-04-22,P069 (1975M 夏至),61,64,69
2026-04-23,P069 (1975M 夏至),82,85,90
2026-04-24,P069 (1975M 夏至),50,53,58
2026-04-25,P069 (1975M 夏至),51,54,59
2026-04-26,P069 (1975M 夏至),73,76,81
2026-04-27,P069 (1975M 夏至),65,68,73
2026-04-28,P069 (1975M 夏至),57,60,65
2026-04-29,P069 (1975M 夏至),56,59,64
2026-04-30,P069 (1975M 夏至),69,72,77
2026-05-01,P069 (1975M 夏至),68,71,76
2026-05-02,P069 (1975M 夏至),56,59,64
2026-05-03,P069 (1975M 夏至),59,62,67
2026-05-04,P069 (1975M 夏至),59,62,67
2026-05-05,P069 (1975M 夏至),74,77,82
2026-05-06,P069 (1975M 夏至),49,52,57
2026-05-07,P069 (1975M 夏至),49,52,57
2026-05-08,P069 (1975M 夏至),68,71,76
2026-05-09,P069 (1975M 夏至),64,67,72
2026-05-10,P069 (1975M 夏至),53,56,61
2026-05-11,P069 (1975M 夏至),54,57,62
2026-05-12,P069 (1975M 夏至),72,75,80
2026-05-13,P069 (1975M 夏至),69,72,77
2026-05-14,P069 (1975M 夏至),53,56,61
2026-05-15,P069 (1975M 夏至),52,55,60
2026-05-16,P069 (1975M 夏至),69,72,77
2026-05-17,P069 (1975M 夏至),74,77,82
2026-05-18,P069 (1975M 夏至),48,51,56
2026-05-19,P069 (1975M 夏至),51,54,59
2026-05-20,P069 (1975M 夏至),63,66,71
2026-05-21,P069 (1975M 夏至),64,67,72
2026-05-22,P069 (1975M 夏至),55,58,63
2026-05-23,P069 (1975M 夏至),54,57,62
2026-05-24,P069 (1975M 夏至),70,73,78
2026-05-25,P069 (1975M 夏至),60,63,68
2026-05-26,P069 (1975M 夏至),58,61,66
2026-05-27,P069 (1975M 夏至),53,56,61
2026-05-28,P069 (1975M 夏至),65,68,73
2026-05-29,P069 (1975M 夏至),76,79,84
2026-05-30,P069 (1975M 夏至),48,51,56
2026-05-31,P069 (1975M 夏至),59,62,67
2025-12-03,P070 (1980F 元旦),68,70,75
2025-12-04,P070 (1980F 元旦),60,62,67
2025-12-05,P070 (1980F 元旦),81,83,88
2025-12-06,P070 (1980F 元旦),67,69,74
2025-12-07,P070 (1980F 元旦),66,68,73
2025-12-08,P070 (1980F 元旦),70,72,77
2025-12-09,P070 (1980F 元旦),74,76,81
2025-12-10,P070 (1980F 元旦),62,64,69
2025-12-11,P070 (1980F 元旦),76,78,83
2025-12-12,P070 (1980F 元旦),58,60,65
2025-12-13,P070 (1980F 元旦),85,87,92
2025-12-14,P070 (1980F 元旦),76,78,83
2025-12-15,P070 (1980F 元旦),69,71,76
2025-12-16,P070 (1980F 元旦),64,66,71
2025-12-17,P070 (1980F 元旦),81,83,88
2025-12-18,P070 (1980F 元旦),76,78,83
2025-12-19,P070 (1980F 元旦),65,67,72
2025-12-20,P070 (1980F 元旦),66,68,73
2025-12-21,P070 (1980F 元旦),86,88,93
2025-12-22,P070 (1980F 元旦),65,67,72
2025-12-23,P070 (1980F 元旦),75,77,82
2025-12-24,P070 (1980F 元旦),58,60,65
2025-12-25,P070 (1980F 元旦),87,89,94
2025-12-26,P070 (1980F 元旦),81,83,88
2025-12-27,P070 (1980F 元旦),68,70,75
2025-12-28,P070 (1980F 元旦),71,73,78
2025-12-29,P070 (1980F 元旦),77,79,84
2025-12-30,P070 (1980F 元旦),73,75,80
2025-12-31,P070 (1980F 元旦),74,76,81
2026-01-01,P070 (1980F 元旦),70,72,77
2026-01-02,P070 (1980F 元旦),85,87,92
2026-01-03,P070 (1980F 元旦),66,68,73
2026-01-04,P070 (1980F 元旦),77,79,84
2026-01-05,P070 (1980F 元旦),57,59,64
2026-01-06,P070 (1980F 元旦),70,72,77
2026-01-07,P070 (1980F 元旦),68,70,75
2026-01-08,P070 (1980F 元旦),58,60,65
2026-01-09,P070 (1980F 元旦),53,55,60
2026-01-10,P070 (1980F 元旦),68,70,75
2026-01-11,P070 (1980F 元旦),63,65,70
2026-01-12,P070 (1980F 元旦),54,56,61
2026-01-13,P070 (1980F 元旦),58,60,65
2026-01-14,P070 (1980F 元旦),65,67,72
2026-01-15,P070 (1980F 元旦),54,56,61
2026-01-16,P070 (1980F 元旦),58,60,65
2026-01-17,P070 (1980F 元旦),52,54,59
2026-01-18,P070 (1980F 元旦),65,67,72
2026-01-19,P070 (1980F 元旦),66,68,73
2026-01-20,P070 (1980F 元旦),61,63,68
2026-01-21,P070 (1980F 元旦),54,56,61
2026-01-22,P070 (1980F 元旦),66,68,73
2026-01-23,P070 (1980F 元旦),57,59,64
2026-01-24,P070 (1980F 元旦),53,55,60
2026-01-25,P070 (1980F 元旦),54,56,61
2026-01-26,P070 (1980F 元旦),64,66,71
2026-01-27,P070 (1980F 元旦),54,56,61
2026-01-28,P070 (1980F 元旦),52,54,59
2026-01-29,P070 (1980F 元旦),48,50,55
2026-01-30,P070 (1980F 元旦),70,72,77
2026-01-31,P070 (1980F 元旦),69,71,76
2026-02-01,P070 (1980F 元旦),61,63,68
2026-02-02,P070 (1980F 元旦),54,56,61
2026-02-03,P070 (1980F 元旦),67,69,74
2026-02-04,P070 (1980F 元旦),62,64,69
2026-02-05,P070 (1980F 元旦),60,62,67
2026-02-06,P070 (1980F 元旦),60,62,67
2026-02-07,P070 (1980F 元旦),67,69,74
2026-02-08,P070 (1980F 元旦),52,54,59
2026-02-09,P070 (1980F 元旦),65,67,72
2026-02-10,P070 (1980F 元旦),50,52,57
2026-02-11,P070 (1980F 元旦),78,80,85
2026-02-12,P070 (1980F 元旦),68,70,75
2026-02-13,P070 (1980F 元旦),59,61,66
2026-02-14,P070 (1980F 元旦),56,58,63
2026-02-15,P070 (1980F 元旦),72,74,79
2026-02-16,P070 (1980F 元旦),67,69,74
2026-02-17,P070 (1980F 元旦),53,55,60
2026-02-18,P070 (1980F 元旦),54,56,61
2026-02-19,P070 (1980F 元旦),71,73,78
2026-02-20,P070 (1980F 元旦),53,55,60
2026-02-21,P070 (1980F 元旦),61,63,68
2026-02-22,P070 (1980F 元旦),47,49,54
2026-02-23,P070 (1980F 元旦),71,73,78
2026-02-24,P070 (1980F 元旦),65,67,72
2026-02-25,P070 (1980F 元旦),54,56,61
2026-02-26,P070 (1980F 元旦),58,60,65
2026-02-27,P070 (1980F 元旦),66,68,73
2026-02-28,P070 (1980F 元旦),59,61,66
2026-03-01,P070 (1980F 元旦),61,63,68
2026-03-02,P070 (1980F 元旦),56,58,63
2026-03-03,P070 (1980F 元旦),72,74,79
2026-03-04,P070 (1980F 元旦),51,53,58
2026-03-05,P070 (1980F 元旦),61,63,68
2026-03-06,P070 (1980F 元旦),44,46,51
2026-03-07,P070 (1980F 元旦),55,57,62
2026-03-08,P070 (1980F 元旦),55,57,62
2026-03-09,P070 (1980F 元旦),48,50,55
2026-03-10,P070 (1980F 元旦),45,47,52
2026-03-11,P070 (1980F 元旦),57,59,64
2026-03-12,P070 (1980F 元旦),52,54,59
2026-03-13,P070 (1980F 元旦),50,52,57
2026-03-14,P070 (1980F 元旦),52,54,59
2026-03-15,P070 (1980F 元旦),59,61,66
2026-03-16,P070 (1980F 元旦),50,52,57
2026-03-17,P070 (1980F 元旦),50,52,57
2026-03-18,P070 (1980F 元旦),48,50,55
2026-03-19,P070 (1980F 元旦),56,58,63
2026-03-20,P070 (1980F 元旦),59,61,66
2026-03-21,P070 (1980F 元旦),55,57,62
2026-03-22,P070 (1980F 元旦),50,52,57
2026-03-23,P070 (1980F 元旦),60,62,67
2026-03-24,P070 (1980F 元旦),54,56,61
2026-03-25,P070 (1980F 元旦),49,51,56
2026-03-26,P070 (1980F 元旦),53,55,60
2026-03-27,P070 (1980F 元旦),59,61,66
2026-03-28,P070 (1980F 元旦),53,55,60
2026-03-29,P070 (1980F 元旦),50,52,57
2026-03-30,P070 (1980F 元旦),47,49,54
2026-03-31,P070 (1980F 元旦),61,63,68
2026-04-01,P070 (1980F 元旦),63,65,70
2026-04-02,P070 (1980F 元旦),55,57,62
2026-04-03,P070 (1980F 元旦),49,51,56
2026-04-04,P070 (1980F 元旦),60,62,67
2026-04-05,P070 (1980F 元旦),72,74,79
2026-04-06,P070 (1980F 元旦),68,70,75
2026-04-07,P070 (1980F 元旦),69,71,76
2026-04-08,P070 (1980F 元旦),75,77,82
2026-04-09,P070 (1980F 元旦),67,69,74
2026-04-10,P070 (1980F 元旦),76,78,83
2026-04-11,P070 (1980F 元旦),64,66,71
2026-04-12,P070 (1980F 元旦),85,87,92
2026-04-13,P070 (1980F 元旦),75,77,82
2026-04-14,P070 (1980F 元旦),69,71,76
2026-04-15,P070 (1980F 元旦),61,63,68
2026-04-16,P070 (1980F 元旦),76,78,83
2026-04-17,P070 (1980F 元旦),74,76,81
2026-04-18,P070 (1980F 元旦),63,65,70
2026-04-19,P070 (1980F 元旦),64,66,71
2026-04-20,P070 (1980F 元旦),81,83,88
2026-04-21,P070 (1980F 元旦),68,70,75
2026-04-22,P070 (1980F 元旦),73,75,80
2026-04-23,P070 (1980F 元旦),60,62,67
2026-04-24,P070 (1980F 元旦),82,84,89
2026-04-25,P070 (1980F 元旦),78,80,85
2026-04-26,P070 (1980F 元旦),71,73,78
2026-04-27,P070 (1980F 元旦),70,72,77
2026-04-28,P070 (1980F 元旦),78,80,85
2026-04-29,P070 (1980F 元旦),71,73,78
2026-04-30,P070 (1980F 元旦),73,75,80
2026-05-01,P070 (1980F 元旦),73,75,80
2026-05-02,P070 (1980F 元旦),83,85,90
2026-05-03,P070 (1980F 元旦),69,71,76
2026-05-04,P070 (1980F 元旦),74,76,81
2026-05-05,P070 (1980F 元旦),59,61,66
2026-05-06,P070 (1980F 元旦),80,82,87
2026-05-07,P070 (1980F 元旦),85,87,92
2026-05-08,P070 (1980F 元旦),65,67,72
2026-05-09,P070 (1980F 元旦),62,64,69
2026-05-10,P070 (1980F 元旦),86,88,93
2026-05-11,P070 (1980F 元旦),68,70,75
2026-05-12,P070 (1980F 元旦),68,70,75
2026-05-13,P070 (1980F 元旦),60,62,67
2026-05-14,P070 (1980F 元旦),79,81,86
2026-05-15,P070 (1980F 元旦),59,61,66
2026-05-16,P070 (1980F 元旦),69,71,76
2026-05-17,P070 (1980F 元旦),56,58,63
2026-05-18,P070 (1980F 元旦),73,75,80
2026-05-19,P070 (1980F 元旦),76,78,83
2026-05-20,P070 (1980F 元旦),66,68,73
2026-05-21,P070 (1980F 元旦),59,61,66
2026-05-22,P070 (1980F 元旦),83,85,90
2026-05-23,P070 (1980F 元旦),67,69,74
2026-05-24,P070 (1980F 元旦),72,74,79
2026-05-25,P070 (1980F 元旦),65,67,72
2026-05-26,P070 (1980F 元旦),78,80,85
2026-05-27,P070 (1980F 元旦),66,68,73
2026-05-28,P070 (1980F 元旦),65,67,72
2026-05-29,P070 (1980F 元旦),52,54,59
2026-05-30,P070 (1980F 元旦),86,88,93
2026-05-31,P070 (1980F 元旦),75,77,82
2025-12-03,P071 (1985M 大晦日),56,53,58
2025-12-04,P071 (1985M 大晦日),50,47,52
2025-12-05,P071 (1985M 大晦日),72,69,74
2025-12-06,P071 (1985M 大晦日),66,63,68
2025-12-07,P071 (1985M 大晦日),75,72,77
2025-12-08,P071 (1985M 大晦日),74,71,76
2025-12-09,P071 (1985M 大晦日),91,88,93
2025-12-10,P071 (1985M 大晦日),89,86,91
2025-12-11,P071 (1985M 大晦日),67,64,69
2025-12-12,P071 (1985M 大晦日),75,72,77
2025-12-13,P071 (1985M 大晦日),89,86,91
2025-12-14,P071 (1985M 大晦日),92,89,94
2025-12-15,P071 (1985M 大晦日),70,67,72
2025-12-16,P071 (1985M 大晦日),63,60,65
2025-12-17,P071 (1985M 大晦日),91,88,93
2025-12-18,P071 (1985M 大晦日),82,79,84
2025-12-19,P071 (1985M 大晦日),71,68,73
2025-12-20,P071 (1985M 大晦日),76,73,78
2025-12-21,P071 (1985M 大晦日),89,86,91
2025-12-22,P071 (1985M 大晦日),88,85,90
2025-12-23,P071 (1985M 大晦日),73,70,75
2025-12-24,P071 (1985M 大晦日),79,76,81
2025-12-25,P071 (1985M 大晦日),84,81,86
2025-12-26,P071 (1985M 大晦日),89,86,91
2025-12-27,P071 (1985M 大晦日),71,68,73
2025-12-28,P071 (1985M 大晦日),60,57,62
2025-12-29,P071 (1985M 大晦日),86,83,88
2025-12-30,P071 (1985M 大晦日),84,81,86
2025-12-31,P071 (1985M 大晦日),68,65,70
2026-01-01,P071 (1985M 大晦日),74,71,76
2026-01-02,P071 (1985M 大晦日),91,88,93
2026-01-03,P071 (1985M 大晦日),88,85,90
2026-01-04,P071 (1985M 大晦日),67,64,69
2026-01-05,P071 (1985M 大晦日),72,69,74
2026-01-06,P071 (1985M 大晦日),86,83,88
2026-01-07,P071 (1985M 大晦日),88,85,90
2026-01-08,P071 (1985M 大晦日),70,67,72
2026-01-09,P071 (1985M 大晦日),67,64,69
2026-01-10,P071 (1985M 大晦日),84,81,86
2026-01-11,P071 (1985M 大晦日),82,79,84
2026-01-12,P071 (1985M 大晦日),79,76,81
2026-01-13,P071 (1985M 大晦日),80,77,82
2026-01-14,P071 (1985M 大晦日),89,86,91
2026-01-15,P071 (1985M 大晦日),86,83,88
2026-01-16,P071 (1985M 大晦日),71,68,73
2026-01-17,P071 (1985M 大晦日),74,71,76
2026-01-18,P071 (1985M 大晦日),83,80,85
2026-01-19,P071 (1985M 大晦日),86,83,88
2026-01-20,P071 (1985M 大晦日),65,62,67
2026-01-21,P071 (1985M 大晦日),64,61,66
2026-01-22,P071 (1985M 大晦日),89,86,91
2026-01-23,P071 (1985M 大晦日),84,81,86
2026-01-24,P071 (1985M 大晦日),73,70,75
2026-01-25,P071 (1985M 大晦日),77,74,79
2026-01-26,P071 (1985M 大晦日),91,88,93
2026-01-27,P071 (1985M 大晦日),87,84,89
2026-01-28,P071 (1985M 大晦日),69,66,71
2026-01-29,P071 (1985M 大晦日),76,73,78
2026-01-30,P071 (1985M 大晦日),83,80,85
2026-01-31,P071 (1985M 大晦日),87,84,89
2026-02-01,P071 (1985M 大晦日),71,68,73
2026-02-02,P071 (1985M 大晦日),71,68,73
2026-02-03,P071 (1985M 大晦日),88,85,90
2026-02-04,P071 (1985M 大晦日),61,58,63
2026-02-05,P071 (1985M 大晦日),50,47,52
2026-02-06,P071 (1985M 大晦日),50,47,52
2026-02-07,P071 (1985M 大晦日),80,77,82
2026-02-08,P071 (1985M 大晦日),82,79,84
2026-02-09,P071 (1985M 大晦日),46,43,48
2026-02-10,P071 (1985M 大晦日),54,51,56
2026-02-11,P071 (1985M 大晦日),69,66,71
2026-02-12,P071 (1985M 大晦日),82,79,84
2026-02-13,P071 (1985M 大晦日),49,46,51
2026-02-14,P071 (1985M 大晦日),44,41,46
2026-02-15,P071 (1985M 大晦日),71,68,73
2026-02-16,P071 (1985M 大晦日),63,60,65
2026-02-17,P071 (1985M 大晦日),52,49,54
2026-02-18,P071 (1985M 大晦日),59,56,61
2026-02-19,P071 (1985M 大晦日),76,73,78
2026-02-20,P071 (1985M 大晦日),82,79,84
2026-02-21,P071 (1985M 大晦日),53,50,55
2026-02-22,P071 (1985M 大晦日),59,56,61
2026-02-23,P071 (1985M 大晦日),66,63,68
2026-02-24,P071 (1985M 大晦日),79,76,81
2026-02-25,P071 (1985M 大晦日),50,47,52
2026-02-26,P071 (1985M 大晦日),44,41,46
2026-02-27,P071 (1985M 大晦日),73,70,75
2026-02-28,P071 (1985M 大晦日),67,64,69
2026-03-01,P071 (1985M 大晦日),52,49,54
2026-03-02,P071 (1985M 大晦日),57,54,59
2026-03-03,P071 (1985M 大晦日),86,83,88
2026-03-04,P071 (1985M 大晦日),85,82,87
2026-03-05,P071 (1985M 大晦日),49,46,51
2026-03-06,P071 (1985M 大晦日),49,46,51
2026-03-07,P071 (1985M 大晦日),61,58,63
2026-03-08,P071 (1985M 大晦日),70,67,72
2026-03-09,P071 (1985M 大晦日),50,47,52
2026-03-10,P071 (1985M 大晦日),46,43,48
2026-03-11,P071 (1985M 大晦日),63,60,65
2026-03-12,P071 (1985M 大晦日),61,58,63
2026-03-13,P071 (1985M 大晦日),54,51,56
2026-03-14,P071 (1985M 大晦日),57,54,59
2026-03-15,P071 (1985M 大晦日),76,73,78
2026-03-16,P071 (1985M 大晦日),77,74,79
2026-03-17,P071 (1985M 大晦日),51,48,53
2026-03-18,P071 (1985M 大晦日),49,46,51
2026-03-19,P071 (1985M 大晦日),61,58,63
2026-03-20,P071 (1985M 大晦日),75,72,77
2026-03-21,P071 (1985M 大晦日),49,46,51
2026-03-22,P071 (1985M 大晦日),47,44,49
2026-03-23,P071 (1985M 大晦日),72,69,74
2026-03-24,P071 (1985M 大晦日),66,63,68
2026-03-25,P071 (1985M 大晦日),50,47,52
2026-03-26,P071 (1985M 大晦日),55,52,57
2026-03-27,P071 (1985M 大晦日),77,74,79
2026-03-28,P071 (1985M 大晦日),76,73,78
2026-03-29,P071 (1985M 大晦日),49,46,51
2026-03-30,P071 (1985M 大晦日),52,49,54
2026-03-31,P071 (1985M 大晦日),57,54,59
2026-04-01,P071 (1985M 大晦日),72,69,74
2026-04-02,P071 (1985M 大晦日),49,46,51
2026-04-03,P071 (1985M 大晦日),46,43,48
2026-04-04,P071 (1985M 大晦日),65,62,67
2026-04-05,P071 (1985M 大晦日),72,69,74
2026-04-06,P071 (1985M 大晦日),62,59,64
2026-04-07,P071 (1985M 大晦日),61,58,63
2026-04-08,P071 (1985M 大晦日),88,85,90
2026-04-09,P071 (1985M 大晦日),88,85,90
2026-04-10,P071 (1985M 大晦日),53,50,55
2026-04-11,P071 (1985M 大晦日),63,60,65
2026-04-12,P071 (1985M 大晦日),78,75,80
2026-04-13,P071 (1985M 大晦日),88,85,90
2026-04-14,P071 (1985M 大晦日),59,56,61
2026-04-15,P071 (1985M 大晦日),50,47,52
2026-04-16,P071 (1985M 大晦日),79,76,81
2026-04-17,P071 (1985M 大晦日),71,68,73
2026-04-18,P071 (1985M 大晦日),63,60,65
2026-04-19,P071 (1985M 大晦日),66,63,68
2026-04-20,P071 (1985M 大晦日),85,82,87
2026-04-21,P071 (1985M 大晦日),86,83,88
2026-04-22,P071 (1985M 大晦日),63,60,65
2026-04-23,P071 (1985M 大晦日),68,65,70
2026-04-24,P071 (1985M 大晦日),75,72,77
2026-04-25,P071 (1985M 大晦日),86,83,88
2026-04-26,P071 (1985M 大晦日),60,57,62
2026-04-27,P071 (1985M 大晦日),51,48,53
2026-04-28,P071 (1985M 大晦日),81,78,83
2026-04-29,P071 (1985M 大晦日),76,73,78
2026-04-30,P071 (1985M 大晦日),58,55,60
2026-05-01,P071 (1985M 大晦日),66,63,68
2026-05-02,P071 (1985M 大晦日),92,89,94
2026-05-03,P071 (1985M 大晦日),90,87,92
2026-05-04,P071 (1985M 大晦日),59,56,61
2026-05-05,P071 (1985M 大晦日),63,60,65
2026-05-06,P071 (1985M 大晦日),75,72,77
2026-05-07,P071 (1985M 大晦日),84,81,86
2026-05-08,P071 (1985M 大晦日),61,58,63
2026-05-09,P071 (1985M 大晦日),52,49,54
2026-05-10,P071 (1985M 大晦日),75,72,77
2026-05-11,P071 (1985M 大晦日),74,71,76
2026-05-12,P071 (1985M 大晦日),64,61,66
2026-05-13,P071 (1985M 大晦日),67,64,69
2026-05-14,P071 (1985M 大晦日),87,84,89
2026-05-15,P071 (1985M 大晦日),86,83,88
2026-05-16,P071 (1985M 大晦日),60,57,62
2026-05-17,P071 (1985M 大晦日),59,56,61
2026-05-18,P071 (1985M 大晦日),72,69,74
2026-05-19,P071 (1985M 大晦日),84,81,86
2026-05-20,P071 (1985M 大晦日),56,53,58
2026-05-21,P071 (1985M 大晦日),51,48,53
2026-05-22,P071 (1985M 大晦日),83,80,85
2026-05-23,P071 (1985M 大晦日),79,76,81
2026-05-24,P071 (1985M 大晦日),61,58,63
2026-05-25,P071 (1985M 大晦日),66,63,68
2026-05-26,P071 (1985M 大晦日),89,86,91
2026-05-27,P071 (1985M 大晦日),87,84,89
2026-05-28,P071 (1985M 大晦日),59,56,61
2026-05-29,P071 (1985M 大晦日),62,59,64
2026-05-30,P071 (1985M 大晦日),68,65,70
2026-05-31,P071 (1985M 大晦日),85,82,87
2025-12-03,P072 (1990F 立秋),69,74,79
2025-12-04,P072 (1990F 立秋),71,76,81
2025-12-05,P072 (1990F 立秋),66,71,76
2025-12-06,P072 (1990F 立秋),72,77,82
2025-12-07,P072 (1990F 立秋),48,53,58
2025-12-08,P072 (1990F 立秋),51,56,61
2025-12-09,P072 (1990F 立秋),50,55,60
2025-12-10,P072 (1990F 立秋),47,52,57
2025-12-11,P072 (1990F 立秋),55,60,65
2025-12-12,P072 (1990F 立秋),51,56,61
2025-12-13,P072 (1990F 立秋),67,72,77
2025-12-14,P072 (1990F 立秋),56,61,66
2025-12-15,P072 (1990F 立秋),65,70,75
2025-12-16,P072 (1990F 立秋),65,70,75
2025-12-17,P072 (1990F 立秋),54,59,64
2025-12-18,P072 (1990F 立秋),63,68,73
2025-12-19,P072 (1990F 立秋),51,56,61
2025-12-20,P072 (1990F 立秋),52,57,62
2025-12-21,P072 (1990F 立秋),48,53,58
2025-12-22,P072 (1990F 立秋),47,52,57
2025-12-23,P072 (1990F 立秋),56,61,66
2025-12-24,P072 (1990F 立秋),51,56,61
2025-12-25,P072 (1990F 立秋),69,74,79
2025-12-26,P072 (1990F 立秋),60,65,70
2025-12-27,P072 (1990F 立秋),60,65,70
2025-12-28,P072 (1990F 立秋),64,69,74
2025-12-29,P072 (1990F 立秋),62,67,72
2025-12-30,P072 (1990F 立秋),68,73,78
2025-12-31,P072 (1990F 立秋),51,56,61
2026-01-01,P072 (1990F 立秋),52,57,62
2026-01-02,P072 (1990F 立秋),50,55,60
2026-01-03,P072 (1990F 立秋),46,51,56
2026-01-04,P072 (1990F 立秋),57,62,67
2026-01-05,P072 (1990F 立秋),54,59,64
2026-01-06,P072 (1990F 立秋),60,65,70
2026-01-07,P072 (1990F 立秋),54,59,64
2026-01-08,P072 (1990F 立秋),64,69,74
2026-01-09,P072 (1990F 立秋),62,67,72
2026-01-10,P072 (1990F 立秋),53,58,63
2026-01-11,P072 (1990F 立秋),57,62,67
2026-01-12,P072 (1990F 立秋),49,54,59
2026-01-13,P072 (1990F 立秋),49,54,59
2026-01-14,P072 (1990F 立秋),48,53,58
2026-01-15,P072 (1990F 立秋),46,51,56
2026-01-16,P072 (1990F 立秋),47,52,57
2026-01-17,P072 (1990F 立秋),48,53,58
2026-01-18,P072 (1990F 立秋),62,67,72
2026-01-19,P072 (1990F 立秋),54,59,64
2026-01-20,P072 (1990F 立秋),58,63,68
2026-01-21,P072 (1990F 立秋),58,63,68
2026-01-22,P072 (1990F 立秋),55,60,65
2026-01-23,P072 (1990F 立秋),60,65,70
2026-01-24,P072 (1990F 立秋),51,56,61
2026-01-25,P072 (1990F 立秋),51,56,61
2026-01-26,P072 (1990F 立秋),48,53,58
2026-01-27,P072 (1990F 立秋),48,53,58
2026-01-28,P072 (1990F 立秋),50,55,60
2026-01-29,P072 (1990F 立秋),49,54,59
2026-01-30,P072 (1990F 立秋),62,67,72
2026-01-31,P072 (1990F 立秋),53,58,63
2026-02-01,P072 (1990F 立秋),60,65,70
2026-02-02,P072 (1990F 立秋),57,62,67
2026-02-03,P072 (1990F 立秋),53,58,63
2026-02-04,P072 (1990F 立秋),72,77,82
2026-02-05,P072 (1990F 立秋),53,58,63
2026-02-06,P072 (1990F 立秋),61,66,71
2026-02-07,P072 (1990F 立秋),53,58,63
2026-02-08,P072 (1990F 立秋),51,56,61
2026-02-09,P072 (1990F 立秋),58,63,68
2026-02-10,P072 (1990F 立秋),56,61,66
2026-02-11,P072 (1990F 立秋),73,78,83
2026-02-12,P072 (1990F 立秋),64,69,74
2026-02-13,P072 (1990F 立秋),74,79,84
2026-02-14,P072 (1990F 立秋),73,78,83
2026-02-15,P072 (1990F 立秋),58,63,68
2026-02-16,P072 (1990F 立秋),73,78,83
2026-02-17,P072 (1990F 立秋),56,61,66
2026-02-18,P072 (1990F 立秋),67,72,77
2026-02-19,P072 (1990F 立秋),54,59,64
2026-02-20,P072 (1990F 立秋),49,54,59
2026-02-21,P072 (1990F 立秋),61,66,71
2026-02-22,P072 (1990F 立秋),57,62,67
2026-02-23,P072 (1990F 立秋),77,82,87
2026-02-24,P072 (1990F 立秋),69,74,79
2026-02-25,P072 (1990F 立秋),67,72,77
2026-02-26,P072 (1990F 立秋),74,79,84
2026-02-27,P072 (1990F 立秋),71,76,81
2026-02-28,P072 (1990F 立秋),78,83,88
2026-03-01,P072 (1990F 立秋),57,62,67
2026-03-02,P072 (1990F 立秋),64,69,74
2026-03-03,P072 (1990F 立秋),52,57,62
2026-03-04,P072 (1990F 立秋),48,53,58
2026-03-05,P072 (1990F 立秋),62,67,72
2026-03-06,P072 (1990F 立秋),57,62,67
2026-03-07,P072 (1990F 立秋),68,73,78
2026-03-08,P072 (1990F 立秋),62,67,72
2026-03-09,P072 (1990F 立秋),70,75,80
2026-03-10,P072 (1990F 立秋),71,76,81
2026-03-11,P072 (1990F 立秋),63,68,73
2026-03-12,P072 (1990F 立秋),67,72,77
2026-03-13,P072 (1990F 立秋),56,61,66
2026-03-14,P072 (1990F 立秋),53,58,63
2026-03-15,P072 (1990F 立秋),51,56,61
2026-03-16,P072 (1990F 立秋),47,52,57
2026-03-17,P072 (1990F 立秋),54,59,64
2026-03-18,P072 (1990F 立秋),55,60,65
2026-03-19,P072 (1990F 立秋),74,79,84
2026-03-20,P072 (1990F 立秋),64,69,74
2026-03-21,P072 (1990F 立秋),69,74,79
2026-03-22,P072 (1990F 立秋),66,71,76
2026-03-23,P072 (1990F 立秋),61,66,71
2026-03-24,P072 (1990F 立秋),63,68,73
2026-03-25,P072 (1990F 立秋),55,60,65
2026-03-26,P072 (1990F 立秋),56,61,66
2026-03-27,P072 (1990F 立秋),49,54,59
2026-03-28,P072 (1990F 立秋),48,53,58
2026-03-29,P072 (1990F 立秋),58,63,68
2026-03-30,P072 (1990F 立秋),58,63,68
2026-03-31,P072 (1990F 立秋),72,77,82
2026-04-01,P072 (1990F 立秋),59,64,69
2026-04-02,P072 (1990F 立秋),67,72,77
2026-04-03,P072 (1990F 立秋),65,70,75
2026-04-04,P072 (1990F 立秋),60,65,70
2026-04-05,P072 (1990F 立秋),79,84,89
2026-04-06,P072 (1990F 立秋),61,66,71
2026-04-07,P072 (1990F 立秋),72,77,82
2026-04-08,P072 (1990F 立秋),63,68,73
2026-04-09,P072 (1990F 立秋),59,64,69
2026-04-10,P072 (1990F 立秋),67,72,77
2026-04-11,P072 (1990F 立秋),63,68,73
2026-04-12,P072 (1990F 立秋),79,84,89
2026-04-13,P072 (1990F 立秋),70,75,80
2026-04-14,P072 (1990F 立秋),81,86,91
2026-04-15,P072 (1990F 立秋),79,84,89
2026-04-16,P072 (1990F 立秋),65,70,75
2026-04-17,P072 (1990F 立秋),76,81,86
2026-04-18,P072 (1990F 立秋),63,68,73
2026-04-19,P072 (1990F 立秋),72,77,82
2026-04-20,P072 (1990F 立秋),57,62,67
2026-04-21,P072 (1990F 立秋),53,58,63
2026-04-22,P072 (1990F 立秋),63,68,73
2026-04-23,P072 (1990F 立秋),59,64,69
2026-04-24,P072 (1990F 立秋),79,84,89
2026-04-25,P072 (1990F 立秋),73,78,83
2026-04-26,P072 (1990F 立秋),74,79,84
2026-04-27,P072 (1990F 立秋),80,85,90
2026-04-28,P072 (1990F 立秋),76,81,86
2026-04-29,P072 (1990F 立秋),79,84,89
2026-04-30,P072 (1990F 立秋),63,68,73
2026-05-01,P072 (1990F 立秋),69,74,79
2026-05-02,P072 (1990F 立秋),59,64,69
2026-05-03,P072 (1990F 立秋),54,59,64
2026-05-04,P072 (1990F 立秋),67,72,77
2026-05-05,P072 (1990F 立秋),63,68,73
2026-05-06,P072 (1990F 立秋),81,86,91
2026-05-07,P072 (1990F 立秋),78,83,88
2026-05-08,P072 (1990F 立秋),85,90,95
2026-05-09,P072 (1990F 立秋),85,90,95
2026-05-10,P072 (1990F 立秋),72,77,82
2026-05-11,P072 (1990F 立秋),81,86,91
2026-05-12,P072 (1990F 立秋),66,71,76
2026-05-13,P072 (1990F 立秋),71,76,81
2026-05-14,P072 (1990F 立秋),61,66,71
2026-05-15,P072 (1990F 立秋),56,61,66
2026-05-16,P072 (1990F 立秋),68,73,78
2026-05-17,P072 (1990F 立秋),68,73,78
2026-05-18,P072 (1990F 立秋),85,90,95
2026-05-19,P072 (1990F 立秋),81,86,91
2026-05-20,P072 (1990F 立秋),80,85,90
2026-05-21,P072 (1990F 立秋),82,87,92
2026-05-22,P072 (1990F 立秋),70,75,80
2026-05-23,P072 (1990F 立秋),75,80,85
2026-05-24,P072 (1990F 立秋),65,70,75
2026-05-25,P072 (1990F 立秋),73,78,83
2026-05-26,P072 (1990F 立秋),56,61,66
2026-05-27,P072 (1990F 立秋),58,63,68
2026-05-28,P072 (1990F 立秋),79,84,89
2026-05-29,P072 (1990F 立秋),70,75,80
2026-05-30,P072 (1990F 立秋),84,89,94
2026-05-31,P072 (1990F 立秋),78,83,88
2025-12-03,P073 (1955M 戌月3시),87,92,97
2025-12-04,P073 (1955M 戌月3시),83,88,93
2025-12-05,P073 (1955M 戌月3시),68,73,78
2025-12-06,P073 (1955M 戌月3시),63,68,73
2025-12-07,P073 (1955M 戌月3시),62,67,72
2025-12-08,P073 (1955M 戌月3시),59,64,69
2025-12-09,P073 (1955M 戌月3시),51,56,61
2025-12-10,P073 (1955M 戌月3시),49,54,59
2025-12-11,P073 (1955M 戌月3시),64,69,74
2025-12-12,P073 (1955M 戌月3시),73,78,83
2025-12-13,P073 (1955M 戌月3시),50,55,60
2025-12-14,P073 (1955M 戌月3시),50,55,60
2025-12-15,P073 (1955M 戌月3시),77,82,87
2025-12-16,P073 (1955M 戌月3시),67,72,77
2025-12-17,P073 (1955M 戌月3시),51,56,61
2025-12-18,P073 (1955M 戌月3시),48,53,58
2025-12-19,P073 (1955M 戌月3시),63,68,73
2025-12-20,P073 (1955M 戌月3시),58,63,68
2025-12-21,P073 (1955M 戌月3시),60,65,70
2025-12-22,P073 (1955M 戌月3시),48,53,58
2025-12-23,P073 (1955M 戌月3시),58,63,68
2025-12-24,P073 (1955M 戌月3시),74,79,84
2025-12-25,P073 (1955M 戌月3시),49,54,59
2025-12-26,P073 (1955M 戌月3시),49,54,59
2025-12-27,P073 (1955M 戌月3시),73,78,83
2025-12-28,P073 (1955M 戌月3시),61,66,71
2025-12-29,P073 (1955M 戌月3시),52,57,62
2025-12-30,P073 (1955M 戌月3시),47,52,57
2025-12-31,P073 (1955M 戌月3시),70,75,80
2026-01-01,P073 (1955M 戌月3시),67,72,77
2026-01-02,P073 (1955M 戌月3시),55,60,65
2026-01-03,P073 (1955M 戌月3시),48,53,58
2026-01-04,P073 (1955M 戌月3시),59,64,69
2026-01-05,P073 (1955M 戌月3시),73,78,83
2026-01-06,P073 (1955M 戌月3시),50,55,60
2026-01-07,P073 (1955M 戌月3시),45,50,55
2026-01-08,P073 (1955M 戌月3시),71,76,81
2026-01-09,P073 (1955M 戌月3시),61,66,71
2026-01-10,P073 (1955M 戌月3시),56,61,66
2026-01-11,P073 (1955M 戌月3시),50,55,60
2026-01-12,P073 (1955M 戌月3시),57,62,67
2026-01-13,P073 (1955M 戌月3시),58,63,68
2026-01-14,P073 (1955M 戌月3시),47,52,57
2026-01-15,P073 (1955M 戌月3시),53,58,63
2026-01-16,P073 (1955M 戌月3시),54,59,64
2026-01-17,P073 (1955M 戌月3시),66,71,76
2026-01-18,P073 (1955M 戌月3시),49,54,59
2026-01-19,P073 (1955M 戌月3시),47,52,57
2026-01-20,P073 (1955M 戌月3시),73,78,83
2026-01-21,P073 (1955M 戌月3시),63,68,73
2026-01-22,P073 (1955M 戌月3시),51,56,61
2026-01-23,P073 (1955M 戌月3시),47,52,57
2026-01-24,P073 (1955M 戌月3시),59,64,69
2026-01-25,P073 (1955M 戌月3시),63,68,73
2026-01-26,P073 (1955M 戌月3시),51,56,61
2026-01-27,P073 (1955M 戌月3시),53,58,63
2026-01-28,P073 (1955M 戌月3시),55,60,65
2026-01-29,P073 (1955M 戌月3시),67,72,77
2026-01-30,P073 (1955M 戌月3시),51,56,61
2026-01-31,P073 (1955M 戌月3시),48,53,58
2026-02-01,P073 (1955M 戌月3시),72,77,82
2026-02-02,P073 (1955M 戌月3시),64,69,74
2026-02-03,P073 (1955M 戌月3시),55,60,65
2026-02-04,P073 (1955M 戌月3시),62,67,72
2026-02-05,P073 (1955M 戌月3시),76,81,86
2026-02-06,P073 (1955M 戌月3시),75,80,85
2026-02-07,P073 (1955M 戌月3시),67,72,77
2026-02-08,P073 (1955M 戌月3시),60,65,70
2026-02-09,P073 (1955M 戌月3시),78,83,88
2026-02-10,P073 (1955M 戌月3시),85,90,95
2026-02-11,P073 (1955M 戌月3시),59,64,69
2026-02-12,P073 (1955M 戌月3시),60,65,70
2026-02-13,P073 (1955M 戌月3시),86,91,96
2026-02-14,P073 (1955M 戌月3시),77,82,87
2026-02-15,P073 (1955M 戌月3시),62,67,72
2026-02-16,P073 (1955M 戌月3시),57,62,67
2026-02-17,P073 (1955M 戌月3시),75,80,85
2026-02-18,P073 (1955M 戌月3시),69,74,79
2026-02-19,P073 (1955M 戌月3시),70,75,80
2026-02-20,P073 (1955M 戌月3시),60,65,70
2026-02-21,P073 (1955M 戌月3시),69,74,79
2026-02-22,P073 (1955M 戌月3시),84,89,94
2026-02-23,P073 (1955M 戌月3시),59,64,69
2026-02-24,P073 (1955M 戌月3시),60,65,70
2026-02-25,P073 (1955M 戌月3시),83,88,93
2026-02-26,P073 (1955M 戌月3시),74,79,84
2026-02-27,P073 (1955M 戌月3시),61,66,71
2026-02-28,P073 (1955M 戌月3시),51,56,61
2026-03-01,P073 (1955M 戌月3시),81,86,91
2026-03-02,P073 (1955M 戌月3시),78,83,88
2026-03-03,P073 (1955M 戌月3시),66,71,76
2026-03-04,P073 (1955M 戌月3시),59,64,69
2026-03-05,P073 (1955M 戌月3시),73,78,83
2026-03-06,P073 (1955M 戌月3시),88,93,98
2026-03-07,P073 (1955M 戌月3시),65,70,75
2026-03-08,P073 (1955M 戌月3시),57,62,67
2026-03-09,P073 (1955M 戌月3시),86,91,96
2026-03-10,P073 (1955M 戌月3시),74,79,84
2026-03-11,P073 (1955M 戌月3시),70,75,80
2026-03-12,P073 (1955M 戌月3시),64,69,74
2026-03-13,P073 (1955M 戌月3시),79,84,89
2026-03-14,P073 (1955M 戌月3시),81,86,91
2026-03-15,P073 (1955M 戌月3시),68,73,78
2026-03-16,P073 (1955M 戌月3시),68,73,78
2026-03-17,P073 (1955M 戌月3시),70,75,80
2026-03-18,P073 (1955M 戌月3시),82,87,92
2026-03-19,P073 (1955M 戌月3시),63,68,73
2026-03-20,P073 (1955M 戌月3시),53,58,63
2026-03-21,P073 (1955M 戌月3시),88,93,98
2026-03-22,P073 (1955M 戌月3시),80,85,90
2026-03-23,P073 (1955M 戌月3시),64,69,74
2026-03-24,P073 (1955M 戌月3시),62,67,72
2026-03-25,P073 (1955M 戌月3시),80,85,90
2026-03-26,P073 (1955M 戌月3시),82,87,92
2026-03-27,P073 (1955M 戌月3시),64,69,74
2026-03-28,P073 (1955M 戌月3시),64,69,74
2026-03-29,P073 (1955M 戌月3시),71,76,81
2026-03-30,P073 (1955M 戌月3시),77,82,87
2026-03-31,P073 (1955M 戌月3시),63,68,73
2026-04-01,P073 (1955M 戌月3시),55,60,65
2026-04-02,P073 (1955M 戌月3시),83,88,93
2026-04-03,P073 (1955M 戌月3시),78,83,88
2026-04-04,P073 (1955M 戌月3시),63,68,73
2026-04-05,P073 (1955M 戌月3시),55,60,65
2026-04-06,P073 (1955M 戌月3시),67,72,77
2026-04-07,P073 (1955M 戌月3시),66,71,76
2026-04-08,P073 (1955M 戌月3시),57,62,67
2026-04-09,P073 (1955M 戌月3시),55,60,65
2026-04-10,P073 (1955M 戌月3시),62,67,72
2026-04-11,P073 (1955M 戌月3시),75,80,85
2026-04-12,P073 (1955M 戌月3시),52,57,62
2026-04-13,P073 (1955M 戌月3시),46,51,56
2026-04-14,P073 (1955M 戌月3시),73,78,83
2026-04-15,P073 (1955M 戌月3시),68,73,78
2026-04-16,P073 (1955M 戌月3시),59,64,69
2026-04-17,P073 (1955M 戌月3시),54,59,64
2026-04-18,P073 (1955M 戌月3시),64,69,74
2026-04-19,P073 (1955M 戌月3시),64,69,74
2026-04-20,P073 (1955M 戌月3시),56,61,66
2026-04-21,P073 (1955M 戌月3시),58,63,68
2026-04-22,P073 (1955M 戌月3시),56,61,66
2026-04-23,P073 (1955M 戌月3시),71,76,81
2026-04-24,P073 (1955M 戌月3시),53,58,63
2026-04-25,P073 (1955M 戌月3시),51,56,61
2026-04-26,P073 (1955M 戌月3시),77,82,87
2026-04-27,P073 (1955M 戌月3시),67,72,77
2026-04-28,P073 (1955M 戌月3시),60,65,70
2026-04-29,P073 (1955M 戌月3시),51,56,61
2026-04-30,P073 (1955M 戌月3시),70,75,80
2026-05-01,P073 (1955M 戌月3시),69,74,79
2026-05-02,P073 (1955M 戌月3시),52,57,62
2026-05-03,P073 (1955M 戌月3시),55,60,65
2026-05-04,P073 (1955M 戌月3시),56,61,66
2026-05-05,P073 (1955M 戌月3시),76,81,86
2026-05-06,P073 (1955M 戌月3시),45,50,55
2026-05-07,P073 (1955M 戌月3시),46,51,56
2026-05-08,P073 (1955M 戌月3시),64,69,74
2026-05-09,P073 (1955M 戌月3시),55,60,65
2026-05-10,P073 (1955M 戌月3시),50,55,60
2026-05-11,P073 (1955M 戌月3시),46,51,56
2026-05-12,P073 (1955M 戌月3시),52,57,62
2026-05-13,P073 (1955M 戌月3시),55,60,65
2026-05-14,P073 (1955M 戌月3시),48,53,58
2026-05-15,P073 (1955M 戌月3시),48,53,58
2026-05-16,P073 (1955M 戌月3시),49,54,59
2026-05-17,P073 (1955M 戌月3시),63,68,73
2026-05-18,P073 (1955M 戌月3시),46,51,56
2026-05-19,P073 (1955M 戌月3시),47,52,57
2026-05-20,P073 (1955M 戌月3시),70,75,80
2026-05-21,P073 (1955M 戌月3시),57,62,67
2026-05-22,P073 (1955M 戌月3시),49,54,59
2026-05-23,P073 (1955M 戌月3시),49,54,59
2026-05-24,P073 (1955M 戌月3시),57,62,67
2026-05-25,P073 (1955M 戌月3시),59,64,69
2026-05-26,P073 (1955M 戌月3시),49,54,59
2026-05-27,P073 (1955M 戌月3시),52,57,62
2026-05-28,P073 (1955M 戌月3시),52,57,62
2026-05-29,P073 (1955M 戌月3시),63,68,73
2026-05-30,P073 (1955M 戌月3시),50,55,60
2026-05-31,P073 (1955M 戌月3시),49,54,59
2025-12-03,P074 (1963F 子月21시),60,65,70
2025-12-04,P074 (1963F 子月21시),63,68,73
2025-12-05,P074 (1963F 子月21시),53,58,63
2025-12-06,P074 (1963F 子月21시),58,63,68
2025-12-07,P074 (1963F 子月21시),65,70,75
2025-12-08,P074 (1963F 子月21시),60,65,70
2025-12-09,P074 (1963F 子月21시),59,64,69
2025-12-10,P074 (1963F 子月21시),71,76,81
2025-12-11,P074 (1963F 子月21시),66,71,76
2025-12-12,P074 (1963F 子月21시),71,76,81
2025-12-13,P074 (1963F 子月21시),55,60,65
2025-12-14,P074 (1963F 子月21시),56,61,66
2025-12-15,P074 (1963F 子月21시),71,76,81
2025-12-16,P074 (1963F 子月21시),72,77,82
2025-12-17,P074 (1963F 子月21시),58,63,68
2025-12-18,P074 (1963F 子月21시),60,65,70
2025-12-19,P074 (1963F 子月21시),66,71,76
2025-12-20,P074 (1963F 子月21시),61,66,71
2025-12-21,P074 (1963F 子月21시),56,61,66
2025-12-22,P074 (1963F 子月21시),64,69,74
2025-12-23,P074 (1963F 子月21시),63,68,73
2025-12-24,P074 (1963F 子月21시),64,69,74
2025-12-25,P074 (1963F 子月21시),64,69,74
2025-12-26,P074 (1963F 子月21시),61,66,71
2025-12-27,P074 (1963F 子月21시),67,72,77
2025-12-28,P074 (1963F 子月21시),77,82,87
2025-12-29,P074 (1963F 子月21시),59,64,69
2025-12-30,P074 (1963F 子月21시),62,67,72
2025-12-31,P074 (1963F 子月21시),63,68,73
2026-01-01,P074 (1963F 子月21시),55,60,65
2026-01-02,P074 (1963F 子月21시),55,60,65
2026-01-03,P074 (1963F 子月21시),57,62,67
2026-01-04,P074 (1963F 子月21시),72,77,82
2026-01-05,P074 (1963F 子月21시),71,76,81
2026-01-06,P074 (1963F 子月21시),54,59,64
2026-01-07,P074 (1963F 子月21시),61,66,71
2026-01-08,P074 (1963F 子月21시),61,66,71
2026-01-09,P074 (1963F 子月21시),67,72,77
2026-01-10,P074 (1963F 子月21시),51,56,61
2026-01-11,P074 (1963F 子月21시),57,62,67
2026-01-12,P074 (1963F 子月21시),57,62,67
2026-01-13,P074 (1963F 子月21시),53,58,63
2026-01-14,P074 (1963F 子月21시),58,63,68
2026-01-15,P074 (1963F 子月21시),58,63,68
2026-01-16,P074 (1963F 子月21시),61,66,71
2026-01-17,P074 (1963F 子月21시),64,69,74
2026-01-18,P074 (1963F 子月21시),48,53,58
2026-01-19,P074 (1963F 子月21시),55,60,65
2026-01-20,P074 (1963F 子月21시),56,61,66
2026-01-21,P074 (1963F 子月21시),63,68,73
2026-01-22,P074 (1963F 子月21시),49,54,59
2026-01-23,P074 (1963F 子月21시),52,57,62
2026-01-24,P074 (1963F 子月21시),61,66,71
2026-01-25,P074 (1963F 子月21시),58,63,68
2026-01-26,P074 (1963F 子月21시),57,62,67
2026-01-27,P074 (1963F 子月21시),62,67,72
2026-01-28,P074 (1963F 子月21시),61,66,71
2026-01-29,P074 (1963F 子月21시),65,70,75
2026-01-30,P074 (1963F 子月21시),52,57,62
2026-01-31,P074 (1963F 子月21시),61,66,71
2026-02-01,P074 (1963F 子月21시),60,65,70
2026-02-02,P074 (1963F 子月21시),60,65,70
2026-02-03,P074 (1963F 子月21시),56,61,66
2026-02-04,P074 (1963F 子月21시),61,66,71
2026-02-05,P074 (1963F 子月21시),70,75,80
2026-02-06,P074 (1963F 子月21시),63,68,73
2026-02-07,P074 (1963F 子月21시),65,70,75
2026-02-08,P074 (1963F 子月21시),74,79,84
2026-02-09,P074 (1963F 子月21시),71,76,81
2026-02-10,P074 (1963F 子月21시),76,81,86
2026-02-11,P074 (1963F 子月21시),58,63,68
2026-02-12,P074 (1963F 子月21시),59,64,69
2026-02-13,P074 (1963F 子月21시),74,79,84
2026-02-14,P074 (1963F 子月21시),75,80,85
2026-02-15,P074 (1963F 子月21시),61,66,71
2026-02-16,P074 (1963F 子月21시),65,70,75
2026-02-17,P074 (1963F 子月21시),69,74,79
2026-02-18,P074 (1963F 子月21시),65,70,75
2026-02-19,P074 (1963F 子月21시),62,67,72
2026-02-20,P074 (1963F 子月21시),69,74,79
2026-02-21,P074 (1963F 子月21시),69,74,79
2026-02-22,P074 (1963F 子月21시),68,73,78
2026-02-23,P074 (1963F 子月21시),67,72,77
2026-02-24,P074 (1963F 子月21시),64,69,74
2026-02-25,P074 (1963F 子月21시),70,75,80
2026-02-26,P074 (1963F 子月21시),76,81,86
2026-02-27,P074 (1963F 子月21시),63,68,73
2026-02-28,P074 (1963F 子月21시),62,67,72
2026-03-01,P074 (1963F 子月21시),66,71,76
2026-03-02,P074 (1963F 子月21시),59,64,69
2026-03-03,P074 (1963F 子月21시),59,64,69
2026-03-04,P074 (1963F 子月21시),61,66,71
2026-03-05,P074 (1963F 子月21시),77,82,87
2026-03-06,P074 (1963F 子月21시),79,84,89
2026-03-07,P074 (1963F 子月21시),64,69,74
2026-03-08,P074 (1963F 子月21시),69,74,79
2026-03-09,P074 (1963F 子月21시),72,77,82
2026-03-10,P074 (1963F 子月21시),78,83,88
2026-03-11,P074 (1963F 子月21시),60,65,70
2026-03-12,P074 (1963F 子月21시),63,68,73
2026-03-13,P074 (1963F 子月21시),62,67,72
2026-03-14,P074 (1963F 子月21시),59,64,69
2026-03-15,P074 (1963F 子月21시),69,74,79
2026-03-16,P074 (1963F 子月21시),71,76,81
2026-03-17,P074 (1963F 子月21시),74,79,84
2026-03-18,P074 (1963F 子月21시),77,82,87
2026-03-19,P074 (1963F 子月21시),62,67,72
2026-03-20,P074 (1963F 子月21시),66,71,76
2026-03-21,P074 (1963F 子月21시),69,74,79
2026-03-22,P074 (1963F 子月21시),76,81,86
2026-03-23,P074 (1963F 子月21시),58,63,68
2026-03-24,P074 (1963F 子月21시),59,64,69
2026-03-25,P074 (1963F 子月21시),73,78,83
2026-03-26,P074 (1963F 子月21시),66,71,76
2026-03-27,P074 (1963F 子月21시),64,69,74
2026-03-28,P074 (1963F 子月21시),75,80,85
2026-03-29,P074 (1963F 子月21시),73,78,83
2026-03-30,P074 (1963F 子月21시),78,83,88
2026-03-31,P074 (1963F 子月21시),62,67,72
2026-04-01,P074 (1963F 子月21시),68,73,78
2026-04-02,P074 (1963F 子月21시),68,73,78
2026-04-03,P074 (1963F 子月21시),68,73,78
2026-04-04,P074 (1963F 子月21시),68,73,78
2026-04-05,P074 (1963F 子月21시),51,56,61
2026-04-06,P074 (1963F 子月21시),59,64,69
2026-04-07,P074 (1963F 子月21시),53,58,63
2026-04-08,P074 (1963F 子月21시),55,60,65
2026-04-09,P074 (1963F 子月21시),64,69,74
2026-04-10,P074 (1963F 子月21시),61,66,71
2026-04-11,P074 (1963F 子月21시),63,68,73
2026-04-12,P074 (1963F 子月21시),47,52,57
2026-04-13,P074 (1963F 子月21시),49,54,59
2026-04-14,P074 (1963F 子月21시),63,68,73
2026-04-15,P074 (1963F 子月21시),63,68,73
2026-04-16,P074 (1963F 子月21시),52,57,62
2026-04-17,P074 (1963F 子月21시),52,57,62
2026-04-18,P074 (1963F 子月21시),58,63,68
2026-04-19,P074 (1963F 子月21시),51,56,61
2026-04-20,P074 (1963F 子月21시),49,54,59
2026-04-21,P074 (1963F 子月21시),60,65,70
2026-04-22,P074 (1963F 子月21시),59,64,69
2026-04-23,P074 (1963F 子月21시),57,62,67
2026-04-24,P074 (1963F 子月21시),55,60,65
2026-04-25,P074 (1963F 子月21시),52,57,62
2026-04-26,P074 (1963F 子月21시),63,68,73
2026-04-27,P074 (1963F 子月21시),71,76,81
2026-04-28,P074 (1963F 子月21시),52,57,62
2026-04-29,P074 (1963F 子月21시),53,58,63
2026-04-30,P074 (1963F 子月21시),55,60,65
2026-05-01,P074 (1963F 子月21시),51,56,61
2026-05-02,P074 (1963F 子月21시),53,58,63
2026-05-03,P074 (1963F 子月21시),52,57,62
2026-05-04,P074 (1963F 子月21시),68,73,78
2026-05-05,P074 (1963F 子月21시),66,71,76
2026-05-06,P074 (1963F 子月21시),52,57,62
2026-05-07,P074 (1963F 子月21시),62,67,72
2026-05-08,P074 (1963F 子月21시),58,63,68
2026-05-09,P074 (1963F 子月21시),64,69,74
2026-05-10,P074 (1963F 子月21시),53,58,63
2026-05-11,P074 (1963F 子月21시),56,61,66
2026-05-12,P074 (1963F 子月21시),56,61,66
2026-05-13,P074 (1963F 子月21시),54,59,64
2026-05-14,P074 (1963F 子月21시),57,62,67
2026-05-15,P074 (1963F 子月21시),61,66,71
2026-05-16,P074 (1963F 子月21시),59,64,69
2026-05-17,P074 (1963F 子月21시),64,69,74
2026-05-18,P074 (1963F 子月21시),49,54,59
2026-05-19,P074 (1963F 子月21시),58,63,68
2026-05-20,P074 (1963F 子月21시),60,65,70
2026-05-21,P074 (1963F 子月21시),64,69,74
2026-05-22,P074 (1963F 子月21시),48,53,58
2026-05-23,P074 (1963F 子月21시),52,57,62
2026-05-24,P074 (1963F 子月21시),57,62,67
2026-05-25,P074 (1963F 子月21시),57,62,67
2026-05-26,P074 (1963F 子月21시),55,60,65
2026-05-27,P074 (1963F 子月21시),61,66,71
2026-05-28,P074 (1963F 子月21시),60,65,70
2026-05-29,P074 (1963F 子月21시),65,70,75
2026-05-30,P074 (1963F 子月21시),51,56,61
2026-05-31,P074 (1963F 子月21시),59,64,69
2025-12-03,P075 (1971M 辰月9시),57,63,68
2025-12-04,P075 (1971M 辰月9시),53,59,64
2025-12-05,P075 (1971M 辰月9시),55,61,66
2025-12-06,P075 (1971M 辰月9시),60,66,71
2025-12-07,P075 (1971M 辰月9시),57,63,68
2025-12-08,P075 (1971M 辰月9시),61,67,72
2025-12-09,P075 (1971M 辰月9시),67,73,78
2025-12-10,P075 (1971M 辰月9시),70,76,81
2025-12-11,P075 (1971M 辰月9시),66,72,77
2025-12-12,P075 (1971M 辰月9시),72,78,83
2025-12-13,P075 (1971M 辰月9시),59,65,70
2025-12-14,P075 (1971M 辰月9시),59,65,70
2025-12-15,P075 (1971M 辰月9시),64,70,75
2025-12-16,P075 (1971M 辰月9시),69,75,80
2025-12-17,P075 (1971M 辰月9시),58,64,69
2025-12-18,P075 (1971M 辰月9시),74,80,85
2025-12-19,P075 (1971M 辰月9시),62,68,73
2025-12-20,P075 (1971M 辰月9시),64,70,75
2025-12-21,P075 (1971M 辰月9시),73,79,84
2025-12-22,P075 (1971M 辰月9시),65,71,76
2025-12-23,P075 (1971M 辰月9시),67,73,78
2025-12-24,P075 (1971M 辰月9시),71,77,82
2025-12-25,P075 (1971M 辰月9시),57,63,68
2025-12-26,P075 (1971M 辰月9시),59,65,70
2025-12-27,P075 (1971M 辰月9시),60,66,71
2025-12-28,P075 (1971M 辰月9시),65,71,76
2025-12-29,P075 (1971M 辰月9시),62,68,73
2025-12-30,P075 (1971M 辰月9시),74,80,85
2025-12-31,P075 (1971M 辰月9시),60,66,71
2026-01-01,P075 (1971M 辰月9시),60,66,71
2026-01-02,P075 (1971M 辰月9시),68,74,79
2026-01-03,P075 (1971M 辰月9시),61,67,72
2026-01-04,P075 (1971M 辰月9시),59,65,70
2026-01-05,P075 (1971M 辰月9시),76,82,87
2026-01-06,P075 (1971M 辰月9시),46,52,57
2026-01-07,P075 (1971M 辰月9시),51,57,62
2026-01-08,P075 (1971M 辰月9시),56,62,67
2026-01-09,P075 (1971M 辰月9시),62,68,73
2026-01-10,P075 (1971M 辰月9시),62,68,73
2026-01-11,P075 (1971M 辰月9시),63,69,74
2026-01-12,P075 (1971M 辰月9시),55,61,66
2026-01-13,P075 (1971M 辰月9시),53,59,64
2026-01-14,P075 (1971M 辰月9시),61,67,72
2026-01-15,P075 (1971M 辰月9시),63,69,74
2026-01-16,P075 (1971M 辰月9시),53,59,64
2026-01-17,P075 (1971M 辰月9시),70,76,81
2026-01-18,P075 (1971M 辰月9시),52,58,63
2026-01-19,P075 (1971M 辰月9시),54,60,65
2026-01-20,P075 (1971M 辰月9시),62,68,73
2026-01-21,P075 (1971M 辰月9시),55,61,66
2026-01-22,P075 (1971M 辰月9시),62,68,73
2026-01-23,P075 (1971M 辰月9시),64,70,75
2026-01-24,P075 (1971M 辰月9시),55,61,66
2026-01-25,P075 (1971M 辰月9시),54,60,65
2026-01-26,P075 (1971M 辰月9시),56,62,67
2026-01-27,P075 (1971M 辰月9시),61,67,72
2026-01-28,P075 (1971M 辰月9시),56,62,67
2026-01-29,P075 (1971M 辰月9시),73,79,84
2026-01-30,P075 (1971M 辰月9시),50,56,61
2026-01-31,P075 (1971M 辰月9시),53,59,64
2026-02-01,P075 (1971M 辰月9시),63,69,74
2026-02-02,P075 (1971M 辰月9시),56,62,67
2026-02-03,P075 (1971M 辰月9시),56,62,67
2026-02-04,P075 (1971M 辰月9시),66,72,77
2026-02-05,P075 (1971M 辰月9시),52,58,63
2026-02-06,P075 (1971M 辰月9시),57,63,68
2026-02-07,P075 (1971M 辰月9시),62,68,73
2026-02-08,P075 (1971M 辰月9시),61,67,72
2026-02-09,P075 (1971M 辰月9시),58,64,69
2026-02-10,P075 (1971M 辰月9시),64,70,75
2026-02-11,P075 (1971M 辰月9시),53,59,64
2026-02-12,P075 (1971M 辰月9시),52,58,63
2026-02-13,P075 (1971M 辰月9시),58,64,69
2026-02-14,P075 (1971M 辰月9시),58,64,69
2026-02-15,P075 (1971M 辰月9시),55,61,66
2026-02-16,P075 (1971M 辰月9시),65,71,76
2026-02-17,P075 (1971M 辰月9시),56,62,67
2026-02-18,P075 (1971M 辰月9시),58,64,69
2026-02-19,P075 (1971M 辰月9시),64,70,75
2026-02-20,P075 (1971M 辰月9시),58,64,69
2026-02-21,P075 (1971M 辰月9시),59,65,70
2026-02-22,P075 (1971M 辰月9시),65,71,76
2026-02-23,P075 (1971M 辰月9시),54,60,65
2026-02-24,P075 (1971M 辰月9시),56,62,67
2026-02-25,P075 (1971M 辰月9시),56,62,67
2026-02-26,P075 (1971M 辰月9시),60,66,71
2026-02-27,P075 (1971M 辰月9시),60,66,71
2026-02-28,P075 (1971M 辰月9시),69,75,80
2026-03-01,P075 (1971M 辰月9시),57,63,68
2026-03-02,P075 (1971M 辰月9시),57,63,68
2026-03-03,P075 (1971M 辰月9시),65,71,76
2026-03-04,P075 (1971M 辰月9시),56,62,67
2026-03-05,P075 (1971M 辰月9시),58,64,69
2026-03-06,P075 (1971M 辰月9시),80,86,91
2026-03-07,P075 (1971M 辰月9시),52,58,63
2026-03-08,P075 (1971M 辰月9시),61,67,72
2026-03-09,P075 (1971M 辰月9시),70,76,81
2026-03-10,P075 (1971M 辰月9시),75,81,86
2026-03-11,P075 (1971M 辰月9시),73,79,84
2026-03-12,P075 (1971M 辰月9시),75,81,86
2026-03-13,P075 (1971M 辰月9시),63,69,74
2026-03-14,P075 (1971M 辰月9시),61,67,72
2026-03-15,P075 (1971M 辰月9시),69,75,80
2026-03-16,P075 (1971M 辰月9시),73,79,84
2026-03-17,P075 (1971M 辰月9시),56,62,67
2026-03-18,P075 (1971M 辰月9시),76,82,87
2026-03-19,P075 (1971M 辰月9시),56,62,67
2026-03-20,P075 (1971M 辰月9시),64,70,75
2026-03-21,P075 (1971M 辰月9시),73,79,84
2026-03-22,P075 (1971M 辰月9시),67,73,78
2026-03-23,P075 (1971M 辰月9시),71,77,82
2026-03-24,P075 (1971M 辰月9시),74,80,85
2026-03-25,P075 (1971M 辰月9시),61,67,72
2026-03-26,P075 (1971M 辰月9시),66,72,77
2026-03-27,P075 (1971M 辰月9시),64,70,75
2026-03-28,P075 (1971M 辰月9시),71,77,82
2026-03-29,P075 (1971M 辰月9시),65,71,76
2026-03-30,P075 (1971M 辰月9시),83,89,94
2026-03-31,P075 (1971M 辰月9시),56,62,67
2026-04-01,P075 (1971M 辰月9시),57,63,68
2026-04-02,P075 (1971M 辰月9시),71,77,82
2026-04-03,P075 (1971M 辰月9시),65,71,76
2026-04-04,P075 (1971M 辰月9시),65,71,76
2026-04-05,P075 (1971M 辰月9시),57,63,68
2026-04-06,P075 (1971M 辰月9시),47,53,58
2026-04-07,P075 (1971M 辰月9시),50,56,61
2026-04-08,P075 (1971M 辰月9시),57,63,68
2026-04-09,P075 (1971M 辰月9시),54,60,65
2026-04-10,P075 (1971M 辰月9시),51,57,62
2026-04-11,P075 (1971M 辰月9시),60,66,71
2026-04-12,P075 (1971M 辰月9시),50,56,61
2026-04-13,P075 (1971M 辰月9시),48,54,59
2026-04-14,P075 (1971M 辰月9시),53,59,64
2026-04-15,P075 (1971M 辰月9시),54,60,65
2026-04-16,P075 (1971M 辰月9시),51,57,62
2026-04-17,P075 (1971M 辰月9시),57,63,68
2026-04-18,P075 (1971M 辰月9시),52,58,63
2026-04-19,P075 (1971M 辰月9시),53,59,64
2026-04-20,P075 (1971M 辰月9시),55,61,66
2026-04-21,P075 (1971M 辰月9시),49,55,60
2026-04-22,P075 (1971M 辰月9시),51,57,62
2026-04-23,P075 (1971M 辰月9시),57,63,68
2026-04-24,P075 (1971M 辰月9시),48,54,59
2026-04-25,P075 (1971M 辰月9시),51,57,62
2026-04-26,P075 (1971M 辰月9시),51,57,62
2026-04-27,P075 (1971M 辰月9시),53,59,64
2026-04-28,P075 (1971M 辰月9시),54,60,65
2026-04-29,P075 (1971M 辰月9시),59,65,70
2026-04-30,P075 (1971M 辰月9시),51,57,62
2026-05-01,P075 (1971M 辰月9시),50,56,61
2026-05-02,P075 (1971M 辰月9시),61,67,72
2026-05-03,P075 (1971M 辰月9시),53,59,64
2026-05-04,P075 (1971M 辰月9시),53,59,64
2026-05-05,P075 (1971M 辰月9시),61,67,72
2026-05-06,P075 (1971M 辰月9시),48,54,59
2026-05-07,P075 (1971M 辰月9시),52,58,63
2026-05-08,P075 (1971M 辰月9시),57,63,68
2026-05-09,P075 (1971M 辰月9시),61,67,72
2026-05-10,P075 (1971M 辰月9시),60,66,71
2026-05-11,P075 (1971M 辰月9시),61,67,72
2026-05-12,P075 (1971M 辰月9시),55,61,66
2026-05-13,P075 (1971M 辰月9시),56,62,67
2026-05-14,P075 (1971M 辰月9시),62,68,73
2026-05-15,P075 (1971M 辰月9시),61,67,72
2026-05-16,P075 (1971M 辰月9시),53,59,64
2026-05-17,P075 (1971M 辰月9시),68,74,79
2026-05-18,P075 (1971M 辰月9시),51,57,62
2026-05-19,P075 (1971M 辰月9시),55,61,66
2026-05-20,P075 (1971M 辰月9시),63,69,74
2026-05-21,P075 (1971M 辰月9시),55,61,66
2026-05-22,P075 (1971M 辰月9시),59,65,70
2026-05-23,P075 (1971M 辰月9시),60,66,71
2026-05-24,P075 (1971M 辰月9시),52,58,63
2026-05-25,P075 (1971M 辰月9시),55,61,66
2026-05-26,P075 (1971M 辰月9시),57,63,68
2026-05-27,P075 (1971M 辰月9시),58,64,69
2026-05-28,P075 (1971M 辰月9시),54,60,65
2026-05-29,P075 (1971M 辰月9시),68,74,79
2026-05-30,P075 (1971M 辰月9시),49,55,60
2026-05-31,P075 (1971M 辰月9시),54,60,65
2025-12-03,P076 (1977F 未月15시),66,72,77
2025-12-04,P076 (1977F 未月15시),49,55,60
2025-12-05,P076 (1977F 未月15시),51,57,62
2025-12-06,P076 (1977F 未月15시),51,57,62
2025-12-07,P076 (1977F 未月15시),48,54,59
2025-12-08,P076 (1977F 未月15시),53,59,64
2025-12-09,P076 (1977F 未月15시),52,58,63
2025-12-10,P076 (1977F 未月15시),48,54,59
2025-12-11,P076 (1977F 未月15시),52,58,63
2025-12-12,P076 (1977F 未月15시),56,62,67
2025-12-13,P076 (1977F 未月15시),61,67,72
2025-12-14,P076 (1977F 未月15시),49,55,60
2025-12-15,P076 (1977F 未月15시),74,80,85
2025-12-16,P076 (1977F 未月15시),58,64,69
2025-12-17,P076 (1977F 未月15시),49,55,60
2025-12-18,P076 (1977F 未月15시),56,62,67
2025-12-19,P076 (1977F 未月15시),50,56,61
2025-12-20,P076 (1977F 未月15시),53,59,64
2025-12-21,P076 (1977F 未月15시),61,67,72
2025-12-22,P076 (1977F 未月15시),50,56,61
2025-12-23,P076 (1977F 未月15시),50,56,61
2025-12-24,P076 (1977F 未月15시),52,58,63
2025-12-25,P076 (1977F 未月15시),66,72,77
2025-12-26,P076 (1977F 未月15시),54,60,65
2025-12-27,P076 (1977F 未月15시),72,78,83
2025-12-28,P076 (1977F 未月15시),58,64,69
2025-12-29,P076 (1977F 未月15시),49,55,60
2025-12-30,P076 (1977F 未月15시),53,59,64
2025-12-31,P076 (1977F 未月15시),52,58,63
2026-01-01,P076 (1977F 未月15시),51,57,62
2026-01-02,P076 (1977F 未月15시),54,60,65
2026-01-03,P076 (1977F 未月15시),47,53,58
2026-01-04,P076 (1977F 未月15시),48,54,59
2026-01-05,P076 (1977F 未月15시),51,57,62
2026-01-06,P076 (1977F 未月15시),48,54,59
2026-01-07,P076 (1977F 未月15시),48,54,59
2026-01-08,P076 (1977F 未月15시),55,61,66
2026-01-09,P076 (1977F 未月15시),48,54,59
2026-01-10,P076 (1977F 未月15시),48,54,59
2026-01-11,P076 (1977F 未月15시),47,53,58
2026-01-12,P076 (1977F 未月15시),48,54,59
2026-01-13,P076 (1977F 未月15시),47,53,58
2026-01-14,P076 (1977F 未月15시),48,54,59
2026-01-15,P076 (1977F 未月15시),48,54,59
2026-01-16,P076 (1977F 未月15시),49,55,60
2026-01-17,P076 (1977F 未月15시),50,56,61
2026-01-18,P076 (1977F 未月15시),48,54,59
2026-01-19,P076 (1977F 未月15시),49,55,60
2026-01-20,P076 (1977F 未月15시),68,74,79
2026-01-21,P076 (1977F 未月15시),51,57,62
2026-01-22,P076 (1977F 未月15시),51,57,62
2026-01-23,P076 (1977F 未月15시),49,55,60
2026-01-24,P076 (1977F 未月15시),48,54,59
2026-01-25,P076 (1977F 未月15시),49,55,60
2026-01-26,P076 (1977F 未月15시),49,55,60
2026-01-27,P076 (1977F 未月15시),51,57,62
2026-01-28,P076 (1977F 未月15시),52,58,63
2026-01-29,P076 (1977F 未月15시),49,55,60
2026-01-30,P076 (1977F 未月15시),56,62,67
2026-01-31,P076 (1977F 未月15시),50,56,61
2026-02-01,P076 (1977F 未月15시),69,75,80
2026-02-02,P076 (1977F 未月15시),52,58,63
2026-02-03,P076 (1977F 未月15시),52,58,63
2026-02-04,P076 (1977F 未月15시),50,56,61
2026-02-05,P076 (1977F 未月15시),49,55,60
2026-02-06,P076 (1977F 未月15시),51,57,62
2026-02-07,P076 (1977F 未月15시),51,57,62
2026-02-08,P076 (1977F 未月15시),49,55,60
2026-02-09,P076 (1977F 未月15시),50,56,61
2026-02-10,P076 (1977F 未月15시),52,58,63
2026-02-11,P076 (1977F 未月15시),54,60,65
2026-02-12,P076 (1977F 未月15시),49,55,60
2026-02-13,P076 (1977F 未月15시),65,71,76
2026-02-14,P076 (1977F 未月15시),49,55,60
2026-02-15,P076 (1977F 未月15시),50,56,61
2026-02-16,P076 (1977F 未月15시),49,55,60
2026-02-17,P076 (1977F 未月15시),50,56,61
2026-02-18,P076 (1977F 未月15시),51,57,62
2026-02-19,P076 (1977F 未月15시),50,56,61
2026-02-20,P076 (1977F 未月15시),49,55,60
2026-02-21,P076 (1977F 未月15시),49,55,60
2026-02-22,P076 (1977F 未月15시),49,55,60
2026-02-23,P076 (1977F 未月15시),54,60,65
2026-02-24,P076 (1977F 未月15시),51,57,62
2026-02-25,P076 (1977F 未月15시),62,68,73
2026-02-26,P076 (1977F 未月15시),51,57,62
2026-02-27,P076 (1977F 未月15시),52,58,63
2026-02-28,P076 (1977F 未月15시),51,57,62
2026-03-01,P076 (1977F 未月15시),49,55,60
2026-03-02,P076 (1977F 未月15시),50,56,61
2026-03-03,P076 (1977F 未月15시),50,56,61
2026-03-04,P076 (1977F 未月15시),49,55,60
2026-03-05,P076 (1977F 未月15시),50,56,61
2026-03-06,P076 (1977F 未月15시),59,65,70
2026-03-07,P076 (1977F 未月15시),61,67,72
2026-03-08,P076 (1977F 未月15시),55,61,66
2026-03-09,P076 (1977F 未月15시),71,77,82
2026-03-10,P076 (1977F 未月15시),57,63,68
2026-03-11,P076 (1977F 未月15시),56,62,67
2026-03-12,P076 (1977F 未月15시),56,62,67
2026-03-13,P076 (1977F 未月15시),51,57,62
2026-03-14,P076 (1977F 未月15시),51,57,62
2026-03-15,P076 (1977F 未月15시),61,67,72
2026-03-16,P076 (1977F 未月15시),53,59,64
2026-03-17,P076 (1977F 未月15시),51,57,62
2026-03-18,P076 (1977F 未月15시),58,64,69
2026-03-19,P076 (1977F 未月15시),60,66,71
2026-03-20,P076 (1977F 未月15시),54,60,65
2026-03-21,P076 (1977F 未月15시),79,85,90
2026-03-22,P076 (1977F 未月15시),60,66,71
2026-03-23,P076 (1977F 未月15시),55,61,66
2026-03-24,P076 (1977F 未月15시),53,59,64
2026-03-25,P076 (1977F 未月15시),56,62,67
2026-03-26,P076 (1977F 未月15시),52,58,63
2026-03-27,P076 (1977F 未月15시),52,58,63
2026-03-28,P076 (1977F 未月15시),48,54,59
2026-03-29,P076 (1977F 未月15시),48,54,59
2026-03-30,P076 (1977F 未月15시),52,58,63
2026-03-31,P076 (1977F 未月15시),61,67,72
2026-04-01,P076 (1977F 未月15시),51,57,62
2026-04-02,P076 (1977F 未月15시),75,81,86
2026-04-03,P076 (1977F 未月15시),54,60,65
2026-04-04,P076 (1977F 未月15시),55,61,66
2026-04-05,P076 (1977F 未月15시),58,64,69
2026-04-06,P076 (1977F 未月15시),49,55,60
2026-04-07,P076 (1977F 未月15시),58,64,69
2026-04-08,P076 (1977F 未月15시),50,56,61
2026-04-09,P076 (1977F 未月15시),50,56,61
2026-04-10,P076 (1977F 未月15시),50,56,61
2026-04-11,P076 (1977F 未月15시),55,61,66
2026-04-12,P076 (1977F 未月15시),63,69,74
2026-04-13,P076 (1977F 未月15시),52,58,63
2026-04-14,P076 (1977F 未月15시),77,83,88
2026-04-15,P076 (1977F 未月15시),61,67,72
2026-04-16,P076 (1977F 未月15시),53,59,64
2026-04-17,P076 (1977F 未月15시),56,62,67
2026-04-18,P076 (1977F 未月15시),49,55,60
2026-04-19,P076 (1977F 未月15시),54,60,65
2026-04-20,P076 (1977F 未月15시),57,63,68
2026-04-21,P076 (1977F 未月15시),51,57,62
2026-04-22,P076 (1977F 未月15시),49,55,60
2026-04-23,P076 (1977F 未月15시),51,57,62
2026-04-24,P076 (1977F 未月15시),66,72,77
2026-04-25,P076 (1977F 未月15시),55,61,66
2026-04-26,P076 (1977F 未月15시),71,77,82
2026-04-27,P076 (1977F 未月15시),59,65,70
2026-04-28,P076 (1977F 未月15시),52,58,63
2026-04-29,P076 (1977F 未月15시),55,61,66
2026-04-30,P076 (1977F 未月15시),52,58,63
2026-05-01,P076 (1977F 未月15시),53,59,64
2026-05-02,P076 (1977F 未月15시),54,60,65
2026-05-03,P076 (1977F 未月15시),48,54,59
2026-05-04,P076 (1977F 未月15시),50,56,61
2026-05-05,P076 (1977F 未月15시),56,62,67
2026-05-06,P076 (1977F 未月15시),58,64,69
2026-05-07,P076 (1977F 未月15시),53,59,64
2026-05-08,P076 (1977F 未月15시),68,74,79
2026-05-09,P076 (1977F 未月15시),55,61,66
2026-05-10,P076 (1977F 未月15시),54,60,65
2026-05-11,P076 (1977F 未月15시),57,63,68
2026-05-12,P076 (1977F 未月15시),50,56,61
2026-05-13,P076 (1977F 未月15시),53,59,64
2026-05-14,P076 (1977F 未月15시),61,67,72
2026-05-15,P076 (1977F 未月15시),53,59,64
2026-05-16,P076 (1977F 未月15시),52,58,63
2026-05-17,P076 (1977F 未月15시),57,63,68
2026-05-18,P076 (1977F 未月15시),58,64,69
2026-05-19,P076 (1977F 未月15시),56,62,67
2026-05-20,P076 (1977F 未月15시),77,83,88
2026-05-21,P076 (1977F 未月15시),59,65,70
2026-05-22,P076 (1977F 未月15시),54,60,65
2026-05-23,P076 (1977F 未月15시),50,56,61
2026-05-24,P076 (1977F 未月15시),56,62,67
2026-05-25,P076 (1977F 未月15시),59,65,70
2026-05-26,P076 (1977F 未月15시),58,64,69
2026-05-27,P076 (1977F 未月15시),56,62,67
2026-05-28,P076 (1977F 未月15시),50,56,61
2026-05-29,P076 (1977F 未月15시),54,60,65
2026-05-30,P076 (1977F 未月15시),64,70,75
2026-05-31,P076 (1977F 未月15시),54,60,65
2025-12-03,P077 (1983M 亥月7시),82,86,91
2025-12-04,P077 (1983M 亥月7시),81,85,90
2025-12-05,P077 (1983M 亥月7시),65,69,74
2025-12-06,P077 (1983M 亥月7시),70,74,79
2025-12-07,P077 (1983M 亥月7시),54,58,63
2025-12-08,P077 (1983M 亥月7시),78,82,87
2025-12-09,P077 (1983M 亥月7시),67,71,76
2025-12-10,P077 (1983M 亥月7시),52,56,61
2025-12-11,P077 (1983M 亥月7시),69,73,78
2025-12-12,P077 (1983M 亥月7시),62,66,71
2025-12-13,P077 (1983M 亥月7시),67,71,76
2025-12-14,P077 (1983M 亥月7시),59,63,68
2025-12-15,P077 (1983M 亥月7시),73,77,82
2025-12-16,P077 (1983M 亥月7시),73,77,82
2025-12-17,P077 (1983M 亥月7시),64,68,73
2025-12-18,P077 (1983M 亥月7시),73,77,82
2025-12-19,P077 (1983M 亥月7시),56,60,65
2025-12-20,P077 (1983M 亥月7시),69,73,78
2025-12-21,P077 (1983M 亥月7시),67,71,76
2025-12-22,P077 (1983M 亥月7시),48,52,57
2025-12-23,P077 (1983M 亥月7시),71,75,80
2025-12-24,P077 (1983M 亥月7시),72,76,81
2025-12-25,P077 (1983M 亥月7시),63,67,72
2025-12-26,P077 (1983M 亥月7시),58,62,67
2025-12-27,P077 (1983M 亥月7시),73,77,82
2025-12-28,P077 (1983M 亥月7시),79,83,88
2025-12-29,P077 (1983M 亥月7시),61,65,70
2025-12-30,P077 (1983M 亥月7시),61,65,70
2025-12-31,P077 (1983M 亥月7시),56,60,65
2026-01-01,P077 (1983M 亥月7시),65,69,74
2026-01-02,P077 (1983M 亥月7시),67,71,76
2026-01-03,P077 (1983M 亥月7시),51,55,60
2026-01-04,P077 (1983M 亥月7시),61,65,70
2026-01-05,P077 (1983M 亥月7시),64,68,73
2026-01-06,P077 (1983M 亥月7시),49,53,58
2026-01-07,P077 (1983M 亥月7시),54,58,63
2026-01-08,P077 (1983M 亥月7시),56,60,65
2026-01-09,P077 (1983M 亥月7시),64,68,73
2026-01-10,P077 (1983M 亥月7시),49,53,58
2026-01-11,P077 (1983M 亥月7시),52,56,61
2026-01-12,P077 (1983M 亥月7시),47,51,56
2026-01-13,P077 (1983M 亥月7시),60,64,69
2026-01-14,P077 (1983M 亥月7시),48,52,57
2026-01-15,P077 (1983M 亥月7시),46,50,55
2026-01-16,P077 (1983M 亥月7시),52,56,61
2026-01-17,P077 (1983M 亥月7시),59,63,68
2026-01-18,P077 (1983M 亥月7시),49,53,58
2026-01-19,P077 (1983M 亥月7시),55,59,64
2026-01-20,P077 (1983M 亥月7시),62,66,71
2026-01-21,P077 (1983M 亥月7시),62,66,71
2026-01-22,P077 (1983M 亥月7시),52,56,61
2026-01-23,P077 (1983M 亥月7시),59,63,68
2026-01-24,P077 (1983M 亥月7시),48,52,57
2026-01-25,P077 (1983M 亥月7시),64,68,73
2026-01-26,P077 (1983M 亥月7시),53,57,62
2026-01-27,P077 (1983M 亥月7시),50,54,59
2026-01-28,P077 (1983M 亥月7시),55,59,64
2026-01-29,P077 (1983M 亥月7시),61,65,70
2026-01-30,P077 (1983M 亥月7시),55,59,64
2026-01-31,P077 (1983M 亥月7시),56,60,65
2026-02-01,P077 (1983M 亥月7시),64,68,73
2026-02-02,P077 (1983M 亥月7시),70,74,79
2026-02-03,P077 (1983M 亥月7시),49,53,58
2026-02-04,P077 (1983M 亥月7시),72,76,81
2026-02-05,P077 (1983M 亥月7시),60,64,69
2026-02-06,P077 (1983M 亥月7시),85,89,94
2026-02-07,P077 (1983M 亥月7시),76,80,85
2026-02-08,P077 (1983M 亥月7시),57,61,66
2026-02-09,P077 (1983M 亥月7시),73,77,82
2026-02-10,P077 (1983M 亥月7시),66,70,75
2026-02-11,P077 (1983M 亥月7시),72,76,81
2026-02-12,P077 (1983M 亥月7시),65,69,74
2026-02-13,P077 (1983M 亥月7시),77,81,86
2026-02-14,P077 (1983M 亥月7시),79,83,88
2026-02-15,P077 (1983M 亥月7시),68,72,77
2026-02-16,P077 (1983M 亥月7시),77,81,86
2026-02-17,P077 (1983M 亥月7시),58,62,67
2026-02-18,P077 (1983M 亥月7시),71,75,80
2026-02-19,P077 (1983M 亥月7시),69,73,78
2026-02-20,P077 (1983M 亥月7시),53,57,62
2026-02-21,P077 (1983M 亥月7시),75,79,84
2026-02-22,P077 (1983M 亥月7시),73,77,82
2026-02-23,P077 (1983M 亥月7시),64,68,73
2026-02-24,P077 (1983M 亥月7시),59,63,68
2026-02-25,P077 (1983M 亥月7시),77,81,86
2026-02-26,P077 (1983M 亥月7시),81,85,90
2026-02-27,P077 (1983M 亥月7시),67,71,76
2026-02-28,P077 (1983M 亥月7시),65,69,74
2026-03-01,P077 (1983M 亥月7시),60,64,69
2026-03-02,P077 (1983M 亥月7시),71,75,80
2026-03-03,P077 (1983M 亥月7시),72,76,81
2026-03-04,P077 (1983M 亥月7시),53,57,62
2026-03-05,P077 (1983M 亥月7시),69,73,78
2026-03-06,P077 (1983M 亥月7시),66,70,75
2026-03-07,P077 (1983M 亥月7시),61,65,70
2026-03-08,P077 (1983M 亥月7시),60,64,69
2026-03-09,P077 (1983M 亥月7시),71,75,80
2026-03-10,P077 (1983M 亥月7시),70,74,79
2026-03-11,P077 (1983M 亥月7시),63,67,72
2026-03-12,P077 (1983M 亥月7시),63,67,72
2026-03-13,P077 (1983M 亥月7시),57,61,66
2026-03-14,P077 (1983M 亥月7시),75,79,84
2026-03-15,P077 (1983M 亥月7시),65,69,74
2026-03-16,P077 (1983M 亥月7시),56,60,65
2026-03-17,P077 (1983M 亥月7시),67,71,76
2026-03-18,P077 (1983M 亥月7시),74,78,83
2026-03-19,P077 (1983M 亥月7시),64,68,73
2026-03-20,P077 (1983M 亥月7시),63,67,72
2026-03-21,P077 (1983M 亥月7시),76,80,85
2026-03-22,P077 (1983M 亥月7시),70,74,79
2026-03-23,P077 (1983M 亥月7시),65,69,74
2026-03-24,P077 (1983M 亥月7시),68,72,77
2026-03-25,P077 (1983M 亥月7시),52,56,61
2026-03-26,P077 (1983M 亥月7시),72,76,81
2026-03-27,P077 (1983M 亥月7시),66,70,75
2026-03-28,P077 (1983M 亥月7시),59,63,68
2026-03-29,P077 (1983M 亥月7시),70,74,79
2026-03-30,P077 (1983M 亥月7시),67,71,76
2026-03-31,P077 (1983M 亥月7시),63,67,72
2026-04-01,P077 (1983M 亥月7시),59,63,68
2026-04-02,P077 (1983M 亥月7시),74,78,83
2026-04-03,P077 (1983M 亥月7시),73,77,82
2026-04-04,P077 (1983M 亥月7시),57,61,66
2026-04-05,P077 (1983M 亥月7시),60,64,69
2026-04-06,P077 (1983M 亥月7시),49,53,58
2026-04-07,P077 (1983M 亥月7시),75,79,84
2026-04-08,P077 (1983M 亥月7시),66,70,75
2026-04-09,P077 (1983M 亥月7시),49,53,58
2026-04-10,P077 (1983M 亥月7시),65,69,74
2026-04-11,P077 (1983M 亥月7시),60,64,69
2026-04-12,P077 (1983M 亥月7시),64,68,73
2026-04-13,P077 (1983M 亥月7시),55,59,64
2026-04-14,P077 (1983M 亥月7시),68,72,77
2026-04-15,P077 (1983M 亥月7시),70,74,79
2026-04-16,P077 (1983M 亥月7시),62,66,71
2026-04-17,P077 (1983M 亥月7시),72,76,81
2026-04-18,P077 (1983M 亥月7시),54,58,63
2026-04-19,P077 (1983M 亥月7시),67,71,76
2026-04-20,P077 (1983M 亥月7시),65,69,74
2026-04-21,P077 (1983M 亥月7시),48,52,57
2026-04-22,P077 (1983M 亥月7시),67,71,76
2026-04-23,P077 (1983M 亥月7시),67,71,76
2026-04-24,P077 (1983M 亥月7시),59,63,68
2026-04-25,P077 (1983M 亥月7시),55,59,64
2026-04-26,P077 (1983M 亥月7시),72,76,81
2026-04-27,P077 (1983M 亥月7시),78,82,87
2026-04-28,P077 (1983M 亥月7시),61,65,70
2026-04-29,P077 (1983M 亥月7시),60,64,69
2026-04-30,P077 (1983M 亥月7시),54,58,63
2026-05-01,P077 (1983M 亥月7시),63,67,72
2026-05-02,P077 (1983M 亥月7시),67,71,76
2026-05-03,P077 (1983M 亥月7시),49,53,58
2026-05-04,P077 (1983M 亥月7시),63,67,72
2026-05-05,P077 (1983M 亥月7시),65,69,74
2026-05-06,P077 (1983M 亥月7시),54,58,63
2026-05-07,P077 (1983M 亥月7시),59,63,68
2026-05-08,P077 (1983M 亥月7시),63,67,72
2026-05-09,P077 (1983M 亥月7시),69,73,78
2026-05-10,P077 (1983M 亥月7시),54,58,63
2026-05-11,P077 (1983M 亥月7시),56,60,65
2026-05-12,P077 (1983M 亥月7시),52,56,61
2026-05-13,P077 (1983M 亥月7시),68,72,77
2026-05-14,P077 (1983M 亥月7시),57,61,66
2026-05-15,P077 (1983M 亥月7시),54,58,63
2026-05-16,P077 (1983M 亥月7시),57,61,66
2026-05-17,P077 (1983M 亥月7시),65,69,74
2026-05-18,P077 (1983M 亥月7시),55,59,64
2026-05-19,P077 (1983M 亥月7시),58,62,67
2026-05-20,P077 (1983M 亥月7시),64,68,73
2026-05-21,P077 (1983M 亥月7시),67,71,76
2026-05-22,P077 (1983M 亥月7시),54,58,63
2026-05-23,P077 (1983M 亥月7시),62,66,71
2026-05-24,P077 (1983M 亥月7시),50,54,59
2026-05-25,P077 (1983M 亥月7시),66,70,75
2026-05-26,P077 (1983M 亥月7시),58,62,67
2026-05-27,P077 (1983M 亥月7시),55,59,64
2026-05-28,P077 (1983M 亥月7시),59,63,68
2026-05-29,P077 (1983M 亥月7시),64,68,73
2026-05-30,P077 (1983M 亥月7시),55,59,64
2026-05-31,P077 (1983M 亥月7시),58,62,67
2025-12-03,P078 (1989F 寅月23시),51,57,62
2025-12-04,P078 (1989F 寅月23시),46,52,57
2025-12-05,P078 (1989F 寅月23시),49,55,60
2025-12-06,P078 (1989F 寅月23시),63,69,74
2025-12-07,P078 (1989F 寅月23시),58,64,69
2025-12-08,P078 (1989F 寅月23시),57,63,68
2025-12-09,P078 (1989F 寅月23시),66,72,77
2025-12-10,P078 (1989F 寅月23시),69,75,80
2025-12-11,P078 (1989F 寅月23시),64,70,75
2025-12-12,P078 (1989F 寅月23시),53,59,64
2025-12-13,P078 (1989F 寅月23시),70,76,81
2025-12-14,P078 (1989F 寅月23시),68,74,79
2025-12-15,P078 (1989F 寅月23시),61,67,72
2025-12-16,P078 (1989F 寅月23시),64,70,75
2025-12-17,P078 (1989F 寅月23시),50,56,61
2025-12-18,P078 (1989F 寅月23시),67,73,78
2025-12-19,P078 (1989F 寅月23시),55,61,66
2025-12-20,P078 (1989F 寅月23시),56,62,67
2025-12-21,P078 (1989F 寅月23시),68,74,79
2025-12-22,P078 (1989F 寅月23시),69,75,80
2025-12-23,P078 (1989F 寅月23시),61,67,72
2025-12-24,P078 (1989F 寅月23시),57,63,68
2025-12-25,P078 (1989F 寅月23시),76,82,87
2025-12-26,P078 (1989F 寅月23시),75,81,86
2025-12-27,P078 (1989F 寅月23시),57,63,68
2025-12-28,P078 (1989F 寅月23시),53,59,64
2025-12-29,P078 (1989F 寅月23시),52,58,63
2025-12-30,P078 (1989F 寅月23시),59,65,70
2025-12-31,P078 (1989F 寅月23시),61,67,72
2026-01-01,P078 (1989F 寅月23시),58,64,69
2026-01-02,P078 (1989F 寅月23시),65,71,76
2026-01-03,P078 (1989F 寅月23시),75,81,86
2026-01-04,P078 (1989F 寅月23시),63,69,74
2026-01-05,P078 (1989F 寅月23시),64,70,75
2026-01-06,P078 (1989F 寅月23시),80,86,91
2026-01-07,P078 (1989F 寅月23시),75,81,86
2026-01-08,P078 (1989F 寅月23시),67,73,78
2026-01-09,P078 (1989F 寅月23시),56,62,67
2026-01-10,P078 (1989F 寅月23시),62,68,73
2026-01-11,P078 (1989F 寅月23시),69,75,80
2026-01-12,P078 (1989F 寅月23시),66,72,77
2026-01-13,P078 (1989F 寅月23시),66,72,77
2026-01-14,P078 (1989F 寅月23시),79,85,90
2026-01-15,P078 (1989F 寅月23시),85,91,96
2026-01-16,P078 (1989F 寅月23시),68,74,79
2026-01-17,P078 (1989F 寅月23시),65,71,76
2026-01-18,P078 (1989F 寅月23시),80,86,91
2026-01-19,P078 (1989F 寅月23시),68,74,79
2026-01-20,P078 (1989F 寅月23시),68,74,79
2026-01-21,P078 (1989F 寅月23시),57,63,68
2026-01-22,P078 (1989F 寅月23시),60,66,71
2026-01-23,P078 (1989F 寅月23시),78,84,89
2026-01-24,P078 (1989F 寅月23시),72,78,83
2026-01-25,P078 (1989F 寅月23시),73,79,84
2026-01-26,P078 (1989F 寅月23시),74,80,85
2026-01-27,P078 (1989F 寅月23시),82,88,93
2026-01-28,P078 (1989F 寅月23시),69,75,80
2026-01-29,P078 (1989F 寅月23시),60,66,71
2026-01-30,P078 (1989F 寅月23시),80,86,91
2026-01-31,P078 (1989F 寅月23시),67,73,78
2026-02-01,P078 (1989F 寅月23시),65,71,76
2026-02-02,P078 (1989F 寅月23시),64,70,75
2026-02-03,P078 (1989F 寅月23시),62,68,73
2026-02-04,P078 (1989F 寅月23시),68,74,79
2026-02-05,P078 (1989F 寅月23시),51,57,62
2026-02-06,P078 (1989F 寅月23시),52,58,63
2026-02-07,P078 (1989F 寅月23시),61,67,72
2026-02-08,P078 (1989F 寅月23시),61,67,72
2026-02-09,P078 (1989F 寅月23시),57,63,68
2026-02-10,P078 (1989F 寅月23시),50,56,61
2026-02-11,P078 (1989F 寅月23시),63,69,74
2026-02-12,P078 (1989F 寅月23시),62,68,73
2026-02-13,P078 (1989F 寅月23시),54,60,65
2026-02-14,P078 (1989F 寅月23시),55,61,66
2026-02-15,P078 (1989F 寅月23시),48,54,59
2026-02-16,P078 (1989F 寅月23시),61,67,72
2026-02-17,P078 (1989F 寅月23시),51,57,62
2026-02-18,P078 (1989F 寅月23시),51,57,62
2026-02-19,P078 (1989F 寅月23시),62,68,73
2026-02-20,P078 (1989F 寅月23시),63,69,74
2026-02-21,P078 (1989F 寅月23시),54,60,65
2026-02-22,P078 (1989F 寅月23시),51,57,62
2026-02-23,P078 (1989F 寅月23시),67,73,78
2026-02-24,P078 (1989F 寅月23시),68,74,79
2026-02-25,P078 (1989F 寅月23시),49,55,60
2026-02-26,P078 (1989F 寅月23시),47,53,58
2026-02-27,P078 (1989F 寅月23시),46,52,57
2026-02-28,P078 (1989F 寅月23시),53,59,64
2026-03-01,P078 (1989F 寅月23시),55,61,66
2026-03-02,P078 (1989F 寅月23시),53,59,64
2026-03-03,P078 (1989F 寅月23시),61,67,72
2026-03-04,P078 (1989F 寅月23시),72,78,83
2026-03-05,P078 (1989F 寅月23시),57,63,68
2026-03-06,P078 (1989F 寅月23시),55,61,66
2026-03-07,P078 (1989F 寅月23시),60,66,71
2026-03-08,P078 (1989F 寅月23시),56,62,67
2026-03-09,P078 (1989F 寅月23시),54,60,65
2026-03-10,P078 (1989F 寅月23시),49,55,60
2026-03-11,P078 (1989F 寅月23시),50,56,61
2026-03-12,P078 (1989F 寅月23시),57,63,68
2026-03-13,P078 (1989F 寅月23시),49,55,60
2026-03-14,P078 (1989F 寅月23시),56,62,67
2026-03-15,P078 (1989F 寅月23시),62,68,73
2026-03-16,P078 (1989F 寅月23시),74,80,85
2026-03-17,P078 (1989F 寅月23시),51,57,62
2026-03-18,P078 (1989F 寅月23시),53,59,64
2026-03-19,P078 (1989F 寅月23시),63,69,74
2026-03-20,P078 (1989F 寅月23시),56,62,67
2026-03-21,P078 (1989F 寅月23시),54,60,65
2026-03-22,P078 (1989F 寅月23시),49,55,60
2026-03-23,P078 (1989F 寅月23시),48,54,59
2026-03-24,P078 (1989F 寅月23시),59,65,70
2026-03-25,P078 (1989F 寅月23시),52,58,63
2026-03-26,P078 (1989F 寅月23시),60,66,71
2026-03-27,P078 (1989F 寅月23시),59,65,70
2026-03-28,P078 (1989F 寅月23시),65,71,76
2026-03-29,P078 (1989F 寅月23시),52,58,63
2026-03-30,P078 (1989F 寅月23시),51,57,62
2026-03-31,P078 (1989F 寅月23시),61,67,72
2026-04-01,P078 (1989F 寅月23시),55,61,66
2026-04-02,P078 (1989F 寅月23시),52,58,63
2026-04-03,P078 (1989F 寅月23시),48,54,59
2026-04-04,P078 (1989F 寅月23시),50,56,61
2026-04-05,P078 (1989F 寅月23시),79,85,90
2026-04-06,P078 (1989F 寅月23시),60,66,71
2026-04-07,P078 (1989F 寅月23시),68,74,79
2026-04-08,P078 (1989F 寅月23시),70,76,81
2026-04-09,P078 (1989F 寅月23시),75,81,86
2026-04-10,P078 (1989F 寅月23시),63,69,74
2026-04-11,P078 (1989F 寅月23시),60,66,71
2026-04-12,P078 (1989F 寅月23시),72,78,83
2026-04-13,P078 (1989F 寅月23시),69,75,80
2026-04-14,P078 (1989F 寅月23시),62,68,73
2026-04-15,P078 (1989F 寅月23시),62,68,73
2026-04-16,P078 (1989F 寅月23시),55,61,66
2026-04-17,P078 (1989F 寅月23시),67,73,78
2026-04-18,P078 (1989F 寅月23시),59,65,70
2026-04-19,P078 (1989F 寅月23시),63,69,74
2026-04-20,P078 (1989F 寅月23시),72,78,83
2026-04-21,P078 (1989F 寅月23시),72,78,83
2026-04-22,P078 (1989F 寅月23시),61,67,72
2026-04-23,P078 (1989F 寅月23시),56,62,67
2026-04-24,P078 (1989F 寅月23시),75,81,86
2026-04-25,P078 (1989F 寅月23시),75,81,86
2026-04-26,P078 (1989F 寅月23시),63,69,74
2026-04-27,P078 (1989F 寅月23시),56,62,67
2026-04-28,P078 (1989F 寅月23시),58,64,69
2026-04-29,P078 (1989F 寅月23시),64,70,75
2026-04-30,P078 (1989F 寅月23시),62,68,73
2026-05-01,P078 (1989F 寅月23시),64,70,75
2026-05-02,P078 (1989F 寅月23시),68,74,79
2026-05-03,P078 (1989F 寅月23시),78,84,89
2026-05-04,P078 (1989F 寅月23시),65,71,76
2026-05-05,P078 (1989F 寅月23시),65,71,76
2026-05-06,P078 (1989F 寅月23시),64,70,75
2026-05-07,P078 (1989F 寅月23시),59,65,70
2026-05-08,P078 (1989F 寅月23시),57,63,68
2026-05-09,P078 (1989F 寅月23시),49,55,60
2026-05-10,P078 (1989F 寅月23시),47,53,58
2026-05-11,P078 (1989F 寅月23시),58,64,69
2026-05-12,P078 (1989F 寅月23시),51,57,62
2026-05-13,P078 (1989F 寅月23시),55,61,66
2026-05-14,P078 (1989F 寅月23시),65,71,76
2026-05-15,P078 (1989F 寅月23시),80,86,91
2026-05-16,P078 (1989F 寅月23시),54,60,65
2026-05-17,P078 (1989F 寅月23시),54,60,65
2026-05-18,P078 (1989F 寅月23시),67,73,78
2026-05-19,P078 (1989F 寅月23시),58,64,69
2026-05-20,P078 (1989F 寅月23시),55,61,66
2026-05-21,P078 (1989F 寅月23시),48,54,59
2026-05-22,P078 (1989F 寅月23시),46,52,57
2026-05-23,P078 (1989F 寅月23시),62,68,73
2026-05-24,P078 (1989F 寅月23시),57,63,68
2026-05-25,P078 (1989F 寅月23시),62,68,73
2026-05-26,P078 (1989F 寅月23시),61,67,72
2026-05-27,P078 (1989F 寅月23시),71,77,82
2026-05-28,P078 (1989F 寅月23시),55,61,66
2026-05-29,P078 (1989F 寅月23시),51,57,62
2026-05-30,P078 (1989F 寅月23시),66,72,77
2026-05-31,P078 (1989F 寅月23시),56,62,67
2025-12-03,P079 (1995M 巳月11시),64,70,75
2025-12-04,P079 (1995M 巳月11시),79,85,90
2025-12-05,P079 (1995M 巳月11시),51,57,62
2025-12-06,P079 (1995M 巳月11시),58,64,69
2025-12-07,P079 (1995M 巳月11시),62,68,73
2025-12-08,P079 (1995M 巳月11시),59,65,70
2025-12-09,P079 (1995M 巳月11시),50,56,61
2025-12-10,P079 (1995M 巳月11시),50,56,61
2025-12-11,P079 (1995M 巳月11시),56,62,67
2025-12-12,P079 (1995M 巳月11시),68,74,79
2025-12-13,P079 (1995M 巳月11시),54,60,65
2025-12-14,P079 (1995M 巳月11시),55,61,66
2025-12-15,P079 (1995M 巳月11시),63,69,74
2025-12-16,P079 (1995M 巳月11시),71,77,82
2025-12-17,P079 (1995M 巳月11시),48,54,59
2025-12-18,P079 (1995M 巳月11시),56,62,67
2025-12-19,P079 (1995M 巳月11시),53,59,64
2025-12-20,P079 (1995M 巳月11시),61,67,72
2025-12-21,P079 (1995M 巳月11시),54,60,65
2025-12-22,P079 (1995M 巳月11시),50,56,61
2025-12-23,P079 (1995M 巳月11시),63,69,74
2025-12-24,P079 (1995M 巳月11시),68,74,79
2025-12-25,P079 (1995M 巳月11시),53,59,64
2025-12-26,P079 (1995M 巳月11시),51,57,62
2025-12-27,P079 (1995M 巳月11시),65,71,76
2025-12-28,P079 (1995M 巳月11시),76,82,87
2025-12-29,P079 (1995M 巳月11시),49,55,60
2025-12-30,P079 (1995M 巳月11시),56,62,67
2025-12-31,P079 (1995M 巳月11시),56,62,67
2026-01-01,P079 (1995M 巳月11시),61,67,72
2026-01-02,P079 (1995M 巳月11시),52,58,63
2026-01-03,P079 (1995M 巳月11시),48,54,59
2026-01-04,P079 (1995M 巳月11시),64,70,75
2026-01-05,P079 (1995M 巳月11시),67,73,78
2026-01-06,P079 (1995M 巳月11시),54,60,65
2026-01-07,P079 (1995M 巳月11시),59,65,70
2026-01-08,P079 (1995M 巳月11시),60,66,71
2026-01-09,P079 (1995M 巳月11시),76,82,87
2026-01-10,P079 (1995M 巳月11시),50,56,61
2026-01-11,P079 (1995M 巳月11시),59,65,70
2026-01-12,P079 (1995M 巳月11시),60,66,71
2026-01-13,P079 (1995M 巳月11시),61,67,72
2026-01-14,P079 (1995M 巳月11시),55,61,66
2026-01-15,P079 (1995M 巳月11시),49,55,60
2026-01-16,P079 (1995M 巳月11시),65,71,76
2026-01-17,P079 (1995M 巳月11시),69,75,80
2026-01-18,P079 (1995M 巳月11시),48,54,59
2026-01-19,P079 (1995M 巳月11시),54,60,65
2026-01-20,P079 (1995M 巳月11시),61,67,72
2026-01-21,P079 (1995M 巳月11시),76,82,87
2026-01-22,P079 (1995M 巳月11시),47,53,58
2026-01-23,P079 (1995M 巳月11시),55,61,66
2026-01-24,P079 (1995M 巳月11시),58,64,69
2026-01-25,P079 (1995M 巳月11시),58,64,69
2026-01-26,P079 (1995M 巳月11시),53,59,64
2026-01-27,P079 (1995M 巳月11시),52,58,63
2026-01-28,P079 (1995M 巳月11시),59,65,70
2026-01-29,P079 (1995M 巳月11시),72,78,83
2026-01-30,P079 (1995M 巳月11시),51,57,62
2026-01-31,P079 (1995M 巳月11시),57,63,68
2026-02-01,P079 (1995M 巳月11시),62,68,73
2026-02-02,P079 (1995M 巳月11시),73,79,84
2026-02-03,P079 (1995M 巳月11시),50,56,61
2026-02-04,P079 (1995M 巳月11시),57,63,68
2026-02-05,P079 (1995M 巳月11시),75,81,86
2026-02-06,P079 (1995M 巳月11시),65,71,76
2026-02-07,P079 (1995M 巳月11시),53,59,64
2026-02-08,P079 (1995M 巳月11시),63,69,74
2026-02-09,P079 (1995M 巳月11시),68,74,79
2026-02-10,P079 (1995M 巳月11시),80,86,91
2026-02-11,P079 (1995M 巳月11시),63,69,74
2026-02-12,P079 (1995M 巳月11시),58,64,69
2026-02-13,P079 (1995M 巳月11시),74,80,85
2026-02-14,P079 (1995M 巳月11시),75,81,86
2026-02-15,P079 (1995M 巳月11시),56,62,67
2026-02-16,P079 (1995M 巳月11시),58,64,69
2026-02-17,P079 (1995M 巳月11시),59,65,70
2026-02-18,P079 (1995M 巳月11시),63,69,74
2026-02-19,P079 (1995M 巳月11시),52,58,63
2026-02-20,P079 (1995M 巳月11시),56,62,67
2026-02-21,P079 (1995M 巳月11시),72,78,83
2026-02-22,P079 (1995M 巳月11시),72,78,83
2026-02-23,P079 (1995M 巳月11시),65,71,76
2026-02-24,P079 (1995M 巳月11시),57,63,68
2026-02-25,P079 (1995M 巳月11시),77,83,88
2026-02-26,P079 (1995M 巳月11시),83,89,94
2026-02-27,P079 (1995M 巳月11시),49,55,60
2026-02-28,P079 (1995M 巳月11시),63,69,74
2026-03-01,P079 (1995M 巳月11시),65,71,76
2026-03-02,P079 (1995M 巳月11시),64,70,75
2026-03-03,P079 (1995M 巳月11시),60,66,71
2026-03-04,P079 (1995M 巳月11시),53,59,64
2026-03-05,P079 (1995M 巳月11시),74,80,85
2026-03-06,P079 (1995M 巳月11시),75,81,86
2026-03-07,P079 (1995M 巳月11시),58,64,69
2026-03-08,P079 (1995M 巳月11시),64,70,75
2026-03-09,P079 (1995M 巳月11시),65,71,76
2026-03-10,P079 (1995M 巳月11시),80,86,91
2026-03-11,P079 (1995M 巳月11시),51,57,62
2026-03-12,P079 (1995M 巳月11시),63,69,74
2026-03-13,P079 (1995M 巳月11시),67,73,78
2026-03-14,P079 (1995M 巳月11시),69,75,80
2026-03-15,P079 (1995M 巳月11시),60,66,71
2026-03-16,P079 (1995M 巳月11시),52,58,63
2026-03-17,P079 (1995M 巳月11시),69,75,80
2026-03-18,P079 (1995M 巳月11시),74,80,85
2026-03-19,P079 (1995M 巳月11시),55,61,66
2026-03-20,P079 (1995M 巳月11시),63,69,74
2026-03-21,P079 (1995M 巳月11시),65,71,76
2026-03-22,P079 (1995M 巳月11시),79,85,90
2026-03-23,P079 (1995M 巳月11시),53,59,64
2026-03-24,P079 (1995M 巳月11시),63,69,74
2026-03-25,P079 (1995M 巳月11시),68,74,79
2026-03-26,P079 (1995M 巳月11시),64,70,75
2026-03-27,P079 (1995M 巳月11시),60,66,71
2026-03-28,P079 (1995M 巳月11시),53,59,64
2026-03-29,P079 (1995M 巳月11시),61,67,72
2026-03-30,P079 (1995M 巳月11시),74,80,85
2026-03-31,P079 (1995M 巳月11시),52,58,63
2026-04-01,P079 (1995M 巳月11시),65,71,76
2026-04-02,P079 (1995M 巳月11시),72,78,83
2026-04-03,P079 (1995M 巳月11시),80,86,91
2026-04-04,P079 (1995M 巳月11시),55,61,66
2026-04-05,P079 (1995M 巳月11시),50,56,61
2026-04-06,P079 (1995M 巳月11시),66,72,77
2026-04-07,P079 (1995M 巳月11시),60,66,71
2026-04-08,P079 (1995M 巳月11시),51,57,62
2026-04-09,P079 (1995M 巳月11시),56,62,67
2026-04-10,P079 (1995M 巳月11시),62,68,73
2026-04-11,P079 (1995M 巳月11시),74,80,85
2026-04-12,P079 (1995M 巳月11시),58,64,69
2026-04-13,P079 (1995M 巳月11시),54,60,65
2026-04-14,P079 (1995M 巳月11시),70,76,81
2026-04-15,P079 (1995M 巳月11시),73,79,84
2026-04-16,P079 (1995M 巳月11시),53,59,64
2026-04-17,P079 (1995M 巳月11시),54,60,65
2026-04-18,P079 (1995M 巳月11시),55,61,66
2026-04-19,P079 (1995M 巳月11시),61,67,72
2026-04-20,P079 (1995M 巳月11시),48,54,59
2026-04-21,P079 (1995M 巳月11시),51,57,62
2026-04-22,P079 (1995M 巳月11시),67,73,78
2026-04-23,P079 (1995M 巳月11시),68,74,79
2026-04-24,P079 (1995M 巳月11시),57,63,68
2026-04-25,P079 (1995M 巳月11시),50,56,61
2026-04-26,P079 (1995M 巳月11시),67,73,78
2026-04-27,P079 (1995M 巳月11시),76,82,87
2026-04-28,P079 (1995M 巳月11시),45,51,56
2026-04-29,P079 (1995M 巳月11시),58,64,69
2026-04-30,P079 (1995M 巳月11시),58,64,69
2026-05-01,P079 (1995M 巳月11시),59,65,70
2026-05-02,P079 (1995M 巳月11시),52,58,63
2026-05-03,P079 (1995M 巳月11시),47,53,58
2026-05-04,P079 (1995M 巳月11시),67,73,78
2026-05-05,P079 (1995M 巳月11시),64,70,75
2026-05-06,P079 (1995M 巳月11시),53,59,64
2026-05-07,P079 (1995M 巳月11시),60,66,71
2026-05-08,P079 (1995M 巳月11시),63,69,74
2026-05-09,P079 (1995M 巳月11시),77,83,88
2026-05-10,P079 (1995M 巳月11시),51,57,62
2026-05-11,P079 (1995M 巳月11시),64,70,75
2026-05-12,P079 (1995M 巳月11시),64,70,75
2026-05-13,P079 (1995M 巳月11시),68,74,79
2026-05-14,P079 (1995M 巳月11시),61,67,72
2026-05-15,P079 (1995M 巳月11시),51,57,62
2026-05-16,P079 (1995M 巳月11시),66,72,77
2026-05-17,P079 (1995M 巳月11시),74,80,85
2026-05-18,P079 (1995M 巳月11시),52,58,63
2026-05-19,P079 (1995M 巳月11시),57,63,68
2026-05-20,P079 (1995M 巳月11시),61,67,72
2026-05-21,P079 (1995M 巳月11시),78,84,89
2026-05-22,P079 (1995M 巳月11시),53,59,64
2026-05-23,P079 (1995M 巳月11시),62,68,73
2026-05-24,P079 (1995M 巳月11시),61,67,72
2026-05-25,P079 (1995M 巳月11시),62,68,73
2026-05-26,P079 (1995M 巳月11시),55,61,66
2026-05-27,P079 (1995M 巳月11시),48,54,59
2026-05-28,P079 (1995M 巳月11시),57,63,68
2026-05-29,P079 (1995M 巳月11시),69,75,80
2026-05-30,P079 (1995M 巳月11시),51,57,62
2026-05-31,P079 (1995M 巳月11시),57,63,68
2025-12-03,P080 (2001F 申月17시),67,70,75
2025-12-04,P080 (2001F 申月17시),64,67,72
2025-12-05,P080 (2001F 申月17시),58,61,66
2025-12-06,P080 (2001F 申月17시),65,68,73
2025-12-07,P080 (2001F 申月17시),57,60,65
2025-12-08,P080 (2001F 申月17시),68,71,76
2025-12-09,P080 (2001F 申月17시),61,64,69
2025-12-10,P080 (2001F 申月17시),57,60,65
2025-12-11,P080 (2001F 申月17시),52,55,60
2025-12-12,P080 (2001F 申月17시),50,53,58
2025-12-13,P080 (2001F 申月17시),80,83,88
2025-12-14,P080 (2001F 申月17시),70,73,78
2025-12-15,P080 (2001F 申月17시),77,80,85
2025-12-16,P080 (2001F 申月17시),78,81,86
2025-12-17,P080 (2001F 申月17시),66,69,74
2025-12-18,P080 (2001F 申月17시),76,79,84
2025-12-19,P080 (2001F 申月17시),56,59,64
2025-12-20,P080 (2001F 申月17시),63,66,71
2025-12-21,P080 (2001F 申月17시),63,66,71
2025-12-22,P080 (2001F 申月17시),54,57,62
2025-12-23,P080 (2001F 申月17시),52,55,60
2025-12-24,P080 (2001F 申月17시),52,55,60
2025-12-25,P080 (2001F 申月17시),72,75,80
2025-12-26,P080 (2001F 申月17시),67,70,75
2025-12-27,P080 (2001F 申月17시),71,74,79
2025-12-28,P080 (2001F 申月17시),78,81,86
2025-12-29,P080 (2001F 申月17시),67,70,75
2025-12-30,P080 (2001F 申月17시),65,68,73
2025-12-31,P080 (2001F 申月17시),59,62,67
2026-01-01,P080 (2001F 申月17시),59,62,67
2026-01-02,P080 (2001F 申月17시),65,68,73
2026-01-03,P080 (2001F 申月17시),58,61,66
2026-01-04,P080 (2001F 申月17시),51,54,59
2026-01-05,P080 (2001F 申月17시),56,59,64
2026-01-06,P080 (2001F 申月17시),66,69,74
2026-01-07,P080 (2001F 申月17시),68,71,76
2026-01-08,P080 (2001F 申月17시),70,73,78
2026-01-09,P080 (2001F 申月17시),68,71,76
2026-01-10,P080 (2001F 申月17시),64,67,72
2026-01-11,P080 (2001F 申月17시),66,69,74
2026-01-12,P080 (2001F 申月17시),53,56,61
2026-01-13,P080 (2001F 申月17시),66,69,74
2026-01-14,P080 (2001F 申月17시),52,55,60
2026-01-15,P080 (2001F 申月17시),55,58,63
2026-01-16,P080 (2001F 申月17시),49,52,57
2026-01-17,P080 (2001F 申月17시),52,55,60
2026-01-18,P080 (2001F 申月17시),64,67,72
2026-01-19,P080 (2001F 申月17시),64,67,72
2026-01-20,P080 (2001F 申月17시),65,68,73
2026-01-21,P080 (2001F 申月17시),62,65,70
2026-01-22,P080 (2001F 申月17시),62,65,70
2026-01-23,P080 (2001F 申月17시),66,69,74
2026-01-24,P080 (2001F 申月17시),51,54,59
2026-01-25,P080 (2001F 申月17시),63,66,71
2026-01-26,P080 (2001F 申月17시),53,56,61
2026-01-27,P080 (2001F 申月17시),58,61,66
2026-01-28,P080 (2001F 申月17시),50,53,58
2026-01-29,P080 (2001F 申月17시),55,58,63
2026-01-30,P080 (2001F 申月17시),69,72,77
2026-01-31,P080 (2001F 申月17시),65,68,73
2026-02-01,P080 (2001F 申月17시),71,74,79
2026-02-02,P080 (2001F 申月17시),70,73,78
2026-02-03,P080 (2001F 申月17시),63,66,71
2026-02-04,P080 (2001F 申月17시),62,65,70
2026-02-05,P080 (2001F 申月17시),45,48,53
2026-02-06,P080 (2001F 申月17시),53,56,61
2026-02-07,P080 (2001F 申月17시),47,50,55
2026-02-08,P080 (2001F 申月17시),50,53,58
2026-02-09,P080 (2001F 申月17시),48,51,56
2026-02-10,P080 (2001F 申月17시),48,51,56
2026-02-11,P080 (2001F 申月17시),67,70,75
2026-02-12,P080 (2001F 申月17시),62,65,70
2026-02-13,P080 (2001F 申月17시),62,65,70
2026-02-14,P080 (2001F 申月17시),59,62,67
2026-02-15,P080 (2001F 申月17시),51,54,59
2026-02-16,P080 (2001F 申月17시),61,64,69
2026-02-17,P080 (2001F 申月17시),45,48,53
2026-02-18,P080 (2001F 申月17시),53,56,61
2026-02-19,P080 (2001F 申月17시),47,50,55
2026-02-20,P080 (2001F 申月17시),47,50,55
2026-02-21,P080 (2001F 申月17시),47,50,55
2026-02-22,P080 (2001F 申月17시),48,51,56
2026-02-23,P080 (2001F 申月17시),60,63,68
2026-02-24,P080 (2001F 申月17시),55,58,63
2026-02-25,P080 (2001F 申月17시),55,58,63
2026-02-26,P080 (2001F 申月17시),59,62,67
2026-02-27,P080 (2001F 申月17시),52,55,60
2026-02-28,P080 (2001F 申月17시),57,60,65
2026-03-01,P080 (2001F 申月17시),46,49,54
2026-03-02,P080 (2001F 申月17시),52,55,60
2026-03-03,P080 (2001F 申月17시),50,53,58
2026-03-04,P080 (2001F 申月17시),49,52,57
2026-03-05,P080 (2001F 申月17시),47,50,55
2026-03-06,P080 (2001F 申月17시),53,56,61
2026-03-07,P080 (2001F 申月17시),64,67,72
2026-03-08,P080 (2001F 申月17시),67,70,75
2026-03-09,P080 (2001F 申月17시),65,68,73
2026-03-10,P080 (2001F 申月17시),64,67,72
2026-03-11,P080 (2001F 申月17시),62,65,70
2026-03-12,P080 (2001F 申月17시),63,66,71
2026-03-13,P080 (2001F 申月17시),55,58,63
2026-03-14,P080 (2001F 申月17시),63,66,71
2026-03-15,P080 (2001F 申月17시),55,58,63
2026-03-16,P080 (2001F 申月17시),58,61,66
2026-03-17,P080 (2001F 申月17시),51,54,59
2026-03-18,P080 (2001F 申月17시),56,59,64
2026-03-19,P080 (2001F 申月17시),70,73,78
2026-03-20,P080 (2001F 申月17시),70,73,78
2026-03-21,P080 (2001F 申月17시),72,75,80
2026-03-22,P080 (2001F 申月17시),64,67,72
2026-03-23,P080 (2001F 申月17시),69,72,77
2026-03-24,P080 (2001F 申月17시),67,70,75
2026-03-25,P080 (2001F 申月17시),54,57,62
2026-03-26,P080 (2001F 申月17시),64,67,72
2026-03-27,P080 (2001F 申月17시),50,53,58
2026-03-28,P080 (2001F 申月17시),56,59,64
2026-03-29,P080 (2001F 申月17시),50,53,58
2026-03-30,P080 (2001F 申月17시),54,57,62
2026-03-31,P080 (2001F 申月17시),69,72,77
2026-04-01,P080 (2001F 申月17시),63,66,71
2026-04-02,P080 (2001F 申月17시),74,77,82
2026-04-03,P080 (2001F 申月17시),64,67,72
2026-04-04,P080 (2001F 申月17시),62,65,70
2026-04-05,P080 (2001F 申月17시),81,84,89
2026-04-06,P080 (2001F 申月17시),59,62,67
2026-04-07,P080 (2001F 申月17시),69,72,77
2026-04-08,P080 (2001F 申月17시),63,66,71
2026-04-09,P080 (2001F 申月17시),62,65,70
2026-04-10,P080 (2001F 申月17시),57,60,65
2026-04-11,P080 (2001F 申月17시),62,65,70
2026-04-12,P080 (2001F 申月17시),87,90,95
2026-04-13,P080 (2001F 申月17시),81,84,89
2026-04-14,P080 (2001F 申月17시),83,86,91
2026-04-15,P080 (2001F 申月17시),78,81,86
2026-04-16,P080 (2001F 申月17시),70,73,78
2026-04-17,P080 (2001F 申月17시),84,87,92
2026-04-18,P080 (2001F 申月17시),60,63,68
2026-04-19,P080 (2001F 申月17시),70,73,78
2026-04-20,P080 (2001F 申月17시),67,70,75
2026-04-21,P080 (2001F 申月17시),61,64,69
2026-04-22,P080 (2001F 申月17시),61,64,69
2026-04-23,P080 (2001F 申月17시),66,69,74
2026-04-24,P080 (2001F 申月17시),83,86,91
2026-04-25,P080 (2001F 申月17시),79,82,87
2026-04-26,P080 (2001F 申月17시),78,81,86
2026-04-27,P080 (2001F 申月17시),83,86,91
2026-04-28,P080 (2001F 申月17시),76,79,84
2026-04-29,P080 (2001F 申月17시),80,83,88
2026-04-30,P080 (2001F 申月17시),69,72,77
2026-05-01,P080 (2001F 申月17시),69,72,77
2026-05-02,P080 (2001F 申月17시),70,73,78
2026-05-03,P080 (2001F 申月17시),67,70,75
2026-05-04,P080 (2001F 申月17시),58,61,66
2026-05-05,P080 (2001F 申月17시),64,67,72
2026-05-06,P080 (2001F 申月17시),84,87,92
2026-05-07,P080 (2001F 申月17시),85,88,93
2026-05-08,P080 (2001F 申月17시),83,86,91
2026-05-09,P080 (2001F 申月17시),78,81,86
2026-05-10,P080 (2001F 申月17시),84,87,92
2026-05-11,P080 (2001F 申月17시),78,81,86
2026-05-12,P080 (2001F 申月17시),72,75,80
2026-05-13,P080 (2001F 申月17시),72,75,80
2026-05-14,P080 (2001F 申月17시),72,75,80
2026-05-15,P080 (2001F 申月17시),70,73,78
2026-05-16,P080 (2001F 申月17시),60,63,68
2026-05-17,P080 (2001F 申月17시),69,72,77
2026-05-18,P080 (2001F 申月17시),84,87,92
2026-05-19,P080 (2001F 申月17시),82,85,90
2026-05-20,P080 (2001F 申月17시),88,91,96
2026-05-21,P080 (2001F 申月17시),76,79,84
2026-05-22,P080 (2001F 申月17시),81,84,89
2026-05-23,P080 (2001F 申月17시),82,85,90
2026-05-24,P080 (2001F 申月17시),68,71,76
2026-05-25,P080 (2001F 申月17시),75,78,83
2026-05-26,P080 (2001F 申月17시),69,72,77
2026-05-27,P080 (2001F 申月17시),71,74,79
2026-05-28,P080 (2001F 申月17시),60,63,68
2026-05-29,P080 (2001F 申月17시),66,69,74
2026-05-30,P080 (2001F 申月17시),87,90,95
2026-05-31,P080 (2001F 申月17시),76,79,84
2025-12-03,P081 (1960M 午月0시),51,57,62
2025-12-04,P081 (1960M 午月0시),55,61,66
2025-12-05,P081 (1960M 午月0시),60,66,71
2025-12-06,P081 (1960M 午月0시),53,59,64
2025-12-07,P081 (1960M 午月0시),61,67,72
2025-12-08,P081 (1960M 午月0시),54,60,65
2025-12-09,P081 (1960M 午月0시),59,65,70
2025-12-10,P081 (1960M 午月0시),58,64,69
2025-12-11,P081 (1960M 午月0시),65,71,76
2025-12-12,P081 (1960M 午月0시),49,55,60
2025-12-13,P081 (1960M 午月0시),56,62,67
2025-12-14,P081 (1960M 午月0시),50,56,61
2025-12-15,P081 (1960M 午月0시),58,64,69
2025-12-16,P081 (1960M 午月0시),53,59,64
2025-12-17,P081 (1960M 午月0시),62,68,73
2025-12-18,P081 (1960M 午月0시),50,56,61
2025-12-19,P081 (1960M 午月0시),70,76,81
2025-12-20,P081 (1960M 午月0시),63,69,74
2025-12-21,P081 (1960M 午月0시),63,69,74
2025-12-22,P081 (1960M 午月0시),56,62,67
2025-12-23,P081 (1960M 午月0시),69,75,80
2025-12-24,P081 (1960M 午月0시),53,59,64
2025-12-25,P081 (1960M 午月0시),61,67,72
2025-12-26,P081 (1960M 午月0시),54,60,65
2025-12-27,P081 (1960M 午月0시),55,61,66
2025-12-28,P081 (1960M 午月0시),53,59,64
2025-12-29,P081 (1960M 午月0시),67,73,78
2025-12-30,P081 (1960M 午月0시),52,58,63
2025-12-31,P081 (1960M 午月0시),71,77,82
2026-01-01,P081 (1960M 午月0시),58,64,69
2026-01-02,P081 (1960M 午月0시),64,70,75
2026-01-03,P081 (1960M 午月0시),57,63,68
2026-01-04,P081 (1960M 午月0시),69,75,80
2026-01-05,P081 (1960M 午月0시),54,60,65
2026-01-06,P081 (1960M 午月0시),52,58,63
2026-01-07,P081 (1960M 午月0시),58,64,69
2026-01-08,P081 (1960M 午月0시),53,59,64
2026-01-09,P081 (1960M 午月0시),60,66,71
2026-01-10,P081 (1960M 午月0시),58,64,69
2026-01-11,P081 (1960M 午月0시),53,59,64
2026-01-12,P081 (1960M 午月0시),65,71,76
2026-01-13,P081 (1960M 午月0시),62,68,73
2026-01-14,P081 (1960M 午月0시),54,60,65
2026-01-15,P081 (1960M 午月0시),60,66,71
2026-01-16,P081 (1960M 午月0시),60,66,71
2026-01-17,P081 (1960M 午月0시),54,60,65
2026-01-18,P081 (1960M 午月0시),50,56,61
2026-01-19,P081 (1960M 午月0시),57,63,68
2026-01-20,P081 (1960M 午月0시),51,57,62
2026-01-21,P081 (1960M 午月0시),58,64,69
2026-01-22,P081 (1960M 午月0시),60,66,71
2026-01-23,P081 (1960M 午月0시),51,57,62
2026-01-24,P081 (1960M 午月0시),63,69,74
2026-01-25,P081 (1960M 午月0시),62,68,73
2026-01-26,P081 (1960M 午月0시),53,59,64
2026-01-27,P081 (1960M 午月0시),60,66,71
2026-01-28,P081 (1960M 午月0시),63,69,74
2026-01-29,P081 (1960M 午月0시),57,63,68
2026-01-30,P081 (1960M 午月0시),51,57,62
2026-01-31,P081 (1960M 午月0시),54,60,65
2026-02-01,P081 (1960M 午月0시),53,59,64
2026-02-02,P081 (1960M 午月0시),61,67,72
2026-02-03,P081 (1960M 午月0시),67,73,78
2026-02-04,P081 (1960M 午月0시),61,67,72
2026-02-05,P081 (1960M 午月0시),72,78,83
2026-02-06,P081 (1960M 午月0시),69,75,80
2026-02-07,P081 (1960M 午月0시),68,74,79
2026-02-08,P081 (1960M 午月0시),67,73,78
2026-02-09,P081 (1960M 午月0시),72,78,83
2026-02-10,P081 (1960M 午月0시),60,66,71
2026-02-11,P081 (1960M 午月0시),68,74,79
2026-02-12,P081 (1960M 午月0시),60,66,71
2026-02-13,P081 (1960M 午月0시),66,72,77
2026-02-14,P081 (1960M 午月0시),63,69,74
2026-02-15,P081 (1960M 午月0시),69,75,80
2026-02-16,P081 (1960M 午月0시),58,64,69
2026-02-17,P081 (1960M 午月0시),77,83,88
2026-02-18,P081 (1960M 午月0시),70,76,81
2026-02-19,P081 (1960M 午月0시),65,71,76
2026-02-20,P081 (1960M 午月0시),62,68,73
2026-02-21,P081 (1960M 午月0시),73,79,84
2026-02-22,P081 (1960M 午月0시),61,67,72
2026-02-23,P081 (1960M 午月0시),66,72,77
2026-02-24,P081 (1960M 午月0시),61,67,72
2026-02-25,P081 (1960M 午月0시),59,65,70
2026-02-26,P081 (1960M 午月0시),60,66,71
2026-02-27,P081 (1960M 午月0시),69,75,80
2026-02-28,P081 (1960M 午月0시),55,61,66
2026-03-01,P081 (1960M 午月0시),70,76,81
2026-03-02,P081 (1960M 午月0시),63,69,74
2026-03-03,P081 (1960M 午月0시),65,71,76
2026-03-04,P081 (1960M 午月0시),60,66,71
2026-03-05,P081 (1960M 午月0시),72,78,83
2026-03-06,P081 (1960M 午月0시),59,65,70
2026-03-07,P081 (1960M 午月0시),54,60,65
2026-03-08,P081 (1960M 午月0시),61,67,72
2026-03-09,P081 (1960M 午月0시),54,60,65
2026-03-10,P081 (1960M 午月0시),61,67,72
2026-03-11,P081 (1960M 午月0시),59,65,70
2026-03-12,P081 (1960M 午月0시),53,59,64
2026-03-13,P081 (1960M 午月0시),66,72,77
2026-03-14,P081 (1960M 午月0시),61,67,72
2026-03-15,P081 (1960M 午月0시),56,62,67
2026-03-16,P081 (1960M 午月0시),60,66,71
2026-03-17,P081 (1960M 午月0시),64,70,75
2026-03-18,P081 (1960M 午月0시),57,63,68
2026-03-19,P081 (1960M 午月0시),55,61,66
2026-03-20,P081 (1960M 午月0시),61,67,72
2026-03-21,P081 (1960M 午月0시),54,60,65
2026-03-22,P081 (1960M 午月0시),60,66,71
2026-03-23,P081 (1960M 午月0시),65,71,76
2026-03-24,P081 (1960M 午月0시),54,60,65
2026-03-25,P081 (1960M 午月0시),68,74,79
2026-03-26,P081 (1960M 午月0시),64,70,75
2026-03-27,P081 (1960M 午月0시),54,60,65
2026-03-28,P081 (1960M 午月0시),60,66,71
2026-03-29,P081 (1960M 午月0시),67,73,78
2026-03-30,P081 (1960M 午月0시),59,65,70
2026-03-31,P081 (1960M 午月0시),54,60,65
2026-04-01,P081 (1960M 午月0시),56,62,67
2026-04-02,P081 (1960M 午月0시),54,60,65
2026-04-03,P081 (1960M 午月0시),59,65,70
2026-04-04,P081 (1960M 午月0시),65,71,76
2026-04-05,P081 (1960M 午月0시),46,52,57
2026-04-06,P081 (1960M 午月0시),57,63,68
2026-04-07,P081 (1960M 午月0시),52,58,63
2026-04-08,P081 (1960M 午月0시),55,61,66
2026-04-09,P081 (1960M 午月0시),53,59,64
2026-04-10,P081 (1960M 午月0시),59,65,70
2026-04-11,P081 (1960M 午月0시),46,52,57
2026-04-12,P081 (1960M 午月0시),56,62,67
2026-04-13,P081 (1960M 午月0시),52,58,63
2026-04-14,P081 (1960M 午月0시),56,62,67
2026-04-15,P081 (1960M 午月0시),51,57,62
2026-04-16,P081 (1960M 午月0시),58,64,69
2026-04-17,P081 (1960M 午月0시),49,55,60
2026-04-18,P081 (1960M 午月0시),64,70,75
2026-04-19,P081 (1960M 午月0시),58,64,69
2026-04-20,P081 (1960M 午月0시),57,63,68
2026-04-21,P081 (1960M 午月0시),54,60,65
2026-04-22,P081 (1960M 午月0시),66,72,77
2026-04-23,P081 (1960M 午月0시),51,57,62
2026-04-24,P081 (1960M 午月0시),57,63,68
2026-04-25,P081 (1960M 午月0시),51,57,62
2026-04-26,P081 (1960M 午月0시),52,58,63
2026-04-27,P081 (1960M 午月0시),50,56,61
2026-04-28,P081 (1960M 午月0시),62,68,73
2026-04-29,P081 (1960M 午月0시),51,57,62
2026-04-30,P081 (1960M 午月0시),67,73,78
2026-05-01,P081 (1960M 午月0시),56,62,67
2026-05-02,P081 (1960M 午月0시),61,67,72
2026-05-03,P081 (1960M 午月0시),54,60,65
2026-05-04,P081 (1960M 午月0시),66,72,77
2026-05-05,P081 (1960M 午月0시),53,59,64
2026-05-06,P081 (1960M 午月0시),52,58,63
2026-05-07,P081 (1960M 午月0시),60,66,71
2026-05-08,P081 (1960M 午月0시),53,59,64
2026-05-09,P081 (1960M 午月0시),64,70,75
2026-05-10,P081 (1960M 午月0시),62,68,73
2026-05-11,P081 (1960M 午月0시),56,62,67
2026-05-12,P081 (1960M 午月0시),68,74,79
2026-05-13,P081 (1960M 午月0시),66,72,77
2026-05-14,P081 (1960M 午月0시),58,64,69
2026-05-15,P081 (1960M 午月0시),65,71,76
2026-05-16,P081 (1960M 午月0시),67,73,78
2026-05-17,P081 (1960M 午月0시),57,63,68
2026-05-18,P081 (1960M 午月0시),52,58,63
2026-05-19,P081 (1960M 午月0시),58,64,69
2026-05-20,P081 (1960M 午月0시),51,57,62
2026-05-21,P081 (1960M 午月0시),57,63,68
2026-05-22,P081 (1960M 午月0시),62,68,73
2026-05-23,P081 (1960M 午月0시),54,60,65
2026-05-24,P081 (1960M 午月0시),66,72,77
2026-05-25,P081 (1960M 午月0시),63,69,74
2026-05-26,P081 (1960M 午月0시),53,59,64
2026-05-27,P081 (1960M 午月0시),61,67,72
2026-05-28,P081 (1960M 午月0시),69,75,80
2026-05-29,P081 (1960M 午月0시),60,66,71
2026-05-30,P081 (1960M 午月0시),51,57,62
2026-05-31,P081 (1960M 午月0시),55,61,66
2025-12-03,P082 (1968F 酉月1시),59,65,70
2025-12-04,P082 (1968F 酉月1시),49,55,60
2025-12-05,P082 (1968F 酉月1시),70,76,81
2025-12-06,P082 (1968F 酉月1시),61,67,72
2025-12-07,P082 (1968F 酉月1시),63,69,74
2025-12-08,P082 (1968F 酉月1시),53,59,64
2025-12-09,P082 (1968F 酉月1시),65,71,76
2025-12-10,P082 (1968F 酉月1시),59,65,70
2025-12-11,P082 (1968F 酉月1시),49,55,60
2025-12-12,P082 (1968F 酉月1시),53,59,64
2025-12-13,P082 (1968F 酉月1시),72,78,83
2025-12-14,P082 (1968F 酉月1시),69,75,80
2025-12-15,P082 (1968F 酉月1시),64,70,75
2025-12-16,P082 (1968F 酉月1시),48,54,59
2025-12-17,P082 (1968F 酉月1시),71,77,82
2025-12-18,P082 (1968F 酉月1시),58,64,69
2025-12-19,P082 (1968F 酉月1시),59,65,70
2025-12-20,P082 (1968F 酉月1시),65,71,76
2025-12-21,P082 (1968F 酉月1시),61,67,72
2025-12-22,P082 (1968F 酉月1시),52,58,63
2025-12-23,P082 (1968F 酉月1시),52,58,63
2025-12-24,P082 (1968F 酉月1시),50,56,61
2025-12-25,P082 (1968F 酉月1시),69,75,80
2025-12-26,P082 (1968F 酉月1시),60,66,71
2025-12-27,P082 (1968F 酉月1시),58,64,69
2025-12-28,P082 (1968F 酉月1시),49,55,60
2025-12-29,P082 (1968F 酉月1시),69,75,80
2025-12-30,P082 (1968F 酉月1시),70,76,81
2025-12-31,P082 (1968F 酉月1시),58,64,69
2026-01-01,P082 (1968F 酉月1시),57,63,68
2026-01-02,P082 (1968F 酉月1시),64,70,75
2026-01-03,P082 (1968F 酉月1시),53,59,64
2026-01-04,P082 (1968F 酉月1시),53,59,64
2026-01-05,P082 (1968F 酉月1시),52,58,63
2026-01-06,P082 (1968F 酉月1시),62,68,73
2026-01-07,P082 (1968F 酉月1시),58,64,69
2026-01-08,P082 (1968F 酉月1시),53,59,64
2026-01-09,P082 (1968F 酉月1시),48,54,59
2026-01-10,P082 (1968F 酉月1시),60,66,71
2026-01-11,P082 (1968F 酉月1시),61,67,72
2026-01-12,P082 (1968F 酉月1시),51,57,62
2026-01-13,P082 (1968F 酉月1시),54,60,65
2026-01-14,P082 (1968F 酉月1시),56,62,67
2026-01-15,P082 (1968F 酉月1시),53,59,64
2026-01-16,P082 (1968F 酉月1시),50,56,61
2026-01-17,P082 (1968F 酉月1시),48,54,59
2026-01-18,P082 (1968F 酉月1시),67,73,78
2026-01-19,P082 (1968F 酉月1시),66,72,77
2026-01-20,P082 (1968F 酉月1시),51,57,62
2026-01-21,P082 (1968F 酉月1시),49,55,60
2026-01-22,P082 (1968F 酉月1시),61,67,72
2026-01-23,P082 (1968F 酉月1시),61,67,72
2026-01-24,P082 (1968F 酉月1시),54,60,65
2026-01-25,P082 (1968F 酉月1시),55,61,66
2026-01-26,P082 (1968F 酉月1시),57,63,68
2026-01-27,P082 (1968F 酉月1시),52,58,63
2026-01-28,P082 (1968F 酉月1시),52,58,63
2026-01-29,P082 (1968F 酉月1시),52,58,63
2026-01-30,P082 (1968F 酉月1시),62,68,73
2026-01-31,P082 (1968F 酉月1시),63,69,74
2026-02-01,P082 (1968F 酉月1시),50,56,61
2026-02-02,P082 (1968F 酉月1시),50,56,61
2026-02-03,P082 (1968F 酉月1시),63,69,74
2026-02-04,P082 (1968F 酉月1시),58,64,69
2026-02-05,P082 (1968F 酉月1시),51,57,62
2026-02-06,P082 (1968F 酉月1시),48,54,59
2026-02-07,P082 (1968F 酉月1시),52,58,63
2026-02-08,P082 (1968F 酉月1시),50,56,61
2026-02-09,P082 (1968F 酉月1시),48,54,59
2026-02-10,P082 (1968F 酉月1시),50,56,61
2026-02-11,P082 (1968F 酉月1시),62,68,73
2026-02-12,P082 (1968F 酉月1시),61,67,72
2026-02-13,P082 (1968F 酉月1시),53,59,64
2026-02-14,P082 (1968F 酉月1시),48,54,59
2026-02-15,P082 (1968F 酉月1시),60,66,71
2026-02-16,P082 (1968F 酉月1시),54,60,65
2026-02-17,P082 (1968F 酉月1시),51,57,62
2026-02-18,P082 (1968F 酉月1시),53,59,64
2026-02-19,P082 (1968F 酉月1시),49,55,60
2026-02-20,P082 (1968F 酉月1시),49,55,60
2026-02-21,P082 (1968F 酉月1시),48,54,59
2026-02-22,P082 (1968F 酉月1시),50,56,61
2026-02-23,P082 (1968F 酉月1시),63,69,74
2026-02-24,P082 (1968F 酉月1시),57,63,68
2026-02-25,P082 (1968F 酉月1시),50,56,61
2026-02-26,P082 (1968F 酉月1시),47,53,58
2026-02-27,P082 (1968F 酉月1시),55,61,66
2026-02-28,P082 (1968F 酉月1시),55,61,66
2026-03-01,P082 (1968F 酉月1시),48,54,59
2026-03-02,P082 (1968F 酉月1시),49,55,60
2026-03-03,P082 (1968F 酉月1시),52,58,63
2026-03-04,P082 (1968F 酉月1시),50,56,61
2026-03-05,P082 (1968F 酉月1시),48,54,59
2026-03-06,P082 (1968F 酉月1시),50,56,61
2026-03-07,P082 (1968F 酉月1시),59,65,70
2026-03-08,P082 (1968F 酉月1시),59,65,70
2026-03-09,P082 (1968F 酉月1시),55,61,66
2026-03-10,P082 (1968F 酉月1시),52,58,63
2026-03-11,P082 (1968F 酉月1시),60,66,71
2026-03-12,P082 (1968F 酉月1시),62,68,73
2026-03-13,P082 (1968F 酉月1시),53,59,64
2026-03-14,P082 (1968F 酉月1시),55,61,66
2026-03-15,P082 (1968F 酉月1시),56,62,67
2026-03-16,P082 (1968F 酉月1시),53,59,64
2026-03-17,P082 (1968F 酉月1시),51,57,62
2026-03-18,P082 (1968F 酉月1시),50,56,61
2026-03-19,P082 (1968F 酉月1시),65,71,76
2026-03-20,P082 (1968F 酉月1시),63,69,74
2026-03-21,P082 (1968F 酉月1시),51,57,62
2026-03-22,P082 (1968F 酉月1시),49,55,60
2026-03-23,P082 (1968F 酉月1시),59,65,70
2026-03-24,P082 (1968F 酉月1시),62,68,73
2026-03-25,P082 (1968F 酉月1시),52,58,63
2026-03-26,P082 (1968F 酉月1시),53,59,64
2026-03-27,P082 (1968F 酉月1시),55,61,66
2026-03-28,P082 (1968F 酉月1시),50,56,61
2026-03-29,P082 (1968F 酉月1시),52,58,63
2026-03-30,P082 (1968F 酉月1시),54,60,65
2026-03-31,P082 (1968F 酉月1시),64,70,75
2026-04-01,P082 (1968F 酉月1시),65,71,76
2026-04-02,P082 (1968F 酉月1시),52,58,63
2026-04-03,P082 (1968F 酉月1시),50,56,61
2026-04-04,P082 (1968F 酉月1시),60,66,71
2026-04-05,P082 (1968F 酉月1시),71,77,82
2026-04-06,P082 (1968F 酉月1시),70,76,81
2026-04-07,P082 (1968F 酉月1시),59,65,70
2026-04-08,P082 (1968F 酉月1시),75,81,86
2026-04-09,P082 (1968F 酉月1시),65,71,76
2026-04-10,P082 (1968F 酉月1시),57,63,68
2026-04-11,P082 (1968F 酉月1시),61,67,72
2026-04-12,P082 (1968F 酉月1시),82,88,93
2026-04-13,P082 (1968F 酉月1시),79,85,90
2026-04-14,P082 (1968F 酉月1시),71,77,82
2026-04-15,P082 (1968F 酉月1시),57,63,68
2026-04-16,P082 (1968F 酉月1시),77,83,88
2026-04-17,P082 (1968F 酉月1시),66,72,77
2026-04-18,P082 (1968F 酉月1시),70,76,81
2026-04-19,P082 (1968F 酉月1시),74,80,85
2026-04-20,P082 (1968F 酉月1시),70,76,81
2026-04-21,P082 (1968F 酉月1시),61,67,72
2026-04-22,P082 (1968F 酉月1시),62,68,73
2026-04-23,P082 (1968F 酉月1시),61,67,72
2026-04-24,P082 (1968F 酉月1시),82,88,93
2026-04-25,P082 (1968F 酉月1시),74,80,85
2026-04-26,P082 (1968F 酉月1시),67,73,78
2026-04-27,P082 (1968F 酉月1시),53,59,64
2026-04-28,P082 (1968F 酉月1시),80,86,91
2026-04-29,P082 (1968F 酉月1시),75,81,86
2026-04-30,P082 (1968F 酉月1시),65,71,76
2026-05-01,P082 (1968F 酉月1시),66,72,77
2026-05-02,P082 (1968F 酉月1시),71,77,82
2026-05-03,P082 (1968F 酉月1시),60,66,71
2026-05-04,P082 (1968F 酉月1시),60,66,71
2026-05-05,P082 (1968F 酉月1시),59,65,70
2026-05-06,P082 (1968F 酉月1시),74,80,85
2026-05-07,P082 (1968F 酉月1시),65,71,76
2026-05-08,P082 (1968F 酉月1시),63,69,74
2026-05-09,P082 (1968F 酉月1시),55,61,66
2026-05-10,P082 (1968F 酉月1시),69,75,80
2026-05-11,P082 (1968F 酉月1시),66,72,77
2026-05-12,P082 (1968F 酉月1시),63,69,74
2026-05-13,P082 (1968F 酉月1시),62,68,73
2026-05-14,P082 (1968F 酉月1시),68,74,79
2026-05-15,P082 (1968F 酉月1시),57,63,68
2026-05-16,P082 (1968F 酉月1시),53,59,64
2026-05-17,P082 (1968F 酉月1시),53,59,64
2026-05-18,P082 (1968F 酉月1시),74,80,85
2026-05-19,P082 (1968F 酉月1시),77,83,88
2026-05-20,P082 (1968F 酉月1시),59,65,70
2026-05-21,P082 (1968F 酉月1시),55,61,66
2026-05-22,P082 (1968F 酉月1시),71,77,82
2026-05-23,P082 (1968F 酉月1시),69,75,80
2026-05-24,P082 (1968F 酉月1시),64,70,75
2026-05-25,P082 (1968F 酉月1시),59,65,70
2026-05-26,P082 (1968F 酉月1시),63,69,74
2026-05-27,P082 (1968F 酉月1시),52,58,63
2026-05-28,P082 (1968F 酉月1시),57,63,68
2026-05-29,P082 (1968F 酉月1시),59,65,70
2026-05-30,P082 (1968F 酉月1시),72,78,83
2026-05-31,P082 (1968F 酉月1시),70,76,81
2025-12-03,P083 (1976M 丑月23시),57,63,68
2025-12-04,P083 (1976M 丑月23시),56,62,67
2025-12-05,P083 (1976M 丑月23시),66,72,77
2025-12-06,P083 (1976M 丑月23시),64,70,75
2025-12-07,P083 (1976M 丑月23시),50,56,61
2025-12-08,P083 (1976M 丑月23시),58,64,69
2025-12-09,P083 (1976M 丑月23시),51,57,62
2025-12-10,P083 (1976M 丑月23시),55,61,66
2025-12-11,P083 (1976M 丑月23시),58,64,69
2025-12-12,P083 (1976M 丑月23시),60,66,71
2025-12-13,P083 (1976M 丑月23시),53,59,64
2025-12-14,P083 (1976M 丑月23시),64,70,75
2025-12-15,P083 (1976M 丑月23시),47,53,58
2025-12-16,P083 (1976M 丑月23시),47,53,58
2025-12-17,P083 (1976M 丑月23시),52,58,63
2025-12-18,P083 (1976M 丑月23시),51,57,62
2025-12-19,P083 (1976M 丑月23시),57,63,68
2025-12-20,P083 (1976M 丑月23시),62,68,73
2025-12-21,P083 (1976M 丑月23시),52,58,63
2025-12-22,P083 (1976M 丑月23시),54,60,65
2025-12-23,P083 (1976M 丑月23시),53,59,64
2025-12-24,P083 (1976M 丑月23시),61,67,72
2025-12-25,P083 (1976M 丑月23시),53,59,64
2025-12-26,P083 (1976M 丑月23시),61,67,72
2025-12-27,P083 (1976M 丑月23시),47,53,58
2025-12-28,P083 (1976M 丑月23시),46,52,57
2025-12-29,P083 (1976M 丑月23시),55,61,66
2025-12-30,P083 (1976M 丑月23시),50,56,61
2025-12-31,P083 (1976M 丑月23시),55,61,66
2026-01-01,P083 (1976M 丑月23시),58,64,69
2026-01-02,P083 (1976M 丑月23시),47,53,58
2026-01-03,P083 (1976M 丑月23시),51,57,62
2026-01-04,P083 (1976M 丑月23시),50,56,61
2026-01-05,P083 (1976M 丑月23시),56,62,67
2026-01-06,P083 (1976M 丑月23시),64,70,75
2026-01-07,P083 (1976M 丑月23시),71,77,82
2026-01-08,P083 (1976M 丑月23시),57,63,68
2026-01-09,P083 (1976M 丑月23시),50,56,61
2026-01-10,P083 (1976M 丑月23시),68,74,79
2026-01-11,P083 (1976M 丑月23시),55,61,66
2026-01-12,P083 (1976M 丑月23시),63,69,74
2026-01-13,P083 (1976M 丑月23시),78,84,89
2026-01-14,P083 (1976M 丑月23시),55,61,66
2026-01-15,P083 (1976M 丑月23시),69,75,80
2026-01-16,P083 (1976M 丑月23시),61,67,72
2026-01-17,P083 (1976M 丑月23시),68,74,79
2026-01-18,P083 (1976M 丑月23시),75,81,86
2026-01-19,P083 (1976M 丑月23시),76,82,87
2026-01-20,P083 (1976M 丑月23시),55,61,66
2026-01-21,P083 (1976M 丑月23시),49,55,60
2026-01-22,P083 (1976M 丑月23시),63,69,74
2026-01-23,P083 (1976M 丑月23시),62,68,73
2026-01-24,P083 (1976M 丑月23시),64,70,75
2026-01-25,P083 (1976M 丑月23시),75,81,86
2026-01-26,P083 (1976M 丑月23시),55,61,66
2026-01-27,P083 (1976M 丑月23시),64,70,75
2026-01-28,P083 (1976M 丑月23시),71,77,82
2026-01-29,P083 (1976M 丑月23시),73,79,84
2026-01-30,P083 (1976M 丑月23시),69,75,80
2026-01-31,P083 (1976M 丑月23시),77,83,88
2026-02-01,P083 (1976M 丑月23시),52,58,63
2026-02-02,P083 (1976M 丑月23시),55,61,66
2026-02-03,P083 (1976M 丑月23시),64,70,75
2026-02-04,P083 (1976M 丑月23시),57,63,68
2026-02-05,P083 (1976M 丑月23시),65,71,76
2026-02-06,P083 (1976M 丑月23시),70,76,81
2026-02-07,P083 (1976M 丑月23시),59,65,70
2026-02-08,P083 (1976M 丑月23시),68,74,79
2026-02-09,P083 (1976M 丑月23시),63,69,74
2026-02-10,P083 (1976M 丑月23시),74,80,85
2026-02-11,P083 (1976M 丑月23시),65,71,76
2026-02-12,P083 (1976M 丑月23시),81,87,92
2026-02-13,P083 (1976M 丑月23시),49,55,60
2026-02-14,P083 (1976M 丑月23시),47,53,58
2026-02-15,P083 (1976M 丑月23시),58,64,69
2026-02-16,P083 (1976M 丑月23시),52,58,63
2026-02-17,P083 (1976M 丑月23시),71,77,82
2026-02-18,P083 (1976M 丑月23시),75,81,86
2026-02-19,P083 (1976M 丑月23시),55,61,66
2026-02-20,P083 (1976M 丑月23시),66,72,77
2026-02-21,P083 (1976M 丑月23시),59,65,70
2026-02-22,P083 (1976M 丑月23시),72,78,83
2026-02-23,P083 (1976M 丑月23시),60,66,71
2026-02-24,P083 (1976M 丑月23시),72,78,83
2026-02-25,P083 (1976M 丑月23시),50,56,61
2026-02-26,P083 (1976M 丑月23시),45,51,56
2026-02-27,P083 (1976M 丑月23시),69,75,80
2026-02-28,P083 (1976M 丑月23시),53,59,64
2026-03-01,P083 (1976M 丑月23시),65,71,76
2026-03-02,P083 (1976M 丑月23시),73,79,84
2026-03-03,P083 (1976M 丑月23시),52,58,63
2026-03-04,P083 (1976M 丑月23시),70,76,81
2026-03-05,P083 (1976M 丑月23시),59,65,70
2026-03-06,P083 (1976M 丑月23시),66,72,77
2026-03-07,P083 (1976M 丑月23시),56,62,67
2026-03-08,P083 (1976M 丑月23시),64,70,75
2026-03-09,P083 (1976M 丑月23시),51,57,62
2026-03-10,P083 (1976M 丑月23시),46,52,57
2026-03-11,P083 (1976M 丑月23시),59,65,70
2026-03-12,P083 (1976M 丑月23시),54,60,65
2026-03-13,P083 (1976M 丑月23시),56,62,67
2026-03-14,P083 (1976M 丑月23시),70,76,81
2026-03-15,P083 (1976M 丑月23시),51,57,62
2026-03-16,P083 (1976M 丑月23시),61,67,72
2026-03-17,P083 (1976M 丑月23시),59,65,70
2026-03-18,P083 (1976M 丑月23시),62,68,73
2026-03-19,P083 (1976M 丑月23시),70,76,81
2026-03-20,P083 (1976M 丑月23시),72,78,83
2026-03-21,P083 (1976M 丑月23시),54,60,65
2026-03-22,P083 (1976M 丑月23시),48,54,59
2026-03-23,P083 (1976M 丑月23시),58,64,69
2026-03-24,P083 (1976M 丑月23시),56,62,67
2026-03-25,P083 (1976M 丑月23시),59,65,70
2026-03-26,P083 (1976M 丑月23시),68,74,79
2026-03-27,P083 (1976M 丑月23시),50,56,61
2026-03-28,P083 (1976M 丑月23시),55,61,66
2026-03-29,P083 (1976M 丑月23시),62,68,73
2026-03-30,P083 (1976M 丑月23시),63,69,74
2026-03-31,P083 (1976M 丑月23시),58,64,69
2026-04-01,P083 (1976M 丑月23시),66,72,77
2026-04-02,P083 (1976M 丑月23시),48,54,59
2026-04-03,P083 (1976M 丑月23시),46,52,57
2026-04-04,P083 (1976M 丑月23시),56,62,67
2026-04-05,P083 (1976M 丑月23시),53,59,64
2026-04-06,P083 (1976M 丑月23시),62,68,73
2026-04-07,P083 (1976M 丑月23시),68,74,79
2026-04-08,P083 (1976M 丑月23시),57,63,68
2026-04-09,P083 (1976M 丑月23시),62,68,73
2026-04-10,P083 (1976M 丑月23시),59,65,70
2026-04-11,P083 (1976M 丑月23시),68,74,79
2026-04-12,P083 (1976M 丑月23시),61,67,72
2026-04-13,P083 (1976M 丑月23시),77,83,88
2026-04-14,P083 (1976M 丑月23시),49,55,60
2026-04-15,P083 (1976M 丑月23시),47,53,58
2026-04-16,P083 (1976M 丑月23시),57,63,68
2026-04-17,P083 (1976M 丑月23시),50,56,61
2026-04-18,P083 (1976M 丑月23시),64,70,75
2026-04-19,P083 (1976M 丑月23시),68,74,79
2026-04-20,P083 (1976M 丑月23시),52,58,63
2026-04-21,P083 (1976M 丑月23시),62,68,73
2026-04-22,P083 (1976M 丑月23시),55,61,66
2026-04-23,P083 (1976M 丑月23시),72,78,83
2026-04-24,P083 (1976M 丑月23시),60,66,71
2026-04-25,P083 (1976M 丑月23시),71,77,82
2026-04-26,P083 (1976M 丑月23시),49,55,60
2026-04-27,P083 (1976M 丑月23시),45,51,56
2026-04-28,P083 (1976M 丑月23시),68,74,79
2026-04-29,P083 (1976M 丑月23시),55,61,66
2026-04-30,P083 (1976M 丑月23시),64,70,75
2026-05-01,P083 (1976M 丑月23시),69,75,80
2026-05-02,P083 (1976M 丑月23시),49,55,60
2026-05-03,P083 (1976M 丑月23시),67,73,78
2026-05-04,P083 (1976M 丑月23시),56,62,67
2026-05-05,P083 (1976M 丑月23시),65,71,76
2026-05-06,P083 (1976M 丑月23시),53,59,64
2026-05-07,P083 (1976M 丑月23시),62,68,73
2026-05-08,P083 (1976M 丑月23시),49,55,60
2026-05-09,P083 (1976M 丑月23시),45,51,56
2026-05-10,P083 (1976M 丑月23시),57,63,68
2026-05-11,P083 (1976M 丑月23시),53,59,64
2026-05-12,P083 (1976M 丑月23시),55,61,66
2026-05-13,P083 (1976M 丑月23시),71,77,82
2026-05-14,P083 (1976M 丑月23시),53,59,64
2026-05-15,P083 (1976M 丑月23시),57,63,68
2026-05-16,P083 (1976M 丑月23시),56,62,67
2026-05-17,P083 (1976M 丑月23시),63,69,74
2026-05-18,P083 (1976M 丑月23시),66,72,77
2026-05-19,P083 (1976M 丑月23시),67,73,78
2026-05-20,P083 (1976M 丑月23시),51,57,62
2026-05-21,P083 (1976M 丑月23시),47,53,58
2026-05-22,P083 (1976M 丑月23시),57,63,68
2026-05-23,P083 (1976M 丑月23시),55,61,66
2026-05-24,P083 (1976M 丑月23시),58,64,69
2026-05-25,P083 (1976M 丑月23시),67,73,78
2026-05-26,P083 (1976M 丑月23시),51,57,62
2026-05-27,P083 (1976M 丑月23시),56,62,67
2026-05-28,P083 (1976M 丑月23시),60,66,71
2026-05-29,P083 (1976M 丑月23시),65,71,76
2026-05-30,P083 (1976M 丑月23시),60,66,71
2026-05-31,P083 (1976M 丑月23시),67,73,78
2025-12-03,P084 (1984F 辰月13시),60,66,71
2025-12-04,P084 (1984F 辰月13시),68,74,79
2025-12-05,P084 (1984F 辰月13시),64,70,75
2025-12-06,P084 (1984F 辰月13시),63,69,74
2025-12-07,P084 (1984F 辰月13시),53,59,64
2025-12-08,P084 (1984F 辰月13시),60,66,71
2025-12-09,P084 (1984F 辰月13시),50,56,61
2025-12-10,P084 (1984F 辰月13시),46,52,57
2025-12-11,P084 (1984F 辰月13시),56,62,67
2025-12-12,P084 (1984F 辰月13시),62,68,73
2025-12-13,P084 (1984F 辰月13시),46,52,57
2025-12-14,P084 (1984F 辰月13시),46,52,57
2025-12-15,P084 (1984F 辰月13시),48,54,59
2025-12-16,P084 (1984F 辰月13시),58,64,69
2025-12-17,P084 (1984F 辰月13시),51,57,62
2025-12-18,P084 (1984F 辰月13시),49,55,60
2025-12-19,P084 (1984F 辰月13시),59,65,70
2025-12-20,P084 (1984F 辰月13시),58,64,69
2025-12-21,P084 (1984F 辰月13시),50,56,61
2025-12-22,P084 (1984F 辰月13시),52,58,63
2025-12-23,P084 (1984F 辰月13시),56,62,67
2025-12-24,P084 (1984F 辰月13시),60,66,71
2025-12-25,P084 (1984F 辰月13시),50,56,61
2025-12-26,P084 (1984F 辰月13시),51,57,62
2025-12-27,P084 (1984F 辰月13시),50,56,61
2025-12-28,P084 (1984F 辰月13시),56,62,67
2025-12-29,P084 (1984F 辰月13시),53,59,64
2025-12-30,P084 (1984F 辰月13시),47,53,58
2025-12-31,P084 (1984F 辰月13시),57,63,68
2026-01-01,P084 (1984F 辰月13시),65,71,76
2026-01-02,P084 (1984F 辰月13시),50,56,61
2026-01-03,P084 (1984F 辰月13시),51,57,62
2026-01-04,P084 (1984F 辰月13시),56,62,67
2026-01-05,P084 (1984F 辰月13시),65,71,76
2026-01-06,P084 (1984F 辰月13시),51,57,62
2026-01-07,P084 (1984F 辰月13시),54,60,65
2026-01-08,P084 (1984F 辰月13시),53,59,64
2026-01-09,P084 (1984F 辰月13시),55,61,66
2026-01-10,P084 (1984F 辰月13시),51,57,62
2026-01-11,P084 (1984F 辰月13시),52,58,63
2026-01-12,P084 (1984F 辰月13시),58,64,69
2026-01-13,P084 (1984F 辰月13시),64,70,75
2026-01-14,P084 (1984F 辰月13시),49,55,60
2026-01-15,P084 (1984F 辰月13시),56,62,67
2026-01-16,P084 (1984F 辰月13시),57,63,68
2026-01-17,P084 (1984F 辰月13시),64,70,75
2026-01-18,P084 (1984F 辰月13시),52,58,63
2026-01-19,P084 (1984F 辰月13시),49,55,60
2026-01-20,P084 (1984F 辰月13시),51,57,62
2026-01-21,P084 (1984F 辰月13시),56,62,67
2026-01-22,P084 (1984F 辰月13시),48,54,59
2026-01-23,P084 (1984F 辰月13시),50,56,61
2026-01-24,P084 (1984F 辰月13시),54,60,65
2026-01-25,P084 (1984F 辰月13시),62,68,73
2026-01-26,P084 (1984F 辰月13시),48,54,59
2026-01-27,P084 (1984F 辰月13시),54,60,65
2026-01-28,P084 (1984F 辰月13시),61,67,72
2026-01-29,P084 (1984F 辰月13시),60,66,71
2026-01-30,P084 (1984F 辰月13시),51,57,62
2026-01-31,P084 (1984F 辰月13시),50,56,61
2026-02-01,P084 (1984F 辰月13시),50,56,61
2026-02-02,P084 (1984F 辰月13시),56,62,67
2026-02-03,P084 (1984F 辰月13시),51,57,62
2026-02-04,P084 (1984F 辰月13시),56,62,67
2026-02-05,P084 (1984F 辰月13시),57,63,68
2026-02-06,P084 (1984F 辰月13시),65,71,76
2026-02-07,P084 (1984F 辰月13시),55,61,66
2026-02-08,P084 (1984F 辰月13시),55,61,66
2026-02-09,P084 (1984F 辰月13시),64,70,75
2026-02-10,P084 (1984F 辰月13시),68,74,79
2026-02-11,P084 (1984F 辰月13시),52,58,63
2026-02-12,P084 (1984F 辰月13시),54,60,65
2026-02-13,P084 (1984F 辰月13시),55,61,66
2026-02-14,P084 (1984F 辰月13시),61,67,72
2026-02-15,P084 (1984F 辰月13시),52,58,63
2026-02-16,P084 (1984F 辰月13시),54,60,65
2026-02-17,P084 (1984F 辰月13시),59,65,70
2026-02-18,P084 (1984F 辰月13시),64,70,75
2026-02-19,P084 (1984F 辰月13시),53,59,64
2026-02-20,P084 (1984F 辰月13시),55,61,66
2026-02-21,P084 (1984F 辰月13시),62,68,73
2026-02-22,P084 (1984F 辰月13시),66,72,77
2026-02-23,P084 (1984F 辰月13시),50,56,61
2026-02-24,P084 (1984F 辰月13시),54,60,65
2026-02-25,P084 (1984F 辰月13시),55,61,66
2026-02-26,P084 (1984F 辰月13시),60,66,71
2026-02-27,P084 (1984F 辰月13시),55,61,66
2026-02-28,P084 (1984F 辰月13시),52,58,63
2026-03-01,P084 (1984F 辰月13시),63,69,74
2026-03-02,P084 (1984F 辰月13시),68,74,79
2026-03-03,P084 (1984F 辰月13시),50,56,61
2026-03-04,P084 (1984F 辰月13시),54,60,65
2026-03-05,P084 (1984F 辰月13시),57,63,68
2026-03-06,P084 (1984F 辰月13시),81,87,92
2026-03-07,P084 (1984F 辰月13시),64,70,75
2026-03-08,P084 (1984F 辰月13시),64,70,75
2026-03-09,P084 (1984F 辰月13시),70,76,81
2026-03-10,P084 (1984F 辰月13시),74,80,85
2026-03-11,P084 (1984F 辰月13시),71,77,82
2026-03-12,P084 (1984F 辰月13시),64,70,75
2026-03-13,P084 (1984F 辰月13시),74,80,85
2026-03-14,P084 (1984F 辰月13시),79,85,90
2026-03-15,P084 (1984F 辰月13시),63,69,74
2026-03-16,P084 (1984F 辰月13시),66,72,77
2026-03-17,P084 (1984F 辰月13시),76,82,87
2026-03-18,P084 (1984F 辰月13시),80,86,91
2026-03-19,P084 (1984F 辰月13시),68,74,79
2026-03-20,P084 (1984F 辰月13시),62,68,73
2026-03-21,P084 (1984F 辰月13시),65,71,76
2026-03-22,P084 (1984F 辰月13시),75,81,86
2026-03-23,P084 (1984F 辰月13시),64,70,75
2026-03-24,P084 (1984F 辰月13시),60,66,71
2026-03-25,P084 (1984F 辰月13시),69,75,80
2026-03-26,P084 (1984F 辰月13시),77,83,88
2026-03-27,P084 (1984F 辰月13시),63,69,74
2026-03-28,P084 (1984F 辰月13시),65,71,76
2026-03-29,P084 (1984F 辰月13시),78,84,89
2026-03-30,P084 (1984F 辰月13시),80,86,91
2026-03-31,P084 (1984F 辰月13시),66,72,77
2026-04-01,P084 (1984F 辰月13시),66,72,77
2026-04-02,P084 (1984F 辰月13시),64,70,75
2026-04-03,P084 (1984F 辰月13시),72,78,83
2026-04-04,P084 (1984F 辰月13시),66,72,77
2026-04-05,P084 (1984F 辰月13시),52,58,63
2026-04-06,P084 (1984F 辰月13시),53,59,64
2026-04-07,P084 (1984F 辰月13시),66,72,77
2026-04-08,P084 (1984F 辰月13시),52,58,63
2026-04-09,P084 (1984F 辰月13시),51,57,62
2026-04-10,P084 (1984F 辰月13시),60,66,71
2026-04-11,P084 (1984F 辰月13시),65,71,76
2026-04-12,P084 (1984F 辰月13시),48,54,59
2026-04-13,P084 (1984F 辰月13시),49,55,60
2026-04-14,P084 (1984F 辰月13시),51,57,62
2026-04-15,P084 (1984F 辰月13시),58,64,69
2026-04-16,P084 (1984F 辰月13시),50,56,61
2026-04-17,P084 (1984F 辰月13시),50,56,61
2026-04-18,P084 (1984F 辰月13시),62,68,73
2026-04-19,P084 (1984F 辰月13시),62,68,73
2026-04-20,P084 (1984F 辰月13시),51,57,62
2026-04-21,P084 (1984F 辰月13시),53,59,64
2026-04-22,P084 (1984F 辰月13시),57,63,68
2026-04-23,P084 (1984F 辰月13시),63,69,74
2026-04-24,P084 (1984F 辰月13시),48,54,59
2026-04-25,P084 (1984F 辰月13시),52,58,63
2026-04-26,P084 (1984F 辰月13시),52,58,63
2026-04-27,P084 (1984F 辰月13시),59,65,70
2026-04-28,P084 (1984F 辰月13시),55,61,66
2026-04-29,P084 (1984F 辰月13시),50,56,61
2026-04-30,P084 (1984F 辰月13시),59,65,70
2026-05-01,P084 (1984F 辰月13시),65,71,76
2026-05-02,P084 (1984F 辰月13시),48,54,59
2026-05-03,P084 (1984F 辰月13시),52,58,63
2026-05-04,P084 (1984F 辰月13시),58,64,69
2026-05-05,P084 (1984F 辰月13시),68,74,79
2026-05-06,P084 (1984F 辰月13시),53,59,64
2026-05-07,P084 (1984F 辰月13시),54,60,65
2026-05-08,P084 (1984F 辰月13시),57,63,68
2026-05-09,P084 (1984F 辰月13시),60,66,71
2026-05-10,P084 (1984F 辰月13시),55,61,66
2026-05-11,P084 (1984F 辰月13시),53,59,64
2026-05-12,P084 (1984F 辰月13시),60,66,71
2026-05-13,P084 (1984F 辰月13시),64,70,75
2026-05-14,P084 (1984F 辰月13시),52,58,63
2026-05-15,P084 (1984F 辰月13시),59,65,70
2026-05-16,P084 (1984F 辰月13시),59,65,70
2026-05-17,P084 (1984F 辰月13시),67,73,78
2026-05-18,P084 (1984F 辰月13시),54,60,65
2026-05-19,P084 (1984F 辰月13시),54,60,65
2026-05-20,P084 (1984F 辰月13시),55,61,66
2026-05-21,P084 (1984F 辰月13시),65,71,76
2026-05-22,P084 (1984F 辰月13시),56,62,67
2026-05-23,P084 (1984F 辰月13시),56,62,67
2026-05-24,P084 (1984F 辰月13시),60,66,71
2026-05-25,P084 (1984F 辰月13시),68,74,79
2026-05-26,P084 (1984F 辰月13시),49,55,60
2026-05-27,P084 (1984F 辰月13시),58,64,69
2026-05-28,P084 (1984F 辰月13시),65,71,76
2026-05-29,P084 (1984F 辰月13시),64,70,75
2026-05-30,P084 (1984F 辰月13시),54,60,65
2026-05-31,P084 (1984F 辰月13시),54,60,65
2025-12-03,P085 (1992M 未月5시),69,75,80
2025-12-04,P085 (1992M 未月5시),65,71,76
2025-12-05,P085 (1992M 未月5시),58,64,69
2025-12-06,P085 (1992M 未月5시),55,61,66
2025-12-07,P085 (1992M 未月5시),58,64,69
2025-12-08,P085 (1992M 未月5시),48,54,59
2025-12-09,P085 (1992M 未月5시),49,55,60
2025-12-10,P085 (1992M 未月5시),48,54,59
2025-12-11,P085 (1992M 未月5시),46,52,57
2025-12-12,P085 (1992M 未月5시),68,74,79
2025-12-13,P085 (1992M 未月5시),54,60,65
2025-12-14,P085 (1992M 未月5시),62,68,73
2025-12-15,P085 (1992M 未月5시),68,74,79
2025-12-16,P085 (1992M 未月5시),61,67,72
2025-12-17,P085 (1992M 未月5시),64,70,75
2025-12-18,P085 (1992M 未月5시),54,60,65
2025-12-19,P085 (1992M 未月5시),55,61,66
2025-12-20,P085 (1992M 未月5시),48,54,59
2025-12-21,P085 (1992M 未月5시),49,55,60
2025-12-22,P085 (1992M 未月5시),49,55,60
2025-12-23,P085 (1992M 未月5시),49,55,60
2025-12-24,P085 (1992M 未月5시),59,65,70
2025-12-25,P085 (1992M 未月5시),52,58,63
2025-12-26,P085 (1992M 未月5시),57,63,68
2025-12-27,P085 (1992M 未月5시),72,78,83
2025-12-28,P085 (1992M 未月5시),62,68,73
2025-12-29,P085 (1992M 未月5시),56,62,67
2025-12-30,P085 (1992M 未月5시),53,59,64
2025-12-31,P085 (1992M 未月5시),52,58,63
2026-01-01,P085 (1992M 未月5시),50,56,61
2026-01-02,P085 (1992M 未月5시),49,55,60
2026-01-03,P085 (1992M 未月5시),48,54,59
2026-01-04,P085 (1992M 未月5시),48,54,59
2026-01-05,P085 (1992M 未月5시),59,65,70
2026-01-06,P085 (1992M 未月5시),59,65,70
2026-01-07,P085 (1992M 未月5시),66,72,77
2026-01-08,P085 (1992M 未月5시),69,75,80
2026-01-09,P085 (1992M 未月5시),66,72,77
2026-01-10,P085 (1992M 未月5시),59,65,70
2026-01-11,P085 (1992M 未月5시),59,65,70
2026-01-12,P085 (1992M 未月5시),53,59,64
2026-01-13,P085 (1992M 未月5시),51,57,62
2026-01-14,P085 (1992M 未月5시),48,54,59
2026-01-15,P085 (1992M 未月5시),50,56,61
2026-01-16,P085 (1992M 未月5시),49,55,60
2026-01-17,P085 (1992M 未月5시),59,65,70
2026-01-18,P085 (1992M 未月5시),50,56,61
2026-01-19,P085 (1992M 未月5시),57,63,68
2026-01-20,P085 (1992M 未月5시),62,68,73
2026-01-21,P085 (1992M 未月5시),60,66,71
2026-01-22,P085 (1992M 未月5시),51,57,62
2026-01-23,P085 (1992M 未月5시),55,61,66
2026-01-24,P085 (1992M 未月5시),51,57,62
2026-01-25,P085 (1992M 未月5시),47,53,58
2026-01-26,P085 (1992M 未月5시),47,53,58
2026-01-27,P085 (1992M 未月5시),47,53,58
2026-01-28,P085 (1992M 未月5시),47,53,58
2026-01-29,P085 (1992M 未月5시),54,60,65
2026-01-30,P085 (1992M 未月5시),50,56,61
2026-01-31,P085 (1992M 未月5시),56,62,67
2026-02-01,P085 (1992M 未月5시),61,67,72
2026-02-02,P085 (1992M 未月5시),58,64,69
2026-02-03,P085 (1992M 未月5시),50,56,61
2026-02-04,P085 (1992M 未月5시),47,53,58
2026-02-05,P085 (1992M 未月5시),49,55,60
2026-02-06,P085 (1992M 未月5시),49,55,60
2026-02-07,P085 (1992M 未月5시),48,54,59
2026-02-08,P085 (1992M 未月5시),47,53,58
2026-02-09,P085 (1992M 未月5시),49,55,60
2026-02-10,P085 (1992M 未月5시),52,58,63
2026-02-11,P085 (1992M 未月5시),49,55,60
2026-02-12,P085 (1992M 未月5시),52,58,63
2026-02-13,P085 (1992M 未月5시),57,63,68
2026-02-14,P085 (1992M 未月5시),52,58,63
2026-02-15,P085 (1992M 未月5시),51,57,62
2026-02-16,P085 (1992M 未月5시),50,56,61
2026-02-17,P085 (1992M 未月5시),49,55,60
2026-02-18,P085 (1992M 未月5시),50,56,61
2026-02-19,P085 (1992M 未月5시),50,56,61
2026-02-20,P085 (1992M 未月5시),49,55,60
2026-02-21,P085 (1992M 未月5시),49,55,60
2026-02-22,P085 (1992M 未月5시),54,60,65
2026-02-23,P085 (1992M 未月5시),52,58,63
2026-02-24,P085 (1992M 未月5시),56,62,67
2026-02-25,P085 (1992M 未月5시),66,72,77
2026-02-26,P085 (1992M 未月5시),61,67,72
2026-02-27,P085 (1992M 未月5시),52,58,63
2026-02-28,P085 (1992M 未月5시),54,60,65
2026-03-01,P085 (1992M 未月5시),50,56,61
2026-03-02,P085 (1992M 未月5시),51,57,62
2026-03-03,P085 (1992M 未月5시),50,56,61
2026-03-04,P085 (1992M 未月5시),50,56,61
2026-03-05,P085 (1992M 未月5시),49,55,60
2026-03-06,P085 (1992M 未月5시),65,71,76
2026-03-07,P085 (1992M 未月5시),62,68,73
2026-03-08,P085 (1992M 未月5시),69,75,80
2026-03-09,P085 (1992M 未月5시),78,84,89
2026-03-10,P085 (1992M 未月5시),71,77,82
2026-03-11,P085 (1992M 未月5시),62,68,73
2026-03-12,P085 (1992M 未月5시),61,67,72
2026-03-13,P085 (1992M 未月5시),56,62,67
2026-03-14,P085 (1992M 未月5시),51,57,62
2026-03-15,P085 (1992M 未月5시),51,57,62
2026-03-16,P085 (1992M 未月5시),48,54,59
2026-03-17,P085 (1992M 未月5시),48,54,59
2026-03-18,P085 (1992M 未月5시),64,70,75
2026-03-19,P085 (1992M 未月5시),54,60,65
2026-03-20,P085 (1992M 未月5시),64,70,75
2026-03-21,P085 (1992M 未月5시),69,75,80
2026-03-22,P085 (1992M 未月5시),72,78,83
2026-03-23,P085 (1992M 未月5시),57,63,68
2026-03-24,P085 (1992M 未月5시),57,63,68
2026-03-25,P085 (1992M 未月5시),52,58,63
2026-03-26,P085 (1992M 未月5시),47,53,58
2026-03-27,P085 (1992M 未月5시),58,64,69
2026-03-28,P085 (1992M 未月5시),51,57,62
2026-03-29,P085 (1992M 未月5시),46,52,57
2026-03-30,P085 (1992M 未月5시),63,69,74
2026-03-31,P085 (1992M 未月5시),57,63,68
2026-04-01,P085 (1992M 未月5시),69,75,80
2026-04-02,P085 (1992M 未月5시),70,76,81
2026-04-03,P085 (1992M 未月5시),66,72,77
2026-04-04,P085 (1992M 未月5시),58,64,69
2026-04-05,P085 (1992M 未月5시),53,59,64
2026-04-06,P085 (1992M 未月5시),67,73,78
2026-04-07,P085 (1992M 未月5시),50,56,61
2026-04-08,P085 (1992M 未月5시),55,61,66
2026-04-09,P085 (1992M 未月5시),52,58,63
2026-04-10,P085 (1992M 未月5시),49,55,60
2026-04-11,P085 (1992M 未月5시),73,79,84
2026-04-12,P085 (1992M 未月5시),53,59,64
2026-04-13,P085 (1992M 未月5시),68,74,79
2026-04-14,P085 (1992M 未月5시),71,77,82
2026-04-15,P085 (1992M 未月5시),66,72,77
2026-04-16,P085 (1992M 未月5시),72,78,83
2026-04-17,P085 (1992M 未月5시),56,62,67
2026-04-18,P085 (1992M 未月5시),61,67,72
2026-04-19,P085 (1992M 未月5시),51,57,62
2026-04-20,P085 (1992M 未月5시),51,57,62
2026-04-21,P085 (1992M 未月5시),54,60,65
2026-04-22,P085 (1992M 未月5시),47,53,58
2026-04-23,P085 (1992M 未月5시),67,73,78
2026-04-24,P085 (1992M 未月5시),54,60,65
2026-04-25,P085 (1992M 未月5시),64,70,75
2026-04-26,P085 (1992M 未月5시),81,87,92
2026-04-27,P085 (1992M 未月5시),69,75,80
2026-04-28,P085 (1992M 未月5시),61,67,72
2026-04-29,P085 (1992M 未月5시),54,60,65
2026-04-30,P085 (1992M 未月5시),53,59,64
2026-05-01,P085 (1992M 未月5시),50,56,61
2026-05-02,P085 (1992M 未月5시),47,53,58
2026-05-03,P085 (1992M 未月5시),49,55,60
2026-05-04,P085 (1992M 未月5시),46,52,57
2026-05-05,P085 (1992M 未月5시),61,67,72
2026-05-06,P085 (1992M 未月5시),62,68,73
2026-05-07,P085 (1992M 未月5시),70,76,81
2026-05-08,P085 (1992M 未月5시),75,81,86
2026-05-09,P085 (1992M 未月5시),67,73,78
2026-05-10,P085 (1992M 未月5시),59,65,70
2026-05-11,P085 (1992M 未月5시),60,66,71
2026-05-12,P085 (1992M 未月5시),57,63,68
2026-05-13,P085 (1992M 未月5시),55,61,66
2026-05-14,P085 (1992M 未月5시),55,61,66
2026-05-15,P085 (1992M 未月5시),54,60,65
2026-05-16,P085 (1992M 未月5시),52,58,63
2026-05-17,P085 (1992M 未月5시),70,76,81
2026-05-18,P085 (1992M 未月5시),57,63,68
2026-05-19,P085 (1992M 未月5시),68,74,79
2026-05-20,P085 (1992M 未月5시),72,78,83
2026-05-21,P085 (1992M 未月5시),73,79,84
2026-05-22,P085 (1992M 未月5시),61,67,72
2026-05-23,P085 (1992M 未月5시),61,67,72
2026-05-24,P085 (1992M 未月5시),59,65,70
2026-05-25,P085 (1992M 未月5시),52,58,63
2026-05-26,P085 (1992M 未月5시),62,68,73
2026-05-27,P085 (1992M 未月5시),53,59,64
2026-05-28,P085 (1992M 未月5시),46,52,57
2026-05-29,P085 (1992M 未月5시),64,70,75
2026-05-30,P085 (1992M 未月5시),57,63,68
2026-05-31,P085 (1992M 未月5시),71,77,82
2025-12-03,P086 (2000F 戌月19시),56,62,67
2025-12-04,P086 (2000F 戌月19시),62,68,73
2025-12-05,P086 (2000F 戌月19시),67,73,78
2025-12-06,P086 (2000F 戌月19시),65,71,76
2025-12-07,P086 (2000F 戌月19시),59,65,70
2025-12-08,P086 (2000F 戌月19시),62,68,73
2025-12-09,P086 (2000F 戌月19시),74,80,85
2025-12-10,P086 (2000F 戌月19시),66,72,77
2025-12-11,P086 (2000F 戌月19시),59,65,70
2025-12-12,P086 (2000F 戌月19시),70,76,81
2025-12-13,P086 (2000F 戌月19시),61,67,72
2025-12-14,P086 (2000F 戌月19시),67,73,78
2025-12-15,P086 (2000F 戌月19시),61,67,72
2025-12-16,P086 (2000F 戌月19시),66,72,77
2025-12-17,P086 (2000F 戌月19시),70,76,81
2025-12-18,P086 (2000F 戌月19시),68,74,79
2025-12-19,P086 (2000F 戌月19시),63,69,74
2025-12-20,P086 (2000F 戌月19시),63,69,74
2025-12-21,P086 (2000F 戌月19시),73,79,84
2025-12-22,P086 (2000F 戌月19시),66,72,77
2025-12-23,P086 (2000F 戌月19시),57,63,68
2025-12-24,P086 (2000F 戌月19시),71,77,82
2025-12-25,P086 (2000F 戌月19시),60,66,71
2025-12-26,P086 (2000F 戌月19시),65,71,76
2025-12-27,P086 (2000F 戌月19시),59,65,70
2025-12-28,P086 (2000F 戌月19시),67,73,78
2025-12-29,P086 (2000F 戌月19시),78,84,89
2025-12-30,P086 (2000F 戌月19시),73,79,84
2025-12-31,P086 (2000F 戌月19시),61,67,72
2026-01-01,P086 (2000F 戌月19시),61,67,72
2026-01-02,P086 (2000F 戌月19시),65,71,76
2026-01-03,P086 (2000F 戌月19시),63,69,74
2026-01-04,P086 (2000F 戌月19시),54,60,65
2026-01-05,P086 (2000F 戌月19시),68,74,79
2026-01-06,P086 (2000F 戌月19시),51,57,62
2026-01-07,P086 (2000F 戌月19시),59,65,70
2026-01-08,P086 (2000F 戌月19시),61,67,72
2026-01-09,P086 (2000F 戌月19시),61,67,72
2026-01-10,P086 (2000F 戌月19시),71,77,82
2026-01-11,P086 (2000F 戌月19시),66,72,77
2026-01-12,P086 (2000F 戌月19시),50,56,61
2026-01-13,P086 (2000F 戌月19시),57,63,68
2026-01-14,P086 (2000F 戌月19시),62,68,73
2026-01-15,P086 (2000F 戌月19시),60,66,71
2026-01-16,P086 (2000F 戌月19시),48,54,59
2026-01-17,P086 (2000F 戌月19시),63,69,74
2026-01-18,P086 (2000F 戌月19시),54,60,65
2026-01-19,P086 (2000F 戌月19시),63,69,74
2026-01-20,P086 (2000F 戌月19시),62,68,73
2026-01-21,P086 (2000F 戌月19시),63,69,74
2026-01-22,P086 (2000F 戌月19시),69,75,80
2026-01-23,P086 (2000F 戌月19시),69,75,80
2026-01-24,P086 (2000F 戌月19시),51,57,62
2026-01-25,P086 (2000F 戌月19시),56,62,67
2026-01-26,P086 (2000F 戌月19시),55,61,66
2026-01-27,P086 (2000F 戌月19시),58,64,69
2026-01-28,P086 (2000F 戌月19시),50,56,61
2026-01-29,P086 (2000F 戌月19시),67,73,78
2026-01-30,P086 (2000F 戌月19시),55,61,66
2026-01-31,P086 (2000F 戌月19시),63,69,74
2026-02-01,P086 (2000F 戌月19시),60,66,71
2026-02-02,P086 (2000F 戌月19시),65,71,76
2026-02-03,P086 (2000F 戌月19시),69,75,80
2026-02-04,P086 (2000F 戌月19시),62,68,73
2026-02-05,P086 (2000F 戌月19시),52,58,63
2026-02-06,P086 (2000F 戌月19시),50,56,61
2026-02-07,P086 (2000F 戌月19시),61,67,72
2026-02-08,P086 (2000F 戌月19시),55,61,66
2026-02-09,P086 (2000F 戌月19시),52,58,63
2026-02-10,P086 (2000F 戌月19시),62,68,73
2026-02-11,P086 (2000F 戌月19시),54,60,65
2026-02-12,P086 (2000F 戌月19시),58,64,69
2026-02-13,P086 (2000F 戌月19시),51,57,62
2026-02-14,P086 (2000F 戌月19시),54,60,65
2026-02-15,P086 (2000F 戌月19시),63,69,74
2026-02-16,P086 (2000F 戌月19시),60,66,71
2026-02-17,P086 (2000F 戌月19시),53,59,64
2026-02-18,P086 (2000F 戌月19시),51,57,62
2026-02-19,P086 (2000F 戌月19시),59,65,70
2026-02-20,P086 (2000F 戌月19시),56,62,67
2026-02-21,P086 (2000F 戌月19시),49,55,60
2026-02-22,P086 (2000F 戌月19시),60,66,71
2026-02-23,P086 (2000F 戌月19시),53,59,64
2026-02-24,P086 (2000F 戌月19시),58,64,69
2026-02-25,P086 (2000F 戌月19시),54,60,65
2026-02-26,P086 (2000F 戌月19시),56,62,67
2026-02-27,P086 (2000F 戌月19시),68,74,79
2026-02-28,P086 (2000F 戌月19시),63,69,74
2026-03-01,P086 (2000F 戌月19시),54,60,65
2026-03-02,P086 (2000F 戌月19시),52,58,63
2026-03-03,P086 (2000F 戌月19시),57,63,68
2026-03-04,P086 (2000F 戌月19시),54,60,65
2026-03-05,P086 (2000F 戌月19시),50,56,61
2026-03-06,P086 (2000F 戌月19시),71,77,82
2026-03-07,P086 (2000F 戌月19시),56,62,67
2026-03-08,P086 (2000F 戌月19시),65,71,76
2026-03-09,P086 (2000F 戌月19시),68,74,79
2026-03-10,P086 (2000F 戌月19시),69,75,80
2026-03-11,P086 (2000F 戌月19시),80,86,91
2026-03-12,P086 (2000F 戌月19시),73,79,84
2026-03-13,P086 (2000F 戌月19시),54,60,65
2026-03-14,P086 (2000F 戌月19시),63,69,74
2026-03-15,P086 (2000F 戌月19시),66,72,77
2026-03-16,P086 (2000F 戌月19시),64,70,75
2026-03-17,P086 (2000F 戌月19시),53,59,64
2026-03-18,P086 (2000F 戌月19시),68,74,79
2026-03-19,P086 (2000F 戌月19시),62,68,73
2026-03-20,P086 (2000F 戌月19시),70,76,81
2026-03-21,P086 (2000F 戌月19시),68,74,79
2026-03-22,P086 (2000F 戌月19시),69,75,80
2026-03-23,P086 (2000F 戌月19시),77,83,88
2026-03-24,P086 (2000F 戌月19시),75,81,86
2026-03-25,P086 (2000F 戌月19시),57,63,68
2026-03-26,P086 (2000F 戌月19시),65,71,76
2026-03-27,P086 (2000F 戌月19시),62,68,73
2026-03-28,P086 (2000F 戌月19시),61,67,72
2026-03-29,P086 (2000F 戌月19시),55,61,66
2026-03-30,P086 (2000F 戌月19시),72,78,83
2026-03-31,P086 (2000F 戌月19시),60,66,71
2026-04-01,P086 (2000F 戌月19시),70,76,81
2026-04-02,P086 (2000F 戌月19시),64,70,75
2026-04-03,P086 (2000F 戌月19시),67,73,78
2026-04-04,P086 (2000F 戌月19시),73,79,84
2026-04-05,P086 (2000F 戌月19시),60,66,71
2026-04-06,P086 (2000F 戌月19시),54,60,65
2026-04-07,P086 (2000F 戌月19시),50,56,61
2026-04-08,P086 (2000F 戌月19시),65,71,76
2026-04-09,P086 (2000F 戌月19시),53,59,64
2026-04-10,P086 (2000F 戌月19시),54,60,65
2026-04-11,P086 (2000F 戌月19시),57,63,68
2026-04-12,P086 (2000F 戌月19시),53,59,64
2026-04-13,P086 (2000F 戌月19시),55,61,66
2026-04-14,P086 (2000F 戌月19시),54,60,65
2026-04-15,P086 (2000F 戌月19시),55,61,66
2026-04-16,P086 (2000F 戌月19시),65,71,76
2026-04-17,P086 (2000F 戌月19시),58,64,69
2026-04-18,P086 (2000F 戌月19시),57,63,68
2026-04-19,P086 (2000F 戌月19시),50,56,61
2026-04-20,P086 (2000F 戌月19시),61,67,72
2026-04-21,P086 (2000F 戌月19시),54,60,65
2026-04-22,P086 (2000F 戌月19시),52,58,63
2026-04-23,P086 (2000F 戌月19시),59,65,70
2026-04-24,P086 (2000F 戌月19시),56,62,67
2026-04-25,P086 (2000F 戌月19시),55,61,66
2026-04-26,P086 (2000F 戌月19시),55,61,66
2026-04-27,P086 (2000F 戌月19시),51,57,62
2026-04-28,P086 (2000F 戌月19시),69,75,80
2026-04-29,P086 (2000F 戌月19시),61,67,72
2026-04-30,P086 (2000F 戌月19시),55,61,66
2026-05-01,P086 (2000F 戌月19시),50,56,61
2026-05-02,P086 (2000F 戌月19시),60,66,71
2026-05-03,P086 (2000F 戌月19시),53,59,64
2026-05-04,P086 (2000F 戌月19시),51,57,62
2026-05-05,P086 (2000F 戌月19시),56,62,67
2026-05-06,P086 (2000F 戌月19시),47,53,58
2026-05-07,P086 (2000F 戌月19시),55,61,66
2026-05-08,P086 (2000F 戌月19시),59,65,70
2026-05-09,P086 (2000F 戌月19시),59,65,70
2026-05-10,P086 (2000F 戌月19시),68,74,79
2026-05-11,P086 (2000F 戌月19시),64,70,75
2026-05-12,P086 (2000F 戌月19시),49,55,60
2026-05-13,P086 (2000F 戌月19시),56,62,67
2026-05-14,P086 (2000F 戌月19시),59,65,70
2026-05-15,P086 (2000F 戌月19시),57,63,68
2026-05-16,P086 (2000F 戌月19시),49,55,60
2026-05-17,P086 (2000F 戌月19시),61,67,72
2026-05-18,P086 (2000F 戌月19시),51,57,62
2026-05-19,P086 (2000F 戌月19시),60,66,71
2026-05-20,P086 (2000F 戌月19시),56,62,67
2026-05-21,P086 (2000F 戌月19시),60,66,71
2026-05-22,P086 (2000F 戌月19시),68,74,79
2026-05-23,P086 (2000F 戌月19시),64,70,75
2026-05-24,P086 (2000F 戌月19시),49,55,60
2026-05-25,P086 (2000F 戌月19시),56,62,67
2026-05-26,P086 (2000F 戌月19시),57,63,68
2026-05-27,P086 (2000F 戌月19시),54,60,65
2026-05-28,P086 (2000F 戌月19시),49,55,60
2026-05-29,P086 (2000F 戌月19시),63,69,74
2026-05-30,P086 (2000F 戌月19시),50,56,61
2026-05-31,P086 (2000F 戌月19시),59,65,70
2025-12-03,P087 (1943M 卯月),75,81,86
2025-12-04,P087 (1943M 卯月),74,80,85
2025-12-05,P087 (1943M 卯月),60,66,71
2025-12-06,P087 (1943M 卯月),57,63,68
2025-12-07,P087 (1943M 卯月),54,60,65
2025-12-08,P087 (1943M 卯月),47,53,58
2025-12-09,P087 (1943M 卯月),49,55,60
2025-12-10,P087 (1943M 卯月),46,52,57
2025-12-11,P087 (1943M 卯月),49,55,60
2025-12-12,P087 (1943M 卯月),53,59,64
2025-12-13,P087 (1943M 卯月),60,66,71
2025-12-14,P087 (1943M 卯月),67,73,78
2025-12-15,P087 (1943M 卯月),73,79,84
2025-12-16,P087 (1943M 卯月),61,67,72
2025-12-17,P087 (1943M 卯月),57,63,68
2025-12-18,P087 (1943M 卯月),47,53,58
2025-12-19,P087 (1943M 卯月),54,60,65
2025-12-20,P087 (1943M 卯月),48,54,59
2025-12-21,P087 (1943M 卯月),48,54,59
2025-12-22,P087 (1943M 卯月),47,53,58
2025-12-23,P087 (1943M 卯月),50,56,61
2025-12-24,P087 (1943M 卯月),51,57,62
2025-12-25,P087 (1943M 卯月),59,65,70
2025-12-26,P087 (1943M 卯月),58,64,69
2025-12-27,P087 (1943M 卯月),75,81,86
2025-12-28,P087 (1943M 卯月),59,65,70
2025-12-29,P087 (1943M 卯月),57,63,68
2025-12-30,P087 (1943M 卯月),49,55,60
2025-12-31,P087 (1943M 卯月),51,57,62
2026-01-01,P087 (1943M 卯月),49,55,60
2026-01-02,P087 (1943M 卯月),49,55,60
2026-01-03,P087 (1943M 卯月),48,54,59
2026-01-04,P087 (1943M 卯月),50,56,61
2026-01-05,P087 (1943M 卯月),49,55,60
2026-01-06,P087 (1943M 卯月),60,66,71
2026-01-07,P087 (1943M 卯月),65,71,76
2026-01-08,P087 (1943M 卯月),71,77,82
2026-01-09,P087 (1943M 卯月),68,74,79
2026-01-10,P087 (1943M 卯月),54,60,65
2026-01-11,P087 (1943M 卯月),55,61,66
2026-01-12,P087 (1943M 卯月),54,60,65
2026-01-13,P087 (1943M 卯月),61,67,72
2026-01-14,P087 (1943M 卯月),50,56,61
2026-01-15,P087 (1943M 卯月),53,59,64
2026-01-16,P087 (1943M 卯月),49,55,60
2026-01-17,P087 (1943M 卯月),56,62,67
2026-01-18,P087 (1943M 卯月),62,68,73
2026-01-19,P087 (1943M 卯月),68,74,79
2026-01-20,P087 (1943M 卯月),70,76,81
2026-01-21,P087 (1943M 卯月),69,75,80
2026-01-22,P087 (1943M 卯月),58,64,69
2026-01-23,P087 (1943M 卯月),61,67,72
2026-01-24,P087 (1943M 卯月),55,61,66
2026-01-25,P087 (1943M 卯月),57,63,68
2026-01-26,P087 (1943M 卯月),50,56,61
2026-01-27,P087 (1943M 卯月),53,59,64
2026-01-28,P087 (1943M 卯月),50,56,61
2026-01-29,P087 (1943M 卯月),56,62,67
2026-01-30,P087 (1943M 卯月),55,61,66
2026-01-31,P087 (1943M 卯月),64,70,75
2026-02-01,P087 (1943M 卯月),72,78,83
2026-02-02,P087 (1943M 卯月),70,76,81
2026-02-03,P087 (1943M 卯月),55,61,66
2026-02-04,P087 (1943M 卯月),47,53,58
2026-02-05,P087 (1943M 卯月),56,62,67
2026-02-06,P087 (1943M 卯月),47,53,58
2026-02-07,P087 (1943M 卯月),49,55,60
2026-02-08,P087 (1943M 卯月),46,52,57
2026-02-09,P087 (1943M 卯月),48,54,59
2026-02-10,P087 (1943M 卯月),53,59,64
2026-02-11,P087 (1943M 卯月),60,66,71
2026-02-12,P087 (1943M 卯月),68,74,79
2026-02-13,P087 (1943M 卯月),73,79,84
2026-02-14,P087 (1943M 卯月),61,67,72
2026-02-15,P087 (1943M 卯月),58,64,69
2026-02-16,P087 (1943M 卯月),49,55,60
2026-02-17,P087 (1943M 卯月),56,62,67
2026-02-18,P087 (1943M 卯月),49,55,60
2026-02-19,P087 (1943M 卯月),49,55,60
2026-02-20,P087 (1943M 卯月),47,53,58
2026-02-21,P087 (1943M 卯月),51,57,62
2026-02-22,P087 (1943M 卯月),52,58,63
2026-02-23,P087 (1943M 卯月),60,66,71
2026-02-24,P087 (1943M 卯月),60,66,71
2026-02-25,P087 (1943M 卯月),75,81,86
2026-02-26,P087 (1943M 卯月),57,63,68
2026-02-27,P087 (1943M 卯月),56,62,67
2026-02-28,P087 (1943M 卯月),47,53,58
2026-03-01,P087 (1943M 卯月),53,59,64
2026-03-02,P087 (1943M 卯月),52,58,63
2026-03-03,P087 (1943M 卯月),51,57,62
2026-03-04,P087 (1943M 卯月),50,56,61
2026-03-05,P087 (1943M 卯月),53,59,64
2026-03-06,P087 (1943M 卯月),63,69,74
2026-03-07,P087 (1943M 卯月),65,71,76
2026-03-08,P087 (1943M 卯月),70,76,81
2026-03-09,P087 (1943M 卯月),76,82,87
2026-03-10,P087 (1943M 卯月),72,78,83
2026-03-11,P087 (1943M 卯月),57,63,68
2026-03-12,P087 (1943M 卯月),59,65,70
2026-03-13,P087 (1943M 卯月),57,63,68
2026-03-14,P087 (1943M 卯月),64,70,75
2026-03-15,P087 (1943M 卯月),52,58,63
2026-03-16,P087 (1943M 卯月),56,62,67
2026-03-17,P087 (1943M 卯月),53,59,64
2026-03-18,P087 (1943M 卯月),61,67,72
2026-03-19,P087 (1943M 卯月),62,68,73
2026-03-20,P087 (1943M 卯月),68,74,79
2026-03-21,P087 (1943M 卯月),73,79,84
2026-03-22,P087 (1943M 卯月),69,75,80
2026-03-23,P087 (1943M 卯月),59,65,70
2026-03-24,P087 (1943M 卯月),65,71,76
2026-03-25,P087 (1943M 卯月),58,64,69
2026-03-26,P087 (1943M 卯月),59,65,70
2026-03-27,P087 (1943M 卯月),52,58,63
2026-03-28,P087 (1943M 卯月),54,60,65
2026-03-29,P087 (1943M 卯月),51,57,62
2026-03-30,P087 (1943M 卯月),58,64,69
2026-03-31,P087 (1943M 卯月),57,63,68
2026-04-01,P087 (1943M 卯月),66,72,77
2026-04-02,P087 (1943M 卯月),74,80,85
2026-04-03,P087 (1943M 卯月),76,82,87
2026-04-04,P087 (1943M 卯月),58,64,69
2026-04-05,P087 (1943M 卯月),61,67,72
2026-04-06,P087 (1943M 卯月),69,75,80
2026-04-07,P087 (1943M 卯月),59,65,70
2026-04-08,P087 (1943M 卯月),60,66,71
2026-04-09,P087 (1943M 卯月),53,59,64
2026-04-10,P087 (1943M 卯月),57,63,68
2026-04-11,P087 (1943M 卯月),64,70,75
2026-04-12,P087 (1943M 卯月),74,80,85
2026-04-13,P087 (1943M 卯月),81,87,92
2026-04-14,P087 (1943M 卯月),85,91,96
2026-04-15,P087 (1943M 卯月),73,79,84
2026-04-16,P087 (1943M 卯月),71,77,82
2026-04-17,P087 (1943M 卯月),60,66,71
2026-04-18,P087 (1943M 卯月),67,73,78
2026-04-19,P087 (1943M 卯月),58,64,69
2026-04-20,P087 (1943M 卯月),60,66,71
2026-04-21,P087 (1943M 卯月),54,60,65
2026-04-22,P087 (1943M 卯月),62,68,73
2026-04-23,P087 (1943M 卯月),67,73,78
2026-04-24,P087 (1943M 卯月),75,81,86
2026-04-25,P087 (1943M 卯月),71,77,82
2026-04-26,P087 (1943M 卯月),83,89,94
2026-04-27,P087 (1943M 卯月),72,78,83
2026-04-28,P087 (1943M 卯月),70,76,81
2026-04-29,P087 (1943M 卯月),59,65,70
2026-04-30,P087 (1943M 卯月),65,71,76
2026-05-01,P087 (1943M 卯月),63,69,74
2026-05-02,P087 (1943M 卯月),62,68,73
2026-05-03,P087 (1943M 卯月),58,64,69
2026-05-04,P087 (1943M 卯月),61,67,72
2026-05-05,P087 (1943M 卯月),61,67,72
2026-05-06,P087 (1943M 卯月),73,79,84
2026-05-07,P087 (1943M 卯月),72,78,83
2026-05-08,P087 (1943M 卯月),83,89,94
2026-05-09,P087 (1943M 卯月),74,80,85
2026-05-10,P087 (1943M 卯月),65,71,76
2026-05-11,P087 (1943M 卯月),62,68,73
2026-05-12,P087 (1943M 卯月),67,73,78
2026-05-13,P087 (1943M 卯月),68,74,79
2026-05-14,P087 (1943M 卯月),61,67,72
2026-05-15,P087 (1943M 卯月),58,64,69
2026-05-16,P087 (1943M 卯月),61,67,72
2026-05-17,P087 (1943M 卯月),64,70,75
2026-05-18,P087 (1943M 卯月),72,78,83
2026-05-19,P087 (1943M 卯月),72,78,83
2026-05-20,P087 (1943M 卯月),81,87,92
2026-05-21,P087 (1943M 卯月),80,86,91
2026-05-22,P087 (1943M 卯月),70,76,81
2026-05-23,P087 (1943M 卯月),68,74,79
2026-05-24,P087 (1943M 卯月),68,74,79
2026-05-25,P087 (1943M 卯月),65,71,76
2026-05-26,P087 (1943M 卯月),62,68,73
2026-05-27,P087 (1943M 卯月),58,64,69
2026-05-28,P087 (1943M 卯月),61,67,72
2026-05-29,P087 (1943M 卯月),61,67,72
2026-05-30,P087 (1943M 卯月),68,74,79
2026-05-31,P087 (1943M 卯月),75,81,86
2025-12-03,P088 (1947F 子月),63,69,74
2025-12-04,P088 (1947F 子月),68,74,79
2025-12-05,P088 (1947F 子月),56,62,67
2025-12-06,P088 (1947F 子月),67,73,78
2025-12-07,P088 (1947F 子月),68,74,79
2025-12-08,P088 (1947F 子月),81,87,92
2025-12-09,P088 (1947F 子月),82,88,93
2025-12-10,P088 (1947F 子月),80,86,91
2025-12-11,P088 (1947F 子月),77,83,88
2025-12-12,P088 (1947F 子月),66,72,77
2025-12-13,P088 (1947F 子月),66,72,77
2025-12-14,P088 (1947F 子月),65,71,76
2025-12-15,P088 (1947F 子月),69,75,80
2025-12-16,P088 (1947F 子月),71,77,82
2025-12-17,P088 (1947F 子月),60,66,71
2025-12-18,P088 (1947F 子月),65,71,76
2025-12-19,P088 (1947F 子月),76,82,87
2025-12-20,P088 (1947F 子月),82,88,93
2025-12-21,P088 (1947F 子月),76,82,87
2025-12-22,P088 (1947F 子月),81,87,92
2025-12-23,P088 (1947F 子月),83,89,94
2025-12-24,P088 (1947F 子月),69,75,80
2025-12-25,P088 (1947F 子月),63,69,74
2025-12-26,P088 (1947F 子月),65,71,76
2025-12-27,P088 (1947F 子月),66,72,77
2025-12-28,P088 (1947F 子月),65,71,76
2025-12-29,P088 (1947F 子月),61,67,72
2025-12-30,P088 (1947F 子月),60,66,71
2025-12-31,P088 (1947F 子月),65,71,76
2026-01-01,P088 (1947F 子月),79,85,90
2026-01-02,P088 (1947F 子月),80,86,91
2026-01-03,P088 (1947F 子月),79,85,90
2026-01-04,P088 (1947F 子月),80,86,91
2026-01-05,P088 (1947F 子月),69,75,80
2026-01-06,P088 (1947F 子月),68,74,79
2026-01-07,P088 (1947F 子月),69,75,80
2026-01-08,P088 (1947F 子月),67,73,78
2026-01-09,P088 (1947F 子月),69,75,80
2026-01-10,P088 (1947F 子月),61,67,72
2026-01-11,P088 (1947F 子月),69,75,80
2026-01-12,P088 (1947F 子月),74,80,85
2026-01-13,P088 (1947F 子月),86,92,97
2026-01-14,P088 (1947F 子月),78,84,89
2026-01-15,P088 (1947F 子月),83,89,94
2026-01-16,P088 (1947F 子月),76,82,87
2026-01-17,P088 (1947F 子月),70,76,81
2026-01-18,P088 (1947F 子月),72,78,83
2026-01-19,P088 (1947F 子月),65,71,76
2026-01-20,P088 (1947F 子月),67,73,78
2026-01-21,P088 (1947F 子月),67,73,78
2026-01-22,P088 (1947F 子月),63,69,74
2026-01-23,P088 (1947F 子月),73,79,84
2026-01-24,P088 (1947F 子月),74,80,85
2026-01-25,P088 (1947F 子月),86,92,97
2026-01-26,P088 (1947F 子月),81,87,92
2026-01-27,P088 (1947F 子月),82,88,93
2026-01-28,P088 (1947F 子月),79,85,90
2026-01-29,P088 (1947F 子月),67,73,78
2026-01-30,P088 (1947F 子月),64,70,75
2026-01-31,P088 (1947F 子月),64,70,75
2026-02-01,P088 (1947F 子月),69,75,80
2026-02-02,P088 (1947F 子月),71,77,82
2026-02-03,P088 (1947F 子月),58,64,69
2026-02-04,P088 (1947F 子月),58,64,69
2026-02-05,P088 (1947F 子月),59,65,70
2026-02-06,P088 (1947F 子月),73,79,84
2026-02-07,P088 (1947F 子月),69,75,80
2026-02-08,P088 (1947F 子月),70,76,81
2026-02-09,P088 (1947F 子月),65,71,76
2026-02-10,P088 (1947F 子月),52,58,63
2026-02-11,P088 (1947F 子月),57,63,68
2026-02-12,P088 (1947F 子月),58,64,69
2026-02-13,P088 (1947F 子月),59,65,70
2026-02-14,P088 (1947F 子月),56,62,67
2026-02-15,P088 (1947F 子月),52,58,63
2026-02-16,P088 (1947F 子月),54,60,65
2026-02-17,P088 (1947F 子月),60,66,71
2026-02-18,P088 (1947F 子月),70,76,81
2026-02-19,P088 (1947F 子月),67,73,78
2026-02-20,P088 (1947F 子月),72,78,83
2026-02-21,P088 (1947F 子月),74,80,85
2026-02-22,P088 (1947F 子月),58,64,69
2026-02-23,P088 (1947F 子月),52,58,63
2026-02-24,P088 (1947F 子月),58,64,69
2026-02-25,P088 (1947F 子月),58,64,69
2026-02-26,P088 (1947F 子月),55,61,66
2026-02-27,P088 (1947F 子月),51,57,62
2026-02-28,P088 (1947F 子月),54,60,65
2026-03-01,P088 (1947F 子月),60,66,71
2026-03-02,P088 (1947F 子月),72,78,83
2026-03-03,P088 (1947F 子月),73,79,84
2026-03-04,P088 (1947F 子月),77,83,88
2026-03-05,P088 (1947F 子月),74,80,85
2026-03-06,P088 (1947F 子月),53,59,64
2026-03-07,P088 (1947F 子月),48,54,59
2026-03-08,P088 (1947F 子月),47,53,58
2026-03-09,P088 (1947F 子月),47,53,58
2026-03-10,P088 (1947F 子月),51,57,62
2026-03-11,P088 (1947F 子月),45,51,56
2026-03-12,P088 (1947F 子月),47,53,58
2026-03-13,P088 (1947F 子月),51,57,62
2026-03-14,P088 (1947F 子月),68,74,79
2026-03-15,P088 (1947F 子月),56,62,67
2026-03-16,P088 (1947F 子月),68,74,79
2026-03-17,P088 (1947F 子月),54,60,65
2026-03-18,P088 (1947F 子月),49,55,60
2026-03-19,P088 (1947F 子月),52,58,63
2026-03-20,P088 (1947F 子月),46,52,57
2026-03-21,P088 (1947F 子月),47,53,58
2026-03-22,P088 (1947F 子月),50,56,61
2026-03-23,P088 (1947F 子月),46,52,57
2026-03-24,P088 (1947F 子月),53,59,64
2026-03-25,P088 (1947F 子月),55,61,66
2026-03-26,P088 (1947F 子月),70,76,81
2026-03-27,P088 (1947F 子月),63,69,74
2026-03-28,P088 (1947F 子月),70,76,81
2026-03-29,P088 (1947F 子月),64,70,75
2026-03-30,P088 (1947F 子月),52,58,63
2026-03-31,P088 (1947F 子月),50,56,61
2026-04-01,P088 (1947F 子月),51,57,62
2026-04-02,P088 (1947F 子月),53,59,64
2026-04-03,P088 (1947F 子月),56,62,67
2026-04-04,P088 (1947F 子月),47,53,58
2026-04-05,P088 (1947F 子月),54,60,65
2026-04-06,P088 (1947F 子月),55,61,66
2026-04-07,P088 (1947F 子月),69,75,80
2026-04-08,P088 (1947F 子月),65,71,76
2026-04-09,P088 (1947F 子月),67,73,78
2026-04-10,P088 (1947F 子月),59,65,70
2026-04-11,P088 (1947F 子月),49,55,60
2026-04-12,P088 (1947F 子月),50,56,61
2026-04-13,P088 (1947F 子月),51,57,62
2026-04-14,P088 (1947F 子月),53,59,64
2026-04-15,P088 (1947F 子月),55,61,66
2026-04-16,P088 (1947F 子月),47,53,58
2026-04-17,P088 (1947F 子月),51,57,62
2026-04-18,P088 (1947F 子月),58,64,69
2026-04-19,P088 (1947F 子月),64,70,75
2026-04-20,P088 (1947F 子月),55,61,66
2026-04-21,P088 (1947F 子月),69,75,80
2026-04-22,P088 (1947F 子月),64,70,75
2026-04-23,P088 (1947F 子月),51,57,62
2026-04-24,P088 (1947F 子月),48,54,59
2026-04-25,P088 (1947F 子月),51,57,62
2026-04-26,P088 (1947F 子月),50,56,61
2026-04-27,P088 (1947F 子月),51,57,62
2026-04-28,P088 (1947F 子月),49,55,60
2026-04-29,P088 (1947F 子月),51,57,62
2026-04-30,P088 (1947F 子月),53,59,64
2026-05-01,P088 (1947F 子月),65,71,76
2026-05-02,P088 (1947F 子月),63,69,74
2026-05-03,P088 (1947F 子月),72,78,83
2026-05-04,P088 (1947F 子月),67,73,78
2026-05-05,P088 (1947F 子月),55,61,66
2026-05-06,P088 (1947F 子月),47,53,58
2026-05-07,P088 (1947F 子月),49,55,60
2026-05-08,P088 (1947F 子月),49,55,60
2026-05-09,P088 (1947F 子月),50,56,61
2026-05-10,P088 (1947F 子月),49,55,60
2026-05-11,P088 (1947F 子月),47,53,58
2026-05-12,P088 (1947F 子月),54,60,65
2026-05-13,P088 (1947F 子月),63,69,74
2026-05-14,P088 (1947F 子月),62,68,73
2026-05-15,P088 (1947F 子月),66,72,77
2026-05-16,P088 (1947F 子月),57,63,68
2026-05-17,P088 (1947F 子月),48,54,59
2026-05-18,P088 (1947F 子月),47,53,58
2026-05-19,P088 (1947F 子月),48,54,59
2026-05-20,P088 (1947F 子月),48,54,59
2026-05-21,P088 (1947F 子月),50,56,61
2026-05-22,P088 (1947F 子月),48,54,59
2026-05-23,P088 (1947F 子月),47,53,58
2026-05-24,P088 (1947F 子月),51,57,62
2026-05-25,P088 (1947F 子月),59,65,70
2026-05-26,P088 (1947F 子月),55,61,66
2026-05-27,P088 (1947F 子月),61,67,72
2026-05-28,P088 (1947F 子月),60,66,71
2026-05-29,P088 (1947F 子月),51,57,62
2026-05-30,P088 (1947F 子月),49,55,60
2026-05-31,P088 (1947F 子月),48,54,59
2025-12-03,P089 (1952M 申月),48,54,59
2025-12-04,P089 (1952M 申月),46,52,57
2025-12-05,P089 (1952M 申月),46,52,57
2025-12-06,P089 (1952M 申月),46,52,57
2025-12-07,P089 (1952M 申月),44,50,55
2025-12-08,P089 (1952M 申月),45,51,56
2025-12-09,P089 (1952M 申月),54,60,65
2025-12-10,P089 (1952M 申月),52,58,63
2025-12-11,P089 (1952M 申月),52,58,63
2025-12-12,P089 (1952M 申月),59,65,70
2025-12-13,P089 (1952M 申月),52,58,63
2025-12-14,P089 (1952M 申月),55,61,66
2025-12-15,P089 (1952M 申月),58,64,69
2025-12-16,P089 (1952M 申月),55,61,66
2025-12-17,P089 (1952M 申月),55,61,66
2025-12-18,P089 (1952M 申月),62,68,73
2025-12-19,P089 (1952M 申月),52,58,63
2025-12-20,P089 (1952M 申月),54,60,65
2025-12-21,P089 (1952M 申月),62,68,73
2025-12-22,P089 (1952M 申月),50,56,61
2025-12-23,P089 (1952M 申月),50,56,61
2025-12-24,P089 (1952M 申月),55,61,66
2025-12-25,P089 (1952M 申月),50,56,61
2025-12-26,P089 (1952M 申月),52,58,63
2025-12-27,P089 (1952M 申月),56,62,67
2025-12-28,P089 (1952M 申月),52,58,63
2025-12-29,P089 (1952M 申月),67,73,78
2025-12-30,P089 (1952M 申月),62,68,73
2025-12-31,P089 (1952M 申月),49,55,60
2026-01-01,P089 (1952M 申月),51,57,62
2026-01-02,P089 (1952M 申月),54,60,65
2026-01-03,P089 (1952M 申月),48,54,59
2026-01-04,P089 (1952M 申月),48,54,59
2026-01-05,P089 (1952M 申月),50,56,61
2026-01-06,P089 (1952M 申月),49,55,60
2026-01-07,P089 (1952M 申月),49,55,60
2026-01-08,P089 (1952M 申月),54,60,65
2026-01-09,P089 (1952M 申月),49,55,60
2026-01-10,P089 (1952M 申月),53,59,64
2026-01-11,P089 (1952M 申月),51,57,62
2026-01-12,P089 (1952M 申月),48,54,59
2026-01-13,P089 (1952M 申月),50,56,61
2026-01-14,P089 (1952M 申月),51,57,62
2026-01-15,P089 (1952M 申月),49,55,60
2026-01-16,P089 (1952M 申月),48,54,59
2026-01-17,P089 (1952M 申月),49,55,60
2026-01-18,P089 (1952M 申月),49,55,60
2026-01-19,P089 (1952M 申月),51,57,62
2026-01-20,P089 (1952M 申月),53,59,64
2026-01-21,P089 (1952M 申月),50,56,61
2026-01-22,P089 (1952M 申月),52,58,63
2026-01-23,P089 (1952M 申月),51,57,62
2026-01-24,P089 (1952M 申月),51,57,62
2026-01-25,P089 (1952M 申月),51,57,62
2026-01-26,P089 (1952M 申月),53,59,64
2026-01-27,P089 (1952M 申月),51,57,62
2026-01-28,P089 (1952M 申月),51,57,62
2026-01-29,P089 (1952M 申月),51,57,62
2026-01-30,P089 (1952M 申月),49,55,60
2026-01-31,P089 (1952M 申月),50,56,61
2026-02-01,P089 (1952M 申月),52,58,63
2026-02-02,P089 (1952M 申月),50,56,61
2026-02-03,P089 (1952M 申月),51,57,62
2026-02-04,P089 (1952M 申月),51,57,62
2026-02-05,P089 (1952M 申月),49,55,60
2026-02-06,P089 (1952M 申月),51,57,62
2026-02-07,P089 (1952M 申月),52,58,63
2026-02-08,P089 (1952M 申月),51,57,62
2026-02-09,P089 (1952M 申月),50,56,61
2026-02-10,P089 (1952M 申月),52,58,63
2026-02-11,P089 (1952M 申月),51,57,62
2026-02-12,P089 (1952M 申月),51,57,62
2026-02-13,P089 (1952M 申月),51,57,62
2026-02-14,P089 (1952M 申月),49,55,60
2026-02-15,P089 (1952M 申月),50,56,61
2026-02-16,P089 (1952M 申月),54,60,65
2026-02-17,P089 (1952M 申月),50,56,61
2026-02-18,P089 (1952M 申月),53,59,64
2026-02-19,P089 (1952M 申月),52,58,63
2026-02-20,P089 (1952M 申月),50,56,61
2026-02-21,P089 (1952M 申月),51,57,62
2026-02-22,P089 (1952M 申月),50,56,61
2026-02-23,P089 (1952M 申月),51,57,62
2026-02-24,P089 (1952M 申月),50,56,61
2026-02-25,P089 (1952M 申月),52,58,63
2026-02-26,P089 (1952M 申月),50,56,61
2026-02-27,P089 (1952M 申月),51,57,62
2026-02-28,P089 (1952M 申月),53,59,64
2026-03-01,P089 (1952M 申月),50,56,61
2026-03-02,P089 (1952M 申月),50,56,61
2026-03-03,P089 (1952M 申月),53,59,64
2026-03-04,P089 (1952M 申月),52,58,63
2026-03-05,P089 (1952M 申月),51,57,62
2026-03-06,P089 (1952M 申月),57,63,68
2026-03-07,P089 (1952M 申月),52,58,63
2026-03-08,P089 (1952M 申月),53,59,64
2026-03-09,P089 (1952M 申月),65,71,76
2026-03-10,P089 (1952M 申月),57,63,68
2026-03-11,P089 (1952M 申月),63,69,74
2026-03-12,P089 (1952M 申月),58,64,69
2026-03-13,P089 (1952M 申月),49,55,60
2026-03-14,P089 (1952M 申月),50,56,61
2026-03-15,P089 (1952M 申月),51,57,62
2026-03-16,P089 (1952M 申月),50,56,61
2026-03-17,P089 (1952M 申月),50,56,61
2026-03-18,P089 (1952M 申月),52,58,63
2026-03-19,P089 (1952M 申月),51,57,62
2026-03-20,P089 (1952M 申月),53,59,64
2026-03-21,P089 (1952M 申月),64,70,75
2026-03-22,P089 (1952M 申月),58,64,69
2026-03-23,P089 (1952M 申月),59,65,70
2026-03-24,P089 (1952M 申月),60,66,71
2026-03-25,P089 (1952M 申月),50,56,61
2026-03-26,P089 (1952M 申月),50,56,61
2026-03-27,P089 (1952M 申月),52,58,63
2026-03-28,P089 (1952M 申月),48,54,59
2026-03-29,P089 (1952M 申月),49,55,60
2026-03-30,P089 (1952M 申月),56,62,67
2026-03-31,P089 (1952M 申月),50,56,61
2026-04-01,P089 (1952M 申月),51,57,62
2026-04-02,P089 (1952M 申月),59,65,70
2026-04-03,P089 (1952M 申月),58,64,69
2026-04-04,P089 (1952M 申月),56,62,67
2026-04-05,P089 (1952M 申月),53,59,64
2026-04-06,P089 (1952M 申月),50,56,61
2026-04-07,P089 (1952M 申月),50,56,61
2026-04-08,P089 (1952M 申月),51,57,62
2026-04-09,P089 (1952M 申月),49,55,60
2026-04-10,P089 (1952M 申月),50,56,61
2026-04-11,P089 (1952M 申月),50,56,61
2026-04-12,P089 (1952M 申月),49,55,60
2026-04-13,P089 (1952M 申月),50,56,61
2026-04-14,P089 (1952M 申月),52,58,63
2026-04-15,P089 (1952M 申月),51,57,62
2026-04-16,P089 (1952M 申月),50,56,61
2026-04-17,P089 (1952M 申月),53,59,64
2026-04-18,P089 (1952M 申月),48,54,59
2026-04-19,P089 (1952M 申月),48,54,59
2026-04-20,P089 (1952M 申月),49,55,60
2026-04-21,P089 (1952M 申月),48,54,59
2026-04-22,P089 (1952M 申月),49,55,60
2026-04-23,P089 (1952M 申月),51,57,62
2026-04-24,P089 (1952M 申月),51,57,62
2026-04-25,P089 (1952M 申月),51,57,62
2026-04-26,P089 (1952M 申月),49,55,60
2026-04-27,P089 (1952M 申月),51,57,62
2026-04-28,P089 (1952M 申月),55,61,66
2026-04-29,P089 (1952M 申月),56,62,67
2026-04-30,P089 (1952M 申月),51,57,62
2026-05-01,P089 (1952M 申月),51,57,62
2026-05-02,P089 (1952M 申月),53,59,64
2026-05-03,P089 (1952M 申月),50,56,61
2026-05-04,P089 (1952M 申月),50,56,61
2026-05-05,P089 (1952M 申月),53,59,64
2026-05-06,P089 (1952M 申月),52,58,63
2026-05-07,P089 (1952M 申月),52,58,63
2026-05-08,P089 (1952M 申月),57,63,68
2026-05-09,P089 (1952M 申月),52,58,63
2026-05-10,P089 (1952M 申月),57,63,68
2026-05-11,P089 (1952M 申月),52,58,63
2026-05-12,P089 (1952M 申月),50,56,61
2026-05-13,P089 (1952M 申月),51,57,62
2026-05-14,P089 (1952M 申月),52,58,63
2026-05-15,P089 (1952M 申月),49,55,60
2026-05-16,P089 (1952M 申月),49,55,60
2026-05-17,P089 (1952M 申月),50,56,61
2026-05-18,P089 (1952M 申月),49,55,60
2026-05-19,P089 (1952M 申月),51,57,62
2026-05-20,P089 (1952M 申月),55,61,66
2026-05-21,P089 (1952M 申月),49,55,60
2026-05-22,P089 (1952M 申月),53,59,64
2026-05-23,P089 (1952M 申月),53,59,64
2026-05-24,P089 (1952M 申月),51,57,62
2026-05-25,P089 (1952M 申月),50,56,61
2026-05-26,P089 (1952M 申月),51,57,62
2026-05-27,P089 (1952M 申月),51,57,62
2026-05-28,P089 (1952M 申月),51,57,62
2026-05-29,P089 (1952M 申月),54,60,65
2026-05-30,P089 (1952M 申月),51,57,62
2026-05-31,P089 (1952M 申月),51,57,62
2025-12-03,P090 (1956F 巳月),45,51,56
2025-12-04,P090 (1956F 巳月),47,53,58
2025-12-05,P090 (1956F 巳月),60,66,71
2025-12-06,P090 (1956F 巳月),58,64,69
2025-12-07,P090 (1956F 巳月),51,57,62
2025-12-08,P090 (1956F 巳月),45,51,56
2025-12-09,P090 (1956F 巳月),50,56,61
2025-12-10,P090 (1956F 巳月),66,72,77
2025-12-11,P090 (1956F 巳月),49,55,60
2025-12-12,P090 (1956F 巳月),52,58,63
2025-12-13,P090 (1956F 巳月),59,65,70
2025-12-14,P090 (1956F 巳月),71,77,82
2025-12-15,P090 (1956F 巳月),59,65,70
2025-12-16,P090 (1956F 巳月),63,69,74
2025-12-17,P090 (1956F 巳月),63,69,74
2025-12-18,P090 (1956F 巳月),71,77,82
2025-12-19,P090 (1956F 巳月),56,62,67
2025-12-20,P090 (1956F 巳月),48,54,59
2025-12-21,P090 (1956F 巳月),63,69,74
2025-12-22,P090 (1956F 巳月),67,73,78
2025-12-23,P090 (1956F 巳月),48,54,59
2025-12-24,P090 (1956F 巳月),47,53,58
2025-12-25,P090 (1956F 巳月),59,65,70
2025-12-26,P090 (1956F 巳月),71,77,82
2025-12-27,P090 (1956F 巳月),48,54,59
2025-12-28,P090 (1956F 巳月),59,65,70
2025-12-29,P090 (1956F 巳月),63,69,74
2025-12-30,P090 (1956F 巳月),65,71,76
2025-12-31,P090 (1956F 巳月),58,64,69
2026-01-01,P090 (1956F 巳月),49,55,60
2026-01-02,P090 (1956F 巳月),56,62,67
2026-01-03,P090 (1956F 巳月),61,67,72
2026-01-04,P090 (1956F 巳月),46,52,57
2026-01-05,P090 (1956F 巳月),47,53,58
2026-01-06,P090 (1956F 巳月),59,65,70
2026-01-07,P090 (1956F 巳月),69,75,80
2026-01-08,P090 (1956F 巳月),52,58,63
2026-01-09,P090 (1956F 巳月),59,65,70
2026-01-10,P090 (1956F 巳月),71,77,82
2026-01-11,P090 (1956F 巳月),73,79,84
2026-01-12,P090 (1956F 巳月),59,65,70
2026-01-13,P090 (1956F 巳月),47,53,58
2026-01-14,P090 (1956F 巳月),61,67,72
2026-01-15,P090 (1956F 巳月),70,76,81
2026-01-16,P090 (1956F 巳月),50,56,61
2026-01-17,P090 (1956F 巳月),48,54,59
2026-01-18,P090 (1956F 巳月),60,66,71
2026-01-19,P090 (1956F 巳月),72,78,83
2026-01-20,P090 (1956F 巳月),59,65,70
2026-01-21,P090 (1956F 巳月),63,69,74
2026-01-22,P090 (1956F 巳月),71,77,82
2026-01-23,P090 (1956F 巳月),71,77,82
2026-01-24,P090 (1956F 巳月),69,75,80
2026-01-25,P090 (1956F 巳月),55,61,66
2026-01-26,P090 (1956F 巳月),61,67,72
2026-01-27,P090 (1956F 巳月),71,77,82
2026-01-28,P090 (1956F 巳月),55,61,66
2026-01-29,P090 (1956F 巳月),51,57,62
2026-01-30,P090 (1956F 巳月),64,70,75
2026-01-31,P090 (1956F 巳月),78,84,89
2026-02-01,P090 (1956F 巳月),59,65,70
2026-02-02,P090 (1956F 巳月),61,67,72
2026-02-03,P090 (1956F 巳月),75,81,86
2026-02-04,P090 (1956F 巳月),52,58,63
2026-02-05,P090 (1956F 巳月),48,54,59
2026-02-06,P090 (1956F 巳月),45,51,56
2026-02-07,P090 (1956F 巳月),45,51,56
2026-02-08,P090 (1956F 巳月),48,54,59
2026-02-09,P090 (1956F 巳月),45,51,56
2026-02-10,P090 (1956F 巳月),45,51,56
2026-02-11,P090 (1956F 巳月),45,51,56
2026-02-12,P090 (1956F 巳月),51,57,62
2026-02-13,P090 (1956F 巳月),46,52,57
2026-02-14,P090 (1956F 巳月),47,53,58
2026-02-15,P090 (1956F 巳月),50,56,61
2026-02-16,P090 (1956F 巳月),54,60,65
2026-02-17,P090 (1956F 巳月),48,54,59
2026-02-18,P090 (1956F 巳月),47,53,58
2026-02-19,P090 (1956F 巳月),47,53,58
2026-02-20,P090 (1956F 巳月),51,57,62
2026-02-21,P090 (1956F 巳月),47,53,58
2026-02-22,P090 (1956F 巳月),48,54,59
2026-02-23,P090 (1956F 巳月),49,55,60
2026-02-24,P090 (1956F 巳月),55,61,66
2026-02-25,P090 (1956F 巳月),47,53,58
2026-02-26,P090 (1956F 巳月),48,54,59
2026-02-27,P090 (1956F 巳月),54,60,65
2026-02-28,P090 (1956F 巳月),53,59,64
2026-03-01,P090 (1956F 巳月),49,55,60
2026-03-02,P090 (1956F 巳月),48,54,59
2026-03-03,P090 (1956F 巳月),49,55,60
2026-03-04,P090 (1956F 巳月),53,59,64
2026-03-05,P090 (1956F 巳月),50,56,61
2026-03-06,P090 (1956F 巳月),51,57,62
2026-03-07,P090 (1956F 巳月),56,62,67
2026-03-08,P090 (1956F 巳月),63,69,74
2026-03-09,P090 (1956F 巳月),51,57,62
2026-03-10,P090 (1956F 巳月),52,58,63
2026-03-11,P090 (1956F 巳月),61,67,72
2026-03-12,P090 (1956F 巳月),60,66,71
2026-03-13,P090 (1956F 巳月),50,56,61
2026-03-14,P090 (1956F 巳月),49,55,60
2026-03-15,P090 (1956F 巳月),50,56,61
2026-03-16,P090 (1956F 巳月),59,65,70
2026-03-17,P090 (1956F 巳月),50,56,61
2026-03-18,P090 (1956F 巳月),50,56,61
2026-03-19,P090 (1956F 巳月),56,62,67
2026-03-20,P090 (1956F 巳月),62,68,73
2026-03-21,P090 (1956F 巳月),52,58,63
2026-03-22,P090 (1956F 巳月),52,58,63
2026-03-23,P090 (1956F 巳月),55,61,66
2026-03-24,P090 (1956F 巳月),61,67,72
2026-03-25,P090 (1956F 巳月),53,59,64
2026-03-26,P090 (1956F 巳月),49,55,60
2026-03-27,P090 (1956F 巳月),51,57,62
2026-03-28,P090 (1956F 巳月),60,66,71
2026-03-29,P090 (1956F 巳月),51,57,62
2026-03-30,P090 (1956F 巳月),49,55,60
2026-03-31,P090 (1956F 巳月),54,60,65
2026-04-01,P090 (1956F 巳月),63,69,74
2026-04-02,P090 (1956F 巳月),49,55,60
2026-04-03,P090 (1956F 巳月),51,57,62
2026-04-04,P090 (1956F 巳月),58,64,69
2026-04-05,P090 (1956F 巳月),76,82,87
2026-04-06,P090 (1956F 巳月),62,68,73
2026-04-07,P090 (1956F 巳月),54,60,65
2026-04-08,P090 (1956F 巳月),63,69,74
2026-04-09,P090 (1956F 巳月),69,75,80
2026-04-10,P090 (1956F 巳月),56,62,67
2026-04-11,P090 (1956F 巳月),53,59,64
2026-04-12,P090 (1956F 巳月),62,68,73
2026-04-13,P090 (1956F 巳月),75,81,86
2026-04-14,P090 (1956F 巳月),65,71,76
2026-04-15,P090 (1956F 巳月),69,75,80
2026-04-16,P090 (1956F 巳月),74,80,85
2026-04-17,P090 (1956F 巳月),74,80,85
2026-04-18,P090 (1956F 巳月),62,68,73
2026-04-19,P090 (1956F 巳月),50,56,61
2026-04-20,P090 (1956F 巳月),65,71,76
2026-04-21,P090 (1956F 巳月),74,80,85
2026-04-22,P090 (1956F 巳月),52,58,63
2026-04-23,P090 (1956F 巳月),52,58,63
2026-04-24,P090 (1956F 巳月),65,71,76
2026-04-25,P090 (1956F 巳月),76,82,87
2026-04-26,P090 (1956F 巳月),53,59,64
2026-04-27,P090 (1956F 巳月),60,66,71
2026-04-28,P090 (1956F 巳月),71,77,82
2026-04-29,P090 (1956F 巳月),72,78,83
2026-04-30,P090 (1956F 巳月),67,73,78
2026-05-01,P090 (1956F 巳月),51,57,62
2026-05-02,P090 (1956F 巳月),59,65,70
2026-05-03,P090 (1956F 巳月),67,73,78
2026-05-04,P090 (1956F 巳月),53,59,64
2026-05-05,P090 (1956F 巳月),55,61,66
2026-05-06,P090 (1956F 巳月),68,74,79
2026-05-07,P090 (1956F 巳月),78,84,89
2026-05-08,P090 (1956F 巳月),58,64,69
2026-05-09,P090 (1956F 巳月),67,73,78
2026-05-10,P090 (1956F 巳月),79,85,90
2026-05-11,P090 (1956F 巳月),79,85,90
2026-05-12,P090 (1956F 巳月),69,75,80
2026-05-13,P090 (1956F 巳月),54,60,65
2026-05-14,P090 (1956F 巳月),67,73,78
2026-05-15,P090 (1956F 巳月),75,81,86
2026-05-16,P090 (1956F 巳月),54,60,65
2026-05-17,P090 (1956F 巳月),54,60,65
2026-05-18,P090 (1956F 巳月),67,73,78
2026-05-19,P090 (1956F 巳月),78,84,89
2026-05-20,P090 (1956F 巳月),64,70,75
2026-05-21,P090 (1956F 巳月),73,79,84
2026-05-22,P090 (1956F 巳月),77,83,88
2026-05-23,P090 (1956F 巳月),75,81,86
2026-05-24,P090 (1956F 巳月),71,77,82
2026-05-25,P090 (1956F 巳月),58,64,69
2026-05-26,P090 (1956F 巳月),65,71,76
2026-05-27,P090 (1956F 巳月),75,81,86
2026-05-28,P090 (1956F 巳月),60,66,71
2026-05-29,P090 (1956F 巳月),58,64,69
2026-05-30,P090 (1956F 巳月),69,75,80
2026-05-31,P090 (1956F 巳月),82,88,93
2025-12-03,P091 (2003M 寅月),74,80,85
2025-12-04,P091 (2003M 寅月),73,79,84
2025-12-05,P091 (2003M 寅月),55,61,66
2025-12-06,P091 (2003M 寅月),71,77,82
2025-12-07,P091 (2003M 寅月),52,58,63
2025-12-08,P091 (2003M 寅月),74,80,85
2025-12-09,P091 (2003M 寅月),63,69,74
2025-12-10,P091 (2003M 寅月),53,59,64
2025-12-11,P091 (2003M 寅月),70,76,81
2025-12-12,P091 (2003M 寅月),72,78,83
2025-12-13,P091 (2003M 寅月),60,66,71
2025-12-14,P091 (2003M 寅月),45,51,56
2025-12-15,P091 (2003M 寅月),62,68,73
2025-12-16,P091 (2003M 寅月),57,63,68
2025-12-17,P091 (2003M 寅月),49,55,60
2025-12-18,P091 (2003M 寅月),67,73,78
2025-12-19,P091 (2003M 寅月),54,60,65
2025-12-20,P091 (2003M 寅月),71,77,82
2025-12-21,P091 (2003M 寅月),66,72,77
2025-12-22,P091 (2003M 寅月),56,62,67
2025-12-23,P091 (2003M 寅月),69,75,80
2025-12-24,P091 (2003M 寅月),70,76,81
2025-12-25,P091 (2003M 寅月),56,62,67
2025-12-26,P091 (2003M 寅月),48,54,59
2025-12-27,P091 (2003M 寅月),63,69,74
2025-12-28,P091 (2003M 寅月),68,74,79
2025-12-29,P091 (2003M 寅月),47,53,58
2025-12-30,P091 (2003M 寅月),61,67,72
2025-12-31,P091 (2003M 寅月),52,58,63
2026-01-01,P091 (2003M 寅月),75,81,86
2026-01-02,P091 (2003M 寅月),62,68,73
2026-01-03,P091 (2003M 寅月),50,56,61
2026-01-04,P091 (2003M 寅月),62,68,73
2026-01-05,P091 (2003M 寅月),67,73,78
2026-01-06,P091 (2003M 寅月),58,64,69
2026-01-07,P091 (2003M 寅月),48,54,59
2026-01-08,P091 (2003M 寅月),60,66,71
2026-01-09,P091 (2003M 寅月),56,62,67
2026-01-10,P091 (2003M 寅月),46,52,57
2026-01-11,P091 (2003M 寅月),58,64,69
2026-01-12,P091 (2003M 寅月),51,57,62
2026-01-13,P091 (2003M 寅月),62,68,73
2026-01-14,P091 (2003M 寅月),52,58,63
2026-01-15,P091 (2003M 寅月),48,54,59
2026-01-16,P091 (2003M 寅月),62,68,73
2026-01-17,P091 (2003M 寅月),63,69,74
2026-01-18,P091 (2003M 寅月),53,59,64
2026-01-19,P091 (2003M 寅月),48,54,59
2026-01-20,P091 (2003M 寅月),62,68,73
2026-01-21,P091 (2003M 寅月),60,66,71
2026-01-22,P091 (2003M 寅月),49,55,60
2026-01-23,P091 (2003M 寅月),54,60,65
2026-01-24,P091 (2003M 寅月),52,58,63
2026-01-25,P091 (2003M 寅月),62,68,73
2026-01-26,P091 (2003M 寅月),57,63,68
2026-01-27,P091 (2003M 寅月),53,59,64
2026-01-28,P091 (2003M 寅月),62,68,73
2026-01-29,P091 (2003M 寅月),60,66,71
2026-01-30,P091 (2003M 寅月),55,61,66
2026-01-31,P091 (2003M 寅月),49,55,60
2026-02-01,P091 (2003M 寅月),65,71,76
2026-02-02,P091 (2003M 寅月),59,65,70
2026-02-03,P091 (2003M 寅月),50,56,61
2026-02-04,P091 (2003M 寅月),70,76,81
2026-02-05,P091 (2003M 寅月),66,72,77
2026-02-06,P091 (2003M 寅月),84,90,95
2026-02-07,P091 (2003M 寅月),72,78,83
2026-02-08,P091 (2003M 寅月),60,66,71
2026-02-09,P091 (2003M 寅月),81,87,92
2026-02-10,P091 (2003M 寅月),80,86,91
2026-02-11,P091 (2003M 寅月),68,74,79
2026-02-12,P091 (2003M 寅月),55,61,66
2026-02-13,P091 (2003M 寅月),71,77,82
2026-02-14,P091 (2003M 寅月),67,73,78
2026-02-15,P091 (2003M 寅月),59,65,70
2026-02-16,P091 (2003M 寅月),77,83,88
2026-02-17,P091 (2003M 寅月),61,67,72
2026-02-18,P091 (2003M 寅月),77,83,88
2026-02-19,P091 (2003M 寅月),68,74,79
2026-02-20,P091 (2003M 寅月),58,64,69
2026-02-21,P091 (2003M 寅月),71,77,82
2026-02-22,P091 (2003M 寅月),71,77,82
2026-02-23,P091 (2003M 寅月),60,66,71
2026-02-24,P091 (2003M 寅月),48,54,59
2026-02-25,P091 (2003M 寅月),69,75,80
2026-02-26,P091 (2003M 寅月),69,75,80
2026-02-27,P091 (2003M 寅月),46,52,57
2026-02-28,P091 (2003M 寅月),66,72,77
2026-03-01,P091 (2003M 寅月),55,61,66
2026-03-02,P091 (2003M 寅月),72,78,83
2026-03-03,P091 (2003M 寅月),61,67,72
2026-03-04,P091 (2003M 寅月),56,62,67
2026-03-05,P091 (2003M 寅月),69,75,80
2026-03-06,P091 (2003M 寅月),70,76,81
2026-03-07,P091 (2003M 寅月),69,75,80
2026-03-08,P091 (2003M 寅月),53,59,64
2026-03-09,P091 (2003M 寅月),70,76,81
2026-03-10,P091 (2003M 寅月),71,77,82
2026-03-11,P091 (2003M 寅月),54,60,65
2026-03-12,P091 (2003M 寅月),72,78,83
2026-03-13,P091 (2003M 寅月),58,64,69
2026-03-14,P091 (2003M 寅月),71,77,82
2026-03-15,P091 (2003M 寅月),62,68,73
2026-03-16,P091 (2003M 寅月),54,60,65
2026-03-17,P091 (2003M 寅月),72,78,83
2026-03-18,P091 (2003M 寅月),77,83,88
2026-03-19,P091 (2003M 寅月),64,70,75
2026-03-20,P091 (2003M 寅月),51,57,62
2026-03-21,P091 (2003M 寅月),72,78,83
2026-03-22,P091 (2003M 寅月),73,79,84
2026-03-23,P091 (2003M 寅月),58,64,69
2026-03-24,P091 (2003M 寅月),70,76,81
2026-03-25,P091 (2003M 寅月),59,65,70
2026-03-26,P091 (2003M 寅月),68,74,79
2026-03-27,P091 (2003M 寅月),67,73,78
2026-03-28,P091 (2003M 寅月),58,64,69
2026-03-29,P091 (2003M 寅月),76,82,87
2026-03-30,P091 (2003M 寅月),75,81,86
2026-03-31,P091 (2003M 寅月),71,77,82
2026-04-01,P091 (2003M 寅月),56,62,67
2026-04-02,P091 (2003M 寅月),73,79,84
2026-04-03,P091 (2003M 寅月),68,74,79
2026-04-04,P091 (2003M 寅月),51,57,62
2026-04-05,P091 (2003M 寅月),57,63,68
2026-04-06,P091 (2003M 寅月),50,56,61
2026-04-07,P091 (2003M 寅月),68,74,79
2026-04-08,P091 (2003M 寅月),57,63,68
2026-04-09,P091 (2003M 寅月),49,55,60
2026-04-10,P091 (2003M 寅月),71,77,82
2026-04-11,P091 (2003M 寅月),72,78,83
2026-04-12,P091 (2003M 寅月),59,65,70
2026-04-13,P091 (2003M 寅月),49,55,60
2026-04-14,P091 (2003M 寅月),67,73,78
2026-04-15,P091 (2003M 寅月),59,65,70
2026-04-16,P091 (2003M 寅月),54,60,65
2026-04-17,P091 (2003M 寅月),72,78,83
2026-04-18,P091 (2003M 寅月),52,58,63
2026-04-19,P091 (2003M 寅月),74,80,85
2026-04-20,P091 (2003M 寅月),69,75,80
2026-04-21,P091 (2003M 寅月),57,63,68
2026-04-22,P091 (2003M 寅月),70,76,81
2026-04-23,P091 (2003M 寅月),67,73,78
2026-04-24,P091 (2003M 寅月),55,61,66
2026-04-25,P091 (2003M 寅月),46,52,57
2026-04-26,P091 (2003M 寅月),64,70,75
2026-04-27,P091 (2003M 寅月),69,75,80
2026-04-28,P091 (2003M 寅月),49,55,60
2026-04-29,P091 (2003M 寅月),68,74,79
2026-04-30,P091 (2003M 寅月),56,62,67
2026-05-01,P091 (2003M 寅月),72,78,83
2026-05-02,P091 (2003M 寅月),63,69,74
2026-05-03,P091 (2003M 寅月),55,61,66
2026-05-04,P091 (2003M 寅月),69,75,80
2026-05-05,P091 (2003M 寅月),67,73,78
2026-05-06,P091 (2003M 寅月),51,57,62
2026-05-07,P091 (2003M 寅月),46,52,57
2026-05-08,P091 (2003M 寅月),54,60,65
2026-05-09,P091 (2003M 寅月),55,61,66
2026-05-10,P091 (2003M 寅月),48,54,59
2026-05-11,P091 (2003M 寅月),59,65,70
2026-05-12,P091 (2003M 寅月),50,56,61
2026-05-13,P091 (2003M 寅月),57,63,68
2026-05-14,P091 (2003M 寅月),49,55,60
2026-05-15,P091 (2003M 寅月),49,55,60
2026-05-16,P091 (2003M 寅月),61,67,72
2026-05-17,P091 (2003M 寅月),61,67,72
2026-05-18,P091 (2003M 寅月),51,57,62
2026-05-19,P091 (2003M 寅月),47,53,58
2026-05-20,P091 (2003M 寅月),59,65,70
2026-05-21,P091 (2003M 寅月),61,67,72
2026-05-22,P091 (2003M 寅月),50,56,61
2026-05-23,P091 (2003M 寅月),55,61,66
2026-05-24,P091 (2003M 寅月),50,56,61
2026-05-25,P091 (2003M 寅月),54,60,65
2026-05-26,P091 (2003M 寅月),52,58,63
2026-05-27,P091 (2003M 寅月),48,54,59
2026-05-28,P091 (2003M 寅月),61,67,72
2026-05-29,P091 (2003M 寅月),61,67,72
2026-05-30,P091 (2003M 寅月),52,58,63
2026-05-31,P091 (2003M 寅月),47,53,58
2025-12-03,P092 (2004F 午月),66,72,77
2025-12-04,P092 (2004F 午月),61,67,72
2025-12-05,P092 (2004F 午月),66,72,77
2025-12-06,P092 (2004F 午月),66,72,77
2025-12-07,P092 (2004F 午月),60,66,71
2025-12-08,P092 (2004F 午月),56,62,67
2025-12-09,P092 (2004F 午月),53,59,64
2025-12-10,P092 (2004F 午月),49,55,60
2025-12-11,P092 (2004F 午月),49,55,60
2025-12-12,P092 (2004F 午月),51,57,62
2025-12-13,P092 (2004F 午月),55,61,66
2025-12-14,P092 (2004F 午月),48,54,59
2025-12-15,P092 (2004F 午月),62,68,73
2025-12-16,P092 (2004F 午月),60,66,71
2025-12-17,P092 (2004F 午月),54,60,65
2025-12-18,P092 (2004F 午月),56,62,67
2025-12-19,P092 (2004F 午月),60,66,71
2025-12-20,P092 (2004F 午月),59,65,70
2025-12-21,P092 (2004F 午月),56,62,67
2025-12-22,P092 (2004F 午月),48,54,59
2025-12-23,P092 (2004F 午月),51,57,62
2025-12-24,P092 (2004F 午月),52,58,63
2025-12-25,P092 (2004F 午月),62,68,73
2025-12-26,P092 (2004F 午月),52,58,63
2025-12-27,P092 (2004F 午月),61,67,72
2025-12-28,P092 (2004F 午月),63,69,74
2025-12-29,P092 (2004F 午月),58,64,69
2025-12-30,P092 (2004F 午月),67,73,78
2025-12-31,P092 (2004F 午月),68,74,79
2026-01-01,P092 (2004F 午月),60,66,71
2026-01-02,P092 (2004F 午月),53,59,64
2026-01-03,P092 (2004F 午月),48,54,59
2026-01-04,P092 (2004F 午月),51,57,62
2026-01-05,P092 (2004F 午月),54,60,65
2026-01-06,P092 (2004F 午月),52,58,63
2026-01-07,P092 (2004F 午月),49,55,60
2026-01-08,P092 (2004F 午月),61,67,72
2026-01-09,P092 (2004F 午月),56,62,67
2026-01-10,P092 (2004F 午月),52,58,63
2026-01-11,P092 (2004F 午月),52,58,63
2026-01-12,P092 (2004F 午月),58,64,69
2026-01-13,P092 (2004F 午月),52,58,63
2026-01-14,P092 (2004F 午月),51,57,62
2026-01-15,P092 (2004F 午月),50,56,61
2026-01-16,P092 (2004F 午月),47,53,58
2026-01-17,P092 (2004F 午月),50,56,61
2026-01-18,P092 (2004F 午月),61,67,72
2026-01-19,P092 (2004F 午月),50,56,61
2026-01-20,P092 (2004F 午月),62,68,73
2026-01-21,P092 (2004F 午月),61,67,72
2026-01-22,P092 (2004F 午月),54,60,65
2026-01-23,P092 (2004F 午月),52,58,63
2026-01-24,P092 (2004F 午月),63,69,74
2026-01-25,P092 (2004F 午月),63,69,74
2026-01-26,P092 (2004F 午月),50,56,61
2026-01-27,P092 (2004F 午月),50,56,61
2026-01-28,P092 (2004F 午月),50,56,61
2026-01-29,P092 (2004F 午月),52,58,63
2026-01-30,P092 (2004F 午月),60,66,71
2026-01-31,P092 (2004F 午月),51,57,62
2026-02-01,P092 (2004F 午月),63,69,74
2026-02-02,P092 (2004F 午月),60,66,71
2026-02-03,P092 (2004F 午月),60,66,71
2026-02-04,P092 (2004F 午月),62,68,73
2026-02-05,P092 (2004F 午月),61,67,72
2026-02-06,P092 (2004F 午月),58,64,69
2026-02-07,P092 (2004F 午月),54,60,65
2026-02-08,P092 (2004F 午月),52,58,63
2026-02-09,P092 (2004F 午月),51,57,62
2026-02-10,P092 (2004F 午月),55,61,66
2026-02-11,P092 (2004F 午月),57,63,68
2026-02-12,P092 (2004F 午月),49,55,60
2026-02-13,P092 (2004F 午月),60,66,71
2026-02-14,P092 (2004F 午月),59,65,70
2026-02-15,P092 (2004F 午月),55,61,66
2026-02-16,P092 (2004F 午月),59,65,70
2026-02-17,P092 (2004F 午月),60,66,71
2026-02-18,P092 (2004F 午月),58,64,69
2026-02-19,P092 (2004F 午月),51,57,62
2026-02-20,P092 (2004F 午月),48,54,59
2026-02-21,P092 (2004F 午月),49,55,60
2026-02-22,P092 (2004F 午月),48,54,59
2026-02-23,P092 (2004F 午月),56,62,67
2026-02-24,P092 (2004F 午月),49,55,60
2026-02-25,P092 (2004F 午月),58,64,69
2026-02-26,P092 (2004F 午月),59,65,70
2026-02-27,P092 (2004F 午月),54,60,65
2026-02-28,P092 (2004F 午月),58,64,69
2026-03-01,P092 (2004F 午月),61,67,72
2026-03-02,P092 (2004F 午月),56,62,67
2026-03-03,P092 (2004F 午月),50,56,61
2026-03-04,P092 (2004F 午月),48,54,59
2026-03-05,P092 (2004F 午月),48,54,59
2026-03-06,P092 (2004F 午月),53,59,64
2026-03-07,P092 (2004F 午月),52,58,63
2026-03-08,P092 (2004F 午月),48,54,59
2026-03-09,P092 (2004F 午月),65,71,76
2026-03-10,P092 (2004F 午月),61,67,72
2026-03-11,P092 (2004F 午月),54,60,65
2026-03-12,P092 (2004F 午月),59,65,70
2026-03-13,P092 (2004F 午月),62,68,73
2026-03-14,P092 (2004F 午月),55,61,66
2026-03-15,P092 (2004F 午月),53,59,64
2026-03-16,P092 (2004F 午月),54,60,65
2026-03-17,P092 (2004F 午月),49,55,60
2026-03-18,P092 (2004F 午月),52,58,63
2026-03-19,P092 (2004F 午月),61,67,72
2026-03-20,P092 (2004F 午月),53,59,64
2026-03-21,P092 (2004F 午月),62,68,73
2026-03-22,P092 (2004F 午月),62,68,73
2026-03-23,P092 (2004F 午月),56,62,67
2026-03-24,P092 (2004F 午月),55,61,66
2026-03-25,P092 (2004F 午月),63,69,74
2026-03-26,P092 (2004F 午月),62,68,73
2026-03-27,P092 (2004F 午月),49,55,60
2026-03-28,P092 (2004F 午月),47,53,58
2026-03-29,P092 (2004F 午月),49,55,60
2026-03-30,P092 (2004F 午月),52,58,63
2026-03-31,P092 (2004F 午月),56,62,67
2026-04-01,P092 (2004F 午月),50,56,61
2026-04-02,P092 (2004F 午月),61,67,72
2026-04-03,P092 (2004F 午月),57,63,68
2026-04-04,P092 (2004F 午月),60,66,71
2026-04-05,P092 (2004F 午月),68,74,79
2026-04-06,P092 (2004F 午月),71,77,82
2026-04-07,P092 (2004F 午月),64,70,75
2026-04-08,P092 (2004F 午月),58,64,69
2026-04-09,P092 (2004F 午月),56,62,67
2026-04-10,P092 (2004F 午月),54,60,65
2026-04-11,P092 (2004F 午月),58,64,69
2026-04-12,P092 (2004F 午月),65,71,76
2026-04-13,P092 (2004F 午月),51,57,62
2026-04-14,P092 (2004F 午月),68,74,79
2026-04-15,P092 (2004F 午月),72,78,83
2026-04-16,P092 (2004F 午月),58,64,69
2026-04-17,P092 (2004F 午月),62,68,73
2026-04-18,P092 (2004F 午月),74,80,85
2026-04-19,P092 (2004F 午月),67,73,78
2026-04-20,P092 (2004F 午月),57,63,68
2026-04-21,P092 (2004F 午月),53,59,64
2026-04-22,P092 (2004F 午月),55,61,66
2026-04-23,P092 (2004F 午月),54,60,65
2026-04-24,P092 (2004F 午月),66,72,77
2026-04-25,P092 (2004F 午月),56,62,67
2026-04-26,P092 (2004F 午月),66,72,77
2026-04-27,P092 (2004F 午月),65,71,76
2026-04-28,P092 (2004F 午月),67,73,78
2026-04-29,P092 (2004F 午月),65,71,76
2026-04-30,P092 (2004F 午月),69,75,80
2026-05-01,P092 (2004F 午月),64,70,75
2026-05-02,P092 (2004F 午月),55,61,66
2026-05-03,P092 (2004F 午月),51,57,62
2026-05-04,P092 (2004F 午月),54,60,65
2026-05-05,P092 (2004F 午月),56,62,67
2026-05-06,P092 (2004F 午月),54,60,65
2026-05-07,P092 (2004F 午月),49,55,60
2026-05-08,P092 (2004F 午月),65,71,76
2026-05-09,P092 (2004F 午月),61,67,72
2026-05-10,P092 (2004F 午月),56,62,67
2026-05-11,P092 (2004F 午月),58,64,69
2026-05-12,P092 (2004F 午月),59,65,70
2026-05-13,P092 (2004F 午月),53,59,64
2026-05-14,P092 (2004F 午月),55,61,66
2026-05-15,P092 (2004F 午月),52,58,63
2026-05-16,P092 (2004F 午月),46,52,57
2026-05-17,P092 (2004F 午月),48,54,59
2026-05-18,P092 (2004F 午月),59,65,70
2026-05-19,P092 (2004F 午月),49,55,60
2026-05-20,P092 (2004F 午月),57,63,68
2026-05-21,P092 (2004F 午月),57,63,68
2026-05-22,P092 (2004F 午月),56,62,67
2026-05-23,P092 (2004F 午月),57,63,68
2026-05-24,P092 (2004F 午月),65,71,76
2026-05-25,P092 (2004F 午月),66,72,77
2026-05-26,P092 (2004F 午月),51,57,62
2026-05-27,P092 (2004F 午月),48,54,59
2026-05-28,P092 (2004F 午月),48,54,59
2026-05-29,P092 (2004F 午月),51,57,62
2026-05-30,P092 (2004F 午月),56,62,67
2026-05-31,P092 (2004F 午月),50,56,61
2025-12-03,P093 (1969M 卯月4시),80,83,88
2025-12-04,P093 (1969M 卯月4시),77,80,85
2025-12-05,P093 (1969M 卯月4시),55,58,63
2025-12-06,P093 (1969M 卯月4시),69,72,77
2025-12-07,P093 (1969M 卯月4시),64,67,72
2025-12-08,P093 (1969M 卯月4시),77,80,85
2025-12-09,P093 (1969M 卯月4시),58,61,66
2025-12-10,P093 (1969M 卯月4시),63,66,71
2025-12-11,P093 (1969M 卯月4시),71,74,79
2025-12-12,P093 (1969M 卯月4시),51,54,59
2025-12-13,P093 (1969M 卯月4시),71,74,79
2025-12-14,P093 (1969M 卯月4시),50,53,58
2025-12-15,P093 (1969M 卯月4시),61,64,69
2025-12-16,P093 (1969M 卯月4시),66,69,74
2025-12-17,P093 (1969M 卯月4시),46,49,54
2025-12-18,P093 (1969M 卯月4시),56,59,64
2025-12-19,P093 (1969M 卯月4시),64,67,72
2025-12-20,P093 (1969M 卯月4시),65,68,73
2025-12-21,P093 (1969M 卯月4시),54,57,62
2025-12-22,P093 (1969M 卯月4시),54,57,62
2025-12-23,P093 (1969M 卯月4시),69,72,77
2025-12-24,P093 (1969M 卯月4시),47,50,55
2025-12-25,P093 (1969M 卯月4시),61,64,69
2025-12-26,P093 (1969M 卯月4시),46,49,54
2025-12-27,P093 (1969M 卯月4시),54,57,62
2025-12-28,P093 (1969M 卯月4시),61,64,69
2025-12-29,P093 (1969M 卯月4시),47,50,55
2025-12-30,P093 (1969M 卯月4시),55,58,63
2025-12-31,P093 (1969M 卯月4시),64,67,72
2026-01-01,P093 (1969M 卯月4시),60,63,68
2026-01-02,P093 (1969M 卯月4시),56,59,64
2026-01-03,P093 (1969M 卯月4시),61,64,69
2026-01-04,P093 (1969M 卯月4시),67,70,75
2026-01-05,P093 (1969M 卯月4시),51,54,59
2026-01-06,P093 (1969M 卯月4시),76,79,84
2026-01-07,P093 (1969M 卯月4시),59,62,67
2026-01-08,P093 (1969M 卯月4시),73,76,81
2026-01-09,P093 (1969M 卯月4시),69,72,77
2026-01-10,P093 (1969M 卯月4시),49,52,57
2026-01-11,P093 (1969M 卯月4시),59,62,67
2026-01-12,P093 (1969M 卯月4시),77,80,85
2026-01-13,P093 (1969M 卯月4시),83,86,91
2026-01-14,P093 (1969M 卯月4시),67,70,75
2026-01-15,P093 (1969M 卯月4시),78,81,86
2026-01-16,P093 (1969M 卯月4시),78,81,86
2026-01-17,P093 (1969M 卯月4시),61,64,69
2026-01-18,P093 (1969M 卯月4시),78,81,86
2026-01-19,P093 (1969M 卯月4시),59,62,67
2026-01-20,P093 (1969M 卯月4시),74,77,82
2026-01-21,P093 (1969M 卯月4시),66,69,74
2026-01-22,P093 (1969M 卯月4시),57,60,65
2026-01-23,P093 (1969M 卯月4시),66,69,74
2026-01-24,P093 (1969M 卯月4시),77,80,85
2026-01-25,P093 (1969M 卯月4시),89,92,97
2026-01-26,P093 (1969M 卯月4시),67,70,75
2026-01-27,P093 (1969M 卯月4시),79,82,87
2026-01-28,P093 (1969M 卯月4시),84,87,92
2026-01-29,P093 (1969M 卯月4시),61,64,69
2026-01-30,P093 (1969M 卯月4시),75,78,83
2026-01-31,P093 (1969M 卯月4시),53,56,61
2026-02-01,P093 (1969M 卯月4시),77,80,85
2026-02-02,P093 (1969M 卯月4시),72,75,80
2026-02-03,P093 (1969M 卯月4시),50,53,58
2026-02-04,P093 (1969M 卯月4시),72,75,80
2026-02-05,P093 (1969M 卯月4시),75,78,83
2026-02-06,P093 (1969M 卯月4시),83,86,91
2026-02-07,P093 (1969M 卯月4시),67,70,75
2026-02-08,P093 (1969M 卯月4시),73,76,81
2026-02-09,P093 (1969M 卯月4시),79,82,87
2026-02-10,P093 (1969M 卯月4시),61,64,69
2026-02-11,P093 (1969M 卯月4시),82,85,90
2026-02-12,P093 (1969M 卯月4시),57,60,65
2026-02-13,P093 (1969M 卯月4시),70,73,78
2026-02-14,P093 (1969M 卯月4시),77,80,85
2026-02-15,P093 (1969M 卯月4시),53,56,61
2026-02-16,P093 (1969M 卯月4시),68,71,76
2026-02-17,P093 (1969M 卯月4시),76,79,84
2026-02-18,P093 (1969M 卯月4시),78,81,86
2026-02-19,P093 (1969M 卯月4시),65,68,73
2026-02-20,P093 (1969M 卯月4시),67,70,75
2026-02-21,P093 (1969M 卯月4시),83,86,91
2026-02-22,P093 (1969M 卯月4시),63,66,71
2026-02-23,P093 (1969M 卯月4시),77,80,85
2026-02-24,P093 (1969M 卯月4시),63,66,71
2026-02-25,P093 (1969M 卯月4시),71,74,79
2026-02-26,P093 (1969M 卯月4시),72,75,80
2026-02-27,P093 (1969M 卯月4시),52,55,60
2026-02-28,P093 (1969M 卯月4시),64,67,72
2026-03-01,P093 (1969M 卯月4시),72,75,80
2026-03-02,P093 (1969M 卯月4시),74,77,82
2026-03-03,P093 (1969M 卯月4시),69,72,77
2026-03-04,P093 (1969M 卯月4시),77,80,85
2026-03-05,P093 (1969M 卯月4시),81,84,89
2026-03-06,P093 (1969M 卯月4시),59,62,67
2026-03-07,P093 (1969M 卯月4시),65,68,73
2026-03-08,P093 (1969M 卯月4시),56,59,64
2026-03-09,P093 (1969M 卯月4시),64,67,72
2026-03-10,P093 (1969M 卯月4시),65,68,73
2026-03-11,P093 (1969M 卯月4시),46,49,54
2026-03-12,P093 (1969M 卯月4시),55,58,63
2026-03-13,P093 (1969M 卯月4시),65,68,73
2026-03-14,P093 (1969M 卯月4시),71,74,79
2026-03-15,P093 (1969M 卯月4시),54,57,62
2026-03-16,P093 (1969M 卯月4시),68,71,76
2026-03-17,P093 (1969M 卯月4시),66,69,74
2026-03-18,P093 (1969M 卯月4시),58,61,66
2026-03-19,P093 (1969M 卯月4시),71,74,79
2026-03-20,P093 (1969M 卯月4시),54,57,62
2026-03-21,P093 (1969M 卯月4시),63,66,71
2026-03-22,P093 (1969M 卯月4시),59,62,67
2026-03-23,P093 (1969M 卯月4시),48,51,56
2026-03-24,P093 (1969M 卯月4시),62,65,70
2026-03-25,P093 (1969M 卯月4시),65,68,73
2026-03-26,P093 (1969M 卯月4시),76,79,84
2026-03-27,P093 (1969M 卯月4시),55,58,63
2026-03-28,P093 (1969M 卯月4시),66,69,74
2026-03-29,P093 (1969M 卯月4시),70,73,78
2026-03-30,P093 (1969M 卯月4시),56,59,64
2026-03-31,P093 (1969M 卯月4시),66,69,74
2026-04-01,P093 (1969M 卯月4시),52,55,60
2026-04-02,P093 (1969M 卯月4시),65,68,73
2026-04-03,P093 (1969M 卯月4시),60,63,68
2026-04-04,P093 (1969M 卯月4시),46,49,54
2026-04-05,P093 (1969M 卯月4시),67,70,75
2026-04-06,P093 (1969M 卯月4시),73,76,81
2026-04-07,P093 (1969M 卯月4시),83,86,91
2026-04-08,P093 (1969M 卯月4시),66,69,74
2026-04-09,P093 (1969M 卯月4시),68,71,76
2026-04-10,P093 (1969M 卯月4시),77,80,85
2026-04-11,P093 (1969M 卯月4시),59,62,67
2026-04-12,P093 (1969M 卯月4시),79,82,87
2026-04-13,P093 (1969M 卯月4시),59,62,67
2026-04-14,P093 (1969M 卯月4시),72,75,80
2026-04-15,P093 (1969M 卯月4시),76,79,84
2026-04-16,P093 (1969M 卯月4시),51,54,59
2026-04-17,P093 (1969M 卯月4시),66,69,74
2026-04-18,P093 (1969M 卯月4시),76,79,84
2026-04-19,P093 (1969M 卯月4시),80,83,88
2026-04-20,P093 (1969M 卯月4시),65,68,73
2026-04-21,P093 (1969M 卯月4시),67,70,75
2026-04-22,P093 (1969M 卯月4시),83,86,91
2026-04-23,P093 (1969M 卯月4시),63,66,71
2026-04-24,P093 (1969M 卯月4시),78,81,86
2026-04-25,P093 (1969M 卯月4시),61,64,69
2026-04-26,P093 (1969M 卯月4시),69,72,77
2026-04-27,P093 (1969M 卯月4시),74,77,82
2026-04-28,P093 (1969M 卯月4시),53,56,61
2026-04-29,P093 (1969M 卯月4시),64,67,72
2026-04-30,P093 (1969M 卯月4시),73,76,81
2026-05-01,P093 (1969M 卯月4시),73,76,81
2026-05-02,P093 (1969M 卯月4시),66,69,74
2026-05-03,P093 (1969M 卯月4시),74,77,82
2026-05-04,P093 (1969M 卯月4시),78,81,86
2026-05-05,P093 (1969M 卯月4시),58,61,66
2026-05-06,P093 (1969M 卯月4시),55,58,63
2026-05-07,P093 (1969M 卯月4시),53,56,61
2026-05-08,P093 (1969M 卯月4시),54,57,62
2026-05-09,P093 (1969M 卯月4시),57,60,65
2026-05-10,P093 (1969M 卯月4시),46,49,54
2026-05-11,P093 (1969M 卯月4시),52,55,60
2026-05-12,P093 (1969M 卯月4시),59,62,67
2026-05-13,P093 (1969M 卯月4시),70,73,78
2026-05-14,P093 (1969M 卯月4시),51,54,59
2026-05-15,P093 (1969M 卯月4시),63,66,71
2026-05-16,P093 (1969M 卯月4시),60,63,68
2026-05-17,P093 (1969M 卯月4시),58,61,66
2026-05-18,P093 (1969M 卯月4시),61,64,69
2026-05-19,P093 (1969M 卯月4시),48,51,56
2026-05-20,P093 (1969M 卯月4시),52,55,60
2026-05-21,P093 (1969M 卯月4시),54,57,62
2026-05-22,P093 (1969M 卯月4시),46,49,54
2026-05-23,P093 (1969M 卯月4시),55,58,63
2026-05-24,P093 (1969M 卯月4시),53,56,61
2026-05-25,P093 (1969M 卯月4시),67,70,75
2026-05-26,P093 (1969M 卯月4시),46,49,54
2026-05-27,P093 (1969M 卯月4시),63,66,71
2026-05-28,P093 (1969M 卯月4시),60,63,68
2026-05-29,P093 (1969M 卯月4시),54,57,62
2026-05-30,P093 (1969M 卯月4시),58,61,66
2026-05-31,P093 (1969M 卯月4시),47,50,55
2025-12-03,P094 (1974F 戌月2시),59,65,70
2025-12-04,P094 (1974F 戌月2시),53,59,64
2025-12-05,P094 (1974F 戌月2시),60,66,71
2025-12-06,P094 (1974F 戌月2시),71,77,82
2025-12-07,P094 (1974F 戌月2시),73,79,84
2025-12-08,P094 (1974F 戌月2시),84,90,95
2025-12-09,P094 (1974F 戌月2시),78,84,89
2025-12-10,P094 (1974F 戌月2시),79,85,90
2025-12-11,P094 (1974F 戌月2시),74,80,85
2025-12-12,P094 (1974F 戌月2시),74,80,85
2025-12-13,P094 (1974F 戌月2시),74,80,85
2025-12-14,P094 (1974F 戌月2시),64,70,75
2025-12-15,P094 (1974F 戌月2시),54,60,65
2025-12-16,P094 (1974F 戌月2시),50,56,61
2025-12-17,P094 (1974F 戌月2시),62,68,73
2025-12-18,P094 (1974F 戌月2시),74,80,85
2025-12-19,P094 (1974F 戌月2시),66,72,77
2025-12-20,P094 (1974F 戌月2시),82,88,93
2025-12-21,P094 (1974F 戌月2시),75,81,86
2025-12-22,P094 (1974F 戌月2시),74,80,85
2025-12-23,P094 (1974F 戌月2시),81,87,92
2025-12-24,P094 (1974F 戌月2시),70,76,81
2025-12-25,P094 (1974F 戌月2시),65,71,76
2025-12-26,P094 (1974F 戌月2시),59,65,70
2025-12-27,P094 (1974F 戌月2시),57,63,68
2025-12-28,P094 (1974F 戌月2시),53,59,64
2025-12-29,P094 (1974F 戌月2시),57,63,68
2025-12-30,P094 (1974F 戌月2시),71,77,82
2025-12-31,P094 (1974F 戌月2시),64,70,75
2026-01-01,P094 (1974F 戌月2시),79,85,90
2026-01-02,P094 (1974F 戌月2시),80,86,91
2026-01-03,P094 (1974F 戌月2시),72,78,83
2026-01-04,P094 (1974F 戌月2시),69,75,80
2026-01-05,P094 (1974F 戌月2시),60,66,71
2026-01-06,P094 (1974F 戌月2시),60,66,71
2026-01-07,P094 (1974F 戌月2시),52,58,63
2026-01-08,P094 (1974F 戌月2시),49,55,60
2026-01-09,P094 (1974F 戌月2시),47,53,58
2026-01-10,P094 (1974F 戌月2시),50,56,61
2026-01-11,P094 (1974F 戌月2시),62,68,73
2026-01-12,P094 (1974F 戌月2시),59,65,70
2026-01-13,P094 (1974F 戌月2시),71,77,82
2026-01-14,P094 (1974F 戌月2시),66,72,77
2026-01-15,P094 (1974F 戌月2시),64,70,75
2026-01-16,P094 (1974F 戌月2시),71,77,82
2026-01-17,P094 (1974F 戌月2시),63,69,74
2026-01-18,P094 (1974F 戌月2시),59,65,70
2026-01-19,P094 (1974F 戌月2시),57,63,68
2026-01-20,P094 (1974F 戌月2시),51,57,62
2026-01-21,P094 (1974F 戌月2시),50,56,61
2026-01-22,P094 (1974F 戌月2시),61,67,72
2026-01-23,P094 (1974F 戌月2시),69,75,80
2026-01-24,P094 (1974F 戌月2시),64,70,75
2026-01-25,P094 (1974F 戌月2시),77,83,88
2026-01-26,P094 (1974F 戌月2시),81,87,92
2026-01-27,P094 (1974F 戌月2시),76,82,87
2026-01-28,P094 (1974F 戌月2시),73,79,84
2026-01-29,P094 (1974F 戌月2시),72,78,83
2026-01-30,P094 (1974F 戌月2시),65,71,76
2026-01-31,P094 (1974F 戌月2시),60,66,71
2026-02-01,P094 (1974F 戌月2시),60,66,71
2026-02-02,P094 (1974F 戌月2시),53,59,64
2026-02-03,P094 (1974F 戌月2시),59,65,70
2026-02-04,P094 (1974F 戌月2시),62,68,73
2026-02-05,P094 (1974F 戌月2시),70,76,81
2026-02-06,P094 (1974F 戌月2시),80,86,91
2026-02-07,P094 (1974F 戌月2시),75,81,86
2026-02-08,P094 (1974F 戌月2시),74,80,85
2026-02-09,P094 (1974F 戌月2시),73,79,84
2026-02-10,P094 (1974F 戌月2시),66,72,77
2026-02-11,P094 (1974F 戌月2시),64,70,75
2026-02-12,P094 (1974F 戌月2시),59,65,70
2026-02-13,P094 (1974F 戌月2시),55,61,66
2026-02-14,P094 (1974F 戌月2시),45,51,56
2026-02-15,P094 (1974F 戌月2시),60,66,71
2026-02-16,P094 (1974F 戌月2시),67,73,78
2026-02-17,P094 (1974F 戌月2시),68,74,79
2026-02-18,P094 (1974F 戌月2시),79,85,90
2026-02-19,P094 (1974F 戌月2시),69,75,80
2026-02-20,P094 (1974F 戌月2시),73,79,84
2026-02-21,P094 (1974F 戌月2시),72,78,83
2026-02-22,P094 (1974F 戌月2시),62,68,73
2026-02-23,P094 (1974F 戌月2시),61,67,72
2026-02-24,P094 (1974F 戌月2시),51,57,62
2026-02-25,P094 (1974F 戌月2시),55,61,66
2026-02-26,P094 (1974F 戌月2시),47,53,58
2026-02-27,P094 (1974F 戌月2시),58,64,69
2026-02-28,P094 (1974F 戌月2시),66,72,77
2026-03-01,P094 (1974F 戌月2시),63,69,74
2026-03-02,P094 (1974F 戌月2시),77,83,88
2026-03-03,P094 (1974F 戌月2시),73,79,84
2026-03-04,P094 (1974F 戌月2시),67,73,78
2026-03-05,P094 (1974F 戌月2시),68,74,79
2026-03-06,P094 (1974F 戌月2시),55,61,66
2026-03-07,P094 (1974F 戌月2시),59,65,70
2026-03-08,P094 (1974F 戌月2시),53,59,64
2026-03-09,P094 (1974F 戌月2시),48,54,59
2026-03-10,P094 (1974F 戌月2시),46,52,57
2026-03-11,P094 (1974F 戌月2시),49,55,60
2026-03-12,P094 (1974F 戌月2시),61,67,72
2026-03-13,P094 (1974F 戌月2시),60,66,71
2026-03-14,P094 (1974F 戌月2시),71,77,82
2026-03-15,P094 (1974F 戌月2시),69,75,80
2026-03-16,P094 (1974F 戌月2시),64,70,75
2026-03-17,P094 (1974F 戌月2시),70,76,81
2026-03-18,P094 (1974F 戌月2시),58,64,69
2026-03-19,P094 (1974F 戌月2시),55,61,66
2026-03-20,P094 (1974F 戌月2시),50,56,61
2026-03-21,P094 (1974F 戌月2시),45,51,56
2026-03-22,P094 (1974F 戌月2시),46,52,57
2026-03-23,P094 (1974F 戌月2시),53,59,64
2026-03-24,P094 (1974F 戌月2시),59,65,70
2026-03-25,P094 (1974F 戌月2시),55,61,66
2026-03-26,P094 (1974F 戌月2시),69,75,80
2026-03-27,P094 (1974F 戌月2시),71,77,82
2026-03-28,P094 (1974F 戌月2시),67,73,78
2026-03-29,P094 (1974F 戌月2시),63,69,74
2026-03-30,P094 (1974F 戌月2시),57,63,68
2026-03-31,P094 (1974F 戌月2시),53,59,64
2026-04-01,P094 (1974F 戌月2시),51,57,62
2026-04-02,P094 (1974F 戌月2시),50,56,61
2026-04-03,P094 (1974F 戌月2시),45,51,56
2026-04-04,P094 (1974F 戌月2시),48,54,59
2026-04-05,P094 (1974F 戌月2시),52,58,63
2026-04-06,P094 (1974F 戌月2시),60,66,71
2026-04-07,P094 (1974F 戌月2시),65,71,76
2026-04-08,P094 (1974F 戌月2시),63,69,74
2026-04-09,P094 (1974F 戌月2시),55,61,66
2026-04-10,P094 (1974F 戌月2시),57,63,68
2026-04-11,P094 (1974F 戌月2시),50,56,61
2026-04-12,P094 (1974F 戌月2시),57,63,68
2026-04-13,P094 (1974F 戌月2시),46,52,57
2026-04-14,P094 (1974F 戌月2시),48,54,59
2026-04-15,P094 (1974F 戌月2시),46,52,57
2026-04-16,P094 (1974F 戌月2시),55,61,66
2026-04-17,P094 (1974F 戌月2시),53,59,64
2026-04-18,P094 (1974F 戌月2시),59,65,70
2026-04-19,P094 (1974F 戌月2시),67,73,78
2026-04-20,P094 (1974F 戌月2시),65,71,76
2026-04-21,P094 (1974F 戌月2시),63,69,74
2026-04-22,P094 (1974F 戌月2시),63,69,74
2026-04-23,P094 (1974F 戌月2시),49,55,60
2026-04-24,P094 (1974F 戌月2시),56,62,67
2026-04-25,P094 (1974F 戌月2시),47,53,58
2026-04-26,P094 (1974F 戌月2시),48,54,59
2026-04-27,P094 (1974F 戌月2시),48,54,59
2026-04-28,P094 (1974F 戌月2시),51,57,62
2026-04-29,P094 (1974F 戌月2시),53,59,64
2026-04-30,P094 (1974F 戌月2시),56,62,67
2026-05-01,P094 (1974F 戌月2시),63,69,74
2026-05-02,P094 (1974F 戌月2시),62,68,73
2026-05-03,P094 (1974F 戌月2시),55,61,66
2026-05-04,P094 (1974F 戌月2시),60,66,71
2026-05-05,P094 (1974F 戌月2시),49,55,60
2026-05-06,P094 (1974F 戌月2시),48,54,59
2026-05-07,P094 (1974F 戌月2시),47,53,58
2026-05-08,P094 (1974F 戌月2시),49,55,60
2026-05-09,P094 (1974F 戌月2시),47,53,58
2026-05-10,P094 (1974F 戌月2시),48,54,59
2026-05-11,P094 (1974F 戌月2시),57,63,68
2026-05-12,P094 (1974F 戌月2시),53,59,64
2026-05-13,P094 (1974F 戌月2시),64,70,75
2026-05-14,P094 (1974F 戌月2시),59,65,70
2026-05-15,P094 (1974F 戌月2시),57,63,68
2026-05-16,P094 (1974F 戌月2시),63,69,74
2026-05-17,P094 (1974F 戌月2시),52,58,63
2026-05-18,P094 (1974F 戌月2시),51,57,62
2026-05-19,P094 (1974F 戌月2시),47,53,58
2026-05-20,P094 (1974F 戌月2시),48,54,59
2026-05-21,P094 (1974F 戌月2시),47,53,58
2026-05-22,P094 (1974F 戌月2시),48,54,59
2026-05-23,P094 (1974F 戌月2시),55,61,66
2026-05-24,P094 (1974F 戌月2시),51,57,62
2026-05-25,P094 (1974F 戌月2시),63,69,74
2026-05-26,P094 (1974F 戌月2시),68,74,79
2026-05-27,P094 (1974F 戌月2시),62,68,73
2026-05-28,P094 (1974F 戌月2시),58,64,69
2026-05-29,P094 (1974F 戌月2시),53,59,64
2026-05-30,P094 (1974F 戌月2시),50,56,61
2026-05-31,P094 (1974F 戌月2시),49,55,60
2025-12-03,P095 (1979M 未月20시),81,86,91
2025-12-04,P095 (1979M 未月20시),70,75,80
2025-12-05,P095 (1979M 未月20시),67,72,77
2025-12-06,P095 (1979M 未月20시),65,70,75
2025-12-07,P095 (1979M 未月20시),56,61,66
2025-12-08,P095 (1979M 未月20시),63,68,73
2025-12-09,P095 (1979M 未月20시),49,54,59
2025-12-10,P095 (1979M 未月20시),45,50,55
2025-12-11,P095 (1979M 未月20시),61,66,71
2025-12-12,P095 (1979M 未月20시),55,60,65
2025-12-13,P095 (1979M 未月20시),53,58,63
2025-12-14,P095 (1979M 未月20시),61,66,71
2025-12-15,P095 (1979M 未月20시),65,70,75
2025-12-16,P095 (1979M 未月20시),55,60,65
2025-12-17,P095 (1979M 未月20시),60,65,70
2025-12-18,P095 (1979M 未月20시),56,61,66
2025-12-19,P095 (1979M 未月20시),52,57,62
2025-12-20,P095 (1979M 未月20시),61,66,71
2025-12-21,P095 (1979M 未月20시),49,54,59
2025-12-22,P095 (1979M 未月20시),44,49,54
2025-12-23,P095 (1979M 未月20시),64,69,74
2025-12-24,P095 (1979M 未月20시),56,61,66
2025-12-25,P095 (1979M 未月20시),53,58,63
2025-12-26,P095 (1979M 未月20시),57,62,67
2025-12-27,P095 (1979M 未月20시),67,72,77
2025-12-28,P095 (1979M 未月20시),59,64,69
2025-12-29,P095 (1979M 未月20시),57,62,67
2025-12-30,P095 (1979M 未月20시),57,62,67
2025-12-31,P095 (1979M 未月20시),52,57,62
2026-01-01,P095 (1979M 未月20시),63,68,73
2026-01-02,P095 (1979M 未月20시),53,58,63
2026-01-03,P095 (1979M 未月20시),47,52,57
2026-01-04,P095 (1979M 未月20시),62,67,72
2026-01-05,P095 (1979M 未月20시),55,60,65
2026-01-06,P095 (1979M 未月20시),50,55,60
2026-01-07,P095 (1979M 未月20시),56,61,66
2026-01-08,P095 (1979M 未月20시),61,66,71
2026-01-09,P095 (1979M 未月20시),53,58,63
2026-01-10,P095 (1979M 未月20시),53,58,63
2026-01-11,P095 (1979M 未月20시),56,61,66
2026-01-12,P095 (1979M 未月20시),53,58,63
2026-01-13,P095 (1979M 未月20시),57,62,67
2026-01-14,P095 (1979M 未月20시),47,52,57
2026-01-15,P095 (1979M 未月20시),47,52,57
2026-01-16,P095 (1979M 未月20시),59,64,69
2026-01-17,P095 (1979M 未月20시),54,59,64
2026-01-18,P095 (1979M 未月20시),48,53,58
2026-01-19,P095 (1979M 未月20시),56,61,66
2026-01-20,P095 (1979M 未月20시),60,65,70
2026-01-21,P095 (1979M 未月20시),56,61,66
2026-01-22,P095 (1979M 未月20시),57,62,67
2026-01-23,P095 (1979M 未月20시),53,58,63
2026-01-24,P095 (1979M 未月20시),52,57,62
2026-01-25,P095 (1979M 未月20시),54,59,64
2026-01-26,P095 (1979M 未月20시),47,52,57
2026-01-27,P095 (1979M 未月20시),47,52,57
2026-01-28,P095 (1979M 未月20시),52,57,62
2026-01-29,P095 (1979M 未月20시),50,55,60
2026-01-30,P095 (1979M 未月20시),48,53,58
2026-01-31,P095 (1979M 未月20시),56,61,66
2026-02-01,P095 (1979M 未月20시),64,69,74
2026-02-02,P095 (1979M 未月20시),53,58,63
2026-02-03,P095 (1979M 未月20시),53,58,63
2026-02-04,P095 (1979M 未月20시),71,76,81
2026-02-05,P095 (1979M 未月20시),69,74,79
2026-02-06,P095 (1979M 未月20시),85,90,95
2026-02-07,P095 (1979M 未月20시),60,65,70
2026-02-08,P095 (1979M 未月20시),51,56,61
2026-02-09,P095 (1979M 未月20시),76,81,86
2026-02-10,P095 (1979M 未月20시),64,69,74
2026-02-11,P095 (1979M 未月20시),61,66,71
2026-02-12,P095 (1979M 未月20시),73,78,83
2026-02-13,P095 (1979M 未月20시),80,85,90
2026-02-14,P095 (1979M 未月20시),70,75,80
2026-02-15,P095 (1979M 未月20시),71,76,81
2026-02-16,P095 (1979M 未月20시),77,82,87
2026-02-17,P095 (1979M 未月20시),67,72,77
2026-02-18,P095 (1979M 未月20시),78,83,88
2026-02-19,P095 (1979M 未月20시),58,63,68
2026-02-20,P095 (1979M 未月20시),51,56,61
2026-02-21,P095 (1979M 未月20시),78,83,88
2026-02-22,P095 (1979M 未月20시),67,72,77
2026-02-23,P095 (1979M 未月20시),63,68,73
2026-02-24,P095 (1979M 未月20시),71,76,81
2026-02-25,P095 (1979M 未月20시),82,87,92
2026-02-26,P095 (1979M 未月20시),78,83,88
2026-02-27,P095 (1979M 未月20시),67,72,77
2026-02-28,P095 (1979M 未月20시),72,77,82
2026-03-01,P095 (1979M 未月20시),66,71,76
2026-03-02,P095 (1979M 未月20시),77,82,87
2026-03-03,P095 (1979M 未月20시),61,66,71
2026-03-04,P095 (1979M 未月20시),50,55,60
2026-03-05,P095 (1979M 未月20시),79,84,89
2026-03-06,P095 (1979M 未月20시),58,63,68
2026-03-07,P095 (1979M 未月20시),58,63,68
2026-03-08,P095 (1979M 未月20시),67,72,77
2026-03-09,P095 (1979M 未月20시),72,77,82
2026-03-10,P095 (1979M 未月20시),64,69,74
2026-03-11,P095 (1979M 未月20시),63,68,73
2026-03-12,P095 (1979M 未月20시),62,67,72
2026-03-13,P095 (1979M 未月20시),59,64,69
2026-03-14,P095 (1979M 未月20시),64,69,74
2026-03-15,P095 (1979M 未月20시),51,56,61
2026-03-16,P095 (1979M 未月20시),45,50,55
2026-03-17,P095 (1979M 未月20시),66,71,76
2026-03-18,P095 (1979M 未月20시),62,67,72
2026-03-19,P095 (1979M 未月20시),53,58,63
2026-03-20,P095 (1979M 未月20시),63,68,73
2026-03-21,P095 (1979M 未月20시),67,72,77
2026-03-22,P095 (1979M 未月20시),63,68,73
2026-03-23,P095 (1979M 未月20시),64,69,74
2026-03-24,P095 (1979M 未月20시),60,65,70
2026-03-25,P095 (1979M 未月20시),54,59,64
2026-03-26,P095 (1979M 未月20시),61,66,71
2026-03-27,P095 (1979M 未月20시),53,58,63
2026-03-28,P095 (1979M 未月20시),49,54,59
2026-03-29,P095 (1979M 未月20시),67,72,77
2026-03-30,P095 (1979M 未月20시),61,66,71
2026-03-31,P095 (1979M 未月20시),56,61,66
2026-04-01,P095 (1979M 未月20시),65,70,75
2026-04-02,P095 (1979M 未月20시),73,78,83
2026-04-03,P095 (1979M 未月20시),62,67,72
2026-04-04,P095 (1979M 未月20시),61,66,71
2026-04-05,P095 (1979M 未月20시),60,65,70
2026-04-06,P095 (1979M 未月20시),62,67,72
2026-04-07,P095 (1979M 未月20시),73,78,83
2026-04-08,P095 (1979M 未月20시),56,61,66
2026-04-09,P095 (1979M 未月20시),49,54,59
2026-04-10,P095 (1979M 未月20시),67,72,77
2026-04-11,P095 (1979M 未月20시),63,68,73
2026-04-12,P095 (1979M 未月20시),59,64,69
2026-04-13,P095 (1979M 未月20시),65,70,75
2026-04-14,P095 (1979M 未月20시),72,77,82
2026-04-15,P095 (1979M 未月20시),60,65,70
2026-04-16,P095 (1979M 未月20시),69,74,79
2026-04-17,P095 (1979M 未月20시),71,76,81
2026-04-18,P095 (1979M 未月20시),60,65,70
2026-04-19,P095 (1979M 未月20시),72,77,82
2026-04-20,P095 (1979M 未月20시),57,62,67
2026-04-21,P095 (1979M 未月20시),50,55,60
2026-04-22,P095 (1979M 未月20시),72,77,82
2026-04-23,P095 (1979M 未月20시),63,68,73
2026-04-24,P095 (1979M 未月20시),55,60,65
2026-04-25,P095 (1979M 未月20시),62,67,72
2026-04-26,P095 (1979M 未月20시),75,80,85
2026-04-27,P095 (1979M 未月20시),70,75,80
2026-04-28,P095 (1979M 未月20시),64,69,74
2026-04-29,P095 (1979M 未月20시),64,69,74
2026-04-30,P095 (1979M 未月20시),59,64,69
2026-05-01,P095 (1979M 未月20시),69,74,79
2026-05-02,P095 (1979M 未月20시),59,64,69
2026-05-03,P095 (1979M 未月20시),49,54,59
2026-05-04,P095 (1979M 未月20시),70,75,80
2026-05-05,P095 (1979M 未月20시),59,64,69
2026-05-06,P095 (1979M 未月20시),62,67,72
2026-05-07,P095 (1979M 未月20시),80,85,90
2026-05-08,P095 (1979M 未月20시),78,83,88
2026-05-09,P095 (1979M 未月20시),71,76,81
2026-05-10,P095 (1979M 未月20시),66,71,76
2026-05-11,P095 (1979M 未月20시),68,73,78
2026-05-12,P095 (1979M 未月20시),67,72,77
2026-05-13,P095 (1979M 未月20시),76,81,86
2026-05-14,P095 (1979M 未月20시),59,64,69
2026-05-15,P095 (1979M 未月20시),49,54,59
2026-05-16,P095 (1979M 未月20시),77,82,87
2026-05-17,P095 (1979M 未月20시),70,75,80
2026-05-18,P095 (1979M 未月20시),60,65,70
2026-05-19,P095 (1979M 未月20시),78,83,88
2026-05-20,P095 (1979M 未月20시),81,86,91
2026-05-21,P095 (1979M 未月20시),74,79,84
2026-05-22,P095 (1979M 未月20시),71,76,81
2026-05-23,P095 (1979M 未月20시),73,78,83
2026-05-24,P095 (1979M 未月20시),70,75,80
2026-05-25,P095 (1979M 未月20시),71,76,81
2026-05-26,P095 (1979M 未月20시),60,65,70
2026-05-27,P095 (1979M 未月20시),55,60,65
2026-05-28,P095 (1979M 未月20시),76,81,86
2026-05-29,P095 (1979M 未月20시),66,71,76
2026-05-30,P095 (1979M 未月20시),59,64,69
2026-05-31,P095 (1979M 未月20시),76,81,86
2025-12-03,P096 (1986F 辰月6시),66,63,68
2025-12-04,P096 (1986F 辰月6시),77,74,79
2025-12-05,P096 (1986F 辰月6시),57,54,59
2025-12-06,P096 (1986F 辰月6시),67,64,69
2025-12-07,P096 (1986F 辰月6시),55,52,57
2025-12-08,P096 (1986F 辰月6시),66,63,68
2025-12-09,P096 (1986F 辰月6시),63,60,65
2025-12-10,P096 (1986F 辰月6시),68,65,70
2025-12-11,P096 (1986F 辰月6시),75,72,77
2025-12-12,P096 (1986F 辰月6시),67,64,69
2025-12-13,P096 (1986F 辰月6시),62,59,64
2025-12-14,P096 (1986F 辰月6시),53,50,55
2025-12-15,P096 (1986F 辰月6시),60,57,62
2025-12-16,P096 (1986F 辰月6시),65,62,67
2025-12-17,P096 (1986F 辰月6시),47,44,49
2025-12-18,P096 (1986F 辰月6시),54,51,56
2025-12-19,P096 (1986F 辰月6시),60,57,62
2025-12-20,P096 (1986F 辰月6시),70,67,72
2025-12-21,P096 (1986F 辰月6시),63,60,65
2025-12-22,P096 (1986F 辰月6시),68,65,70
2025-12-23,P096 (1986F 辰月6시),73,70,75
2025-12-24,P096 (1986F 辰月6시),68,65,70
2025-12-25,P096 (1986F 辰月6시),70,67,72
2025-12-26,P096 (1986F 辰月6시),56,53,58
2025-12-27,P096 (1986F 辰月6시),63,60,65
2025-12-28,P096 (1986F 辰月6시),61,58,63
2025-12-29,P096 (1986F 辰月6시),51,48,53
2025-12-30,P096 (1986F 辰月6시),56,53,58
2025-12-31,P096 (1986F 辰月6시),59,56,61
2026-01-01,P096 (1986F 辰月6시),70,67,72
2026-01-02,P096 (1986F 辰月6시),61,58,63
2026-01-03,P096 (1986F 辰月6시),69,66,71
2026-01-04,P096 (1986F 辰月6시),80,77,82
2026-01-05,P096 (1986F 辰月6시),73,70,75
2026-01-06,P096 (1986F 辰月6시),77,74,79
2026-01-07,P096 (1986F 辰月6시),67,64,69
2026-01-08,P096 (1986F 辰月6시),65,62,67
2026-01-09,P096 (1986F 辰月6시),73,70,75
2026-01-10,P096 (1986F 辰月6시),50,47,52
2026-01-11,P096 (1986F 辰月6시),60,57,62
2026-01-12,P096 (1986F 辰月6시),60,57,62
2026-01-13,P096 (1986F 辰月6시),79,76,81
2026-01-14,P096 (1986F 辰月6시),72,69,74
2026-01-15,P096 (1986F 辰月6시),79,76,81
2026-01-16,P096 (1986F 辰月6시),80,77,82
2026-01-17,P096 (1986F 辰月6시),76,73,78
2026-01-18,P096 (1986F 辰月6시),67,64,69
2026-01-19,P096 (1986F 辰月6시),62,59,64
2026-01-20,P096 (1986F 辰月6시),60,57,62
2026-01-21,P096 (1986F 辰月6시),69,66,71
2026-01-22,P096 (1986F 辰月6시),47,44,49
2026-01-23,P096 (1986F 辰月6시),59,56,61
2026-01-24,P096 (1986F 辰月6시),60,57,62
2026-01-25,P096 (1986F 辰月6시),83,80,85
2026-01-26,P096 (1986F 辰月6시),71,68,73
2026-01-27,P096 (1986F 辰月6시),80,77,82
2026-01-28,P096 (1986F 辰月6시),80,77,82
2026-01-29,P096 (1986F 辰月6시),77,74,79
2026-01-30,P096 (1986F 辰月6시),70,67,72
2026-01-31,P096 (1986F 辰月6시),64,61,66
2026-02-01,P096 (1986F 辰月6시),59,56,61
2026-02-02,P096 (1986F 辰月6시),72,69,74
2026-02-03,P096 (1986F 辰月6시),54,51,56
2026-02-04,P096 (1986F 辰月6시),75,72,77
2026-02-05,P096 (1986F 辰月6시),77,74,79
2026-02-06,P096 (1986F 辰月6시),87,84,89
2026-02-07,P096 (1986F 辰月6시),85,82,87
2026-02-08,P096 (1986F 辰月6시),90,87,92
2026-02-09,P096 (1986F 辰月6시),89,86,91
2026-02-10,P096 (1986F 辰月6시),88,85,90
2026-02-11,P096 (1986F 辰月6시),82,79,84
2026-02-12,P096 (1986F 辰月6시),78,75,80
2026-02-13,P096 (1986F 辰月6시),82,79,84
2026-02-14,P096 (1986F 辰月6시),87,84,89
2026-02-15,P096 (1986F 辰月6시),66,63,68
2026-02-16,P096 (1986F 辰月6시),73,70,75
2026-02-17,P096 (1986F 辰月6시),81,78,83
2026-02-18,P096 (1986F 辰月6시),90,87,92
2026-02-19,P096 (1986F 辰月6시),81,78,83
2026-02-20,P096 (1986F 辰月6시),86,83,88
2026-02-21,P096 (1986F 辰月6시),83,80,85
2026-02-22,P096 (1986F 辰月6시),83,80,85
2026-02-23,P096 (1986F 辰月6시),83,80,85
2026-02-24,P096 (1986F 辰月6시),77,74,79
2026-02-25,P096 (1986F 辰月6시),75,72,77
2026-02-26,P096 (1986F 辰月6시),81,78,83
2026-02-27,P096 (1986F 辰月6시),64,61,66
2026-02-28,P096 (1986F 辰月6시),69,66,71
2026-03-01,P096 (1986F 辰月6시),73,70,75
2026-03-02,P096 (1986F 辰月6시),85,82,87
2026-03-03,P096 (1986F 辰月6시),78,75,80
2026-03-04,P096 (1986F 辰月6시),84,81,86
2026-03-05,P096 (1986F 辰月6시),85,82,87
2026-03-06,P096 (1986F 辰月6시),85,82,87
2026-03-07,P096 (1986F 辰月6시),78,75,80
2026-03-08,P096 (1986F 辰月6시),71,68,73
2026-03-09,P096 (1986F 辰月6시),69,66,71
2026-03-10,P096 (1986F 辰月6시),77,74,79
2026-03-11,P096 (1986F 辰月6시),54,51,56
2026-03-12,P096 (1986F 辰月6시),66,63,68
2026-03-13,P096 (1986F 辰月6시),64,61,66
2026-03-14,P096 (1986F 辰月6시),82,79,84
2026-03-15,P096 (1986F 辰月6시),78,75,80
2026-03-16,P096 (1986F 辰月6시),86,83,88
2026-03-17,P096 (1986F 辰月6시),86,83,88
2026-03-18,P096 (1986F 辰月6시),82,79,84
2026-03-19,P096 (1986F 辰月6시),79,76,81
2026-03-20,P096 (1986F 辰月6시),72,69,74
2026-03-21,P096 (1986F 辰月6시),70,67,72
2026-03-22,P096 (1986F 辰月6시),80,77,82
2026-03-23,P096 (1986F 辰月6시),55,52,57
2026-03-24,P096 (1986F 辰月6시),64,61,66
2026-03-25,P096 (1986F 辰月6시),69,66,71
2026-03-26,P096 (1986F 辰月6시),84,81,86
2026-03-27,P096 (1986F 辰月6시),74,71,76
2026-03-28,P096 (1986F 辰月6시),81,78,83
2026-03-29,P096 (1986F 辰月6시),82,79,84
2026-03-30,P096 (1986F 辰月6시),82,79,84
2026-03-31,P096 (1986F 辰月6시),76,73,78
2026-04-01,P096 (1986F 辰月6시),69,66,71
2026-04-02,P096 (1986F 辰月6시),67,64,69
2026-04-03,P096 (1986F 辰月6시),77,74,79
2026-04-04,P096 (1986F 辰月6시),59,56,61
2026-04-05,P096 (1986F 辰月6시),64,61,66
2026-04-06,P096 (1986F 辰月6시),65,62,67
2026-04-07,P096 (1986F 辰月6시),80,77,82
2026-04-08,P096 (1986F 辰月6시),73,70,75
2026-04-09,P096 (1986F 辰月6시),80,77,82
2026-04-10,P096 (1986F 辰月6시),81,78,83
2026-04-11,P096 (1986F 辰月6시),79,76,81
2026-04-12,P096 (1986F 辰月6시),72,69,74
2026-04-13,P096 (1986F 辰月6시),68,65,70
2026-04-14,P096 (1986F 辰月6시),72,69,74
2026-04-15,P096 (1986F 辰月6시),77,74,79
2026-04-16,P096 (1986F 辰月6시),52,49,54
2026-04-17,P096 (1986F 辰月6시),58,55,60
2026-04-18,P096 (1986F 辰月6시),65,62,67
2026-04-19,P096 (1986F 辰月6시),78,75,80
2026-04-20,P096 (1986F 辰月6시),65,62,67
2026-04-21,P096 (1986F 辰月6시),79,76,81
2026-04-22,P096 (1986F 辰月6시),80,77,82
2026-04-23,P096 (1986F 辰月6시),80,77,82
2026-04-24,P096 (1986F 辰月6시),78,75,80
2026-04-25,P096 (1986F 辰月6시),69,66,71
2026-04-26,P096 (1986F 辰月6시),70,67,72
2026-04-27,P096 (1986F 辰月6시),72,69,74
2026-04-28,P096 (1986F 辰月6시),55,52,57
2026-04-29,P096 (1986F 辰月6시),63,60,65
2026-04-30,P096 (1986F 辰月6시),69,66,71
2026-05-01,P096 (1986F 辰月6시),86,83,88
2026-05-02,P096 (1986F 辰月6시),68,65,70
2026-05-03,P096 (1986F 辰月6시),84,81,86
2026-05-04,P096 (1986F 辰月6시),86,83,88
2026-05-05,P096 (1986F 辰月6시),83,80,85
2026-05-06,P096 (1986F 辰月6시),62,59,64
2026-05-07,P096 (1986F 辰月6시),52,49,54
2026-05-08,P096 (1986F 辰月6시),53,50,55
2026-05-09,P096 (1986F 辰月6시),60,57,62
2026-05-10,P096 (1986F 辰月6시),46,43,48
2026-05-11,P096 (1986F 辰月6시),52,49,54
2026-05-12,P096 (1986F 辰月6시),49,46,51
2026-05-13,P096 (1986F 辰月6시),67,64,69
2026-05-14,P096 (1986F 辰月6시),59,56,61
2026-05-15,P096 (1986F 辰月6시),71,68,73
2026-05-16,P096 (1986F 辰月6시),74,71,76
2026-05-17,P096 (1986F 辰月6시),67,64,69
2026-05-18,P096 (1986F 辰月6시),58,55,60
2026-05-19,P096 (1986F 辰月6시),51,48,53
2026-05-20,P096 (1986F 辰月6시),49,46,51
2026-05-21,P096 (1986F 辰月6시),57,54,59
2026-05-22,P096 (1986F 辰月6시),44,41,46
2026-05-23,P096 (1986F 辰月6시),49,46,51
2026-05-24,P096 (1986F 辰月6시),47,44,49
2026-05-25,P096 (1986F 辰月6시),69,66,71
2026-05-26,P096 (1986F 辰月6시),57,54,59
2026-05-27,P096 (1986F 辰月6시),64,61,66
2026-05-28,P096 (1986F 辰月6시),65,62,67
2026-05-29,P096 (1986F 辰月6시),67,64,69
2026-05-30,P096 (1986F 辰月6시),56,53,58
2026-05-31,P096 (1986F 辰月6시),52,49,54
2025-12-03,P097 (1993M 子月18시),63,65,70
2025-12-04,P097 (1993M 子月18시),55,57,62
2025-12-05,P097 (1993M 子月18시),63,65,70
2025-12-06,P097 (1993M 子月18시),79,81,86
2025-12-07,P097 (1993M 子月18시),52,54,59
2025-12-08,P097 (1993M 子月18시),62,64,69
2025-12-09,P097 (1993M 子月18시),66,68,73
2025-12-10,P097 (1993M 子月18시),73,75,80
2025-12-11,P097 (1993M 子月18시),57,59,64
2025-12-12,P097 (1993M 子月18시),54,56,61
2025-12-13,P097 (1993M 子月18시),86,88,93
2025-12-14,P097 (1993M 子月18시),65,67,72
2025-12-15,P097 (1993M 子月18시),57,59,64
2025-12-16,P097 (1993M 子月18시),53,55,60
2025-12-17,P097 (1993M 子月18시),63,65,70
2025-12-18,P097 (1993M 子月18시),81,83,88
2025-12-19,P097 (1993M 子月18시),57,59,64
2025-12-20,P097 (1993M 子月18시),68,70,75
2025-12-21,P097 (1993M 子月18시),63,65,70
2025-12-22,P097 (1993M 子月18시),69,71,76
2025-12-23,P097 (1993M 子月18시),60,62,67
2025-12-24,P097 (1993M 子月18시),57,59,64
2025-12-25,P097 (1993M 子月18시),84,86,91
2025-12-26,P097 (1993M 子月18시),66,68,73
2025-12-27,P097 (1993M 子月18시),59,61,66
2025-12-28,P097 (1993M 子月18시),55,57,62
2025-12-29,P097 (1993M 子月18시),68,70,75
2025-12-30,P097 (1993M 子月18시),87,89,94
2025-12-31,P097 (1993M 子月18시),55,57,62
2026-01-01,P097 (1993M 子月18시),62,64,69
2026-01-02,P097 (1993M 子月18시),67,69,74
2026-01-03,P097 (1993M 子月18시),67,69,74
2026-01-04,P097 (1993M 子月18시),55,57,62
2026-01-05,P097 (1993M 子月18시),54,56,61
2026-01-06,P097 (1993M 子月18시),87,89,94
2026-01-07,P097 (1993M 子月18시),71,73,78
2026-01-08,P097 (1993M 子月18시),67,69,74
2026-01-09,P097 (1993M 子月18시),67,69,74
2026-01-10,P097 (1993M 子月18시),67,69,74
2026-01-11,P097 (1993M 子月18시),85,87,92
2026-01-12,P097 (1993M 子月18시),65,67,72
2026-01-13,P097 (1993M 子月18시),71,73,78
2026-01-14,P097 (1993M 子月18시),70,72,77
2026-01-15,P097 (1993M 子月18시),75,77,82
2026-01-16,P097 (1993M 子月18시),59,61,66
2026-01-17,P097 (1993M 子月18시),60,62,67
2026-01-18,P097 (1993M 子月18시),86,88,93
2026-01-19,P097 (1993M 子月18시),76,78,83
2026-01-20,P097 (1993M 子月18시),64,66,71
2026-01-21,P097 (1993M 子月18시),62,64,69
2026-01-22,P097 (1993M 子月18시),74,76,81
2026-01-23,P097 (1993M 子月18시),90,92,97
2026-01-24,P097 (1993M 子月18시),58,60,65
2026-01-25,P097 (1993M 子月18시),66,68,73
2026-01-26,P097 (1993M 子月18시),67,69,74
2026-01-27,P097 (1993M 子月18시),72,74,79
2026-01-28,P097 (1993M 子月18시),63,65,70
2026-01-29,P097 (1993M 子月18시),62,64,69
2026-01-30,P097 (1993M 子月18시),86,88,93
2026-01-31,P097 (1993M 子月18시),69,71,76
2026-02-01,P097 (1993M 子月18시),65,67,72
2026-02-02,P097 (1993M 子月18시),61,63,68
2026-02-03,P097 (1993M 子月18시),66,68,73
2026-02-04,P097 (1993M 子月18시),71,73,78
2026-02-05,P097 (1993M 子月18시),45,47,52
2026-02-06,P097 (1993M 子月18시),52,54,59
2026-02-07,P097 (1993M 子月18시),55,57,62
2026-02-08,P097 (1993M 子月18시),61,63,68
2026-02-09,P097 (1993M 子月18시),47,49,54
2026-02-10,P097 (1993M 子月18시),48,50,55
2026-02-11,P097 (1993M 子月18시),78,80,85
2026-02-12,P097 (1993M 子月18시),58,60,65
2026-02-13,P097 (1993M 子月18시),53,55,60
2026-02-14,P097 (1993M 子月18시),47,49,54
2026-02-15,P097 (1993M 子月18시),54,56,61
2026-02-16,P097 (1993M 子月18시),70,72,77
2026-02-17,P097 (1993M 子月18시),48,50,55
2026-02-18,P097 (1993M 子月18시),58,60,65
2026-02-19,P097 (1993M 子月18시),55,57,62
2026-02-20,P097 (1993M 子月18시),58,60,65
2026-02-21,P097 (1993M 子月18시),50,52,57
2026-02-22,P097 (1993M 子月18시),52,54,59
2026-02-23,P097 (1993M 子月18시),74,76,81
2026-02-24,P097 (1993M 子月18시),55,57,62
2026-02-25,P097 (1993M 子月18시),52,54,59
2026-02-26,P097 (1993M 子月18시),49,51,56
2026-02-27,P097 (1993M 子月18시),58,60,65
2026-02-28,P097 (1993M 子月18시),77,79,84
2026-03-01,P097 (1993M 子月18시),48,50,55
2026-03-02,P097 (1993M 子月18시),55,57,62
2026-03-03,P097 (1993M 子月18시),60,62,67
2026-03-04,P097 (1993M 子月18시),63,65,70
2026-03-05,P097 (1993M 子月18시),49,51,56
2026-03-06,P097 (1993M 子月18시),56,58,63
2026-03-07,P097 (1993M 子月18시),77,79,84
2026-03-08,P097 (1993M 子月18시),56,58,63
2026-03-09,P097 (1993M 子月18시),57,59,64
2026-03-10,P097 (1993M 子月18시),51,53,58
2026-03-11,P097 (1993M 子月18시),53,55,60
2026-03-12,P097 (1993M 子月18시),73,75,80
2026-03-13,P097 (1993M 子月18시),48,50,55
2026-03-14,P097 (1993M 子月18시),59,61,66
2026-03-15,P097 (1993M 子月18시),57,59,64
2026-03-16,P097 (1993M 子月18시),63,65,70
2026-03-17,P097 (1993M 子月18시),50,52,57
2026-03-18,P097 (1993M 子月18시),53,55,60
2026-03-19,P097 (1993M 子月18시),76,78,83
2026-03-20,P097 (1993M 子月18시),59,61,66
2026-03-21,P097 (1993M 子月18시),54,56,61
2026-03-22,P097 (1993M 子月18시),52,54,59
2026-03-23,P097 (1993M 子月18시),56,58,63
2026-03-24,P097 (1993M 子月18시),79,81,86
2026-03-25,P097 (1993M 子月18시),48,50,55
2026-03-26,P097 (1993M 子月18시),57,59,64
2026-03-27,P097 (1993M 子月18시),56,58,63
2026-03-28,P097 (1993M 子月18시),58,60,65
2026-03-29,P097 (1993M 子月18시),48,50,55
2026-03-30,P097 (1993M 子月18시),54,56,61
2026-03-31,P097 (1993M 子月18시),70,72,77
2026-04-01,P097 (1993M 子月18시),58,60,65
2026-04-02,P097 (1993M 子月18시),57,59,64
2026-04-03,P097 (1993M 子月18시),53,55,60
2026-04-04,P097 (1993M 子月18시),57,59,64
2026-04-05,P097 (1993M 子月18시),91,93,98
2026-04-06,P097 (1993M 子月18시),70,72,77
2026-04-07,P097 (1993M 子月18시),78,80,85
2026-04-08,P097 (1993M 子月18시),79,81,86
2026-04-09,P097 (1993M 子月18시),85,87,92
2026-04-10,P097 (1993M 子月18시),69,71,76
2026-04-11,P097 (1993M 子月18시),70,72,77
2026-04-12,P097 (1993M 子月18시),90,92,97
2026-04-13,P097 (1993M 子月18시),82,84,89
2026-04-14,P097 (1993M 子月18시),76,78,83
2026-04-15,P097 (1993M 子月18시),72,74,79
2026-04-16,P097 (1993M 子月18시),77,79,84
2026-04-17,P097 (1993M 子月18시),88,90,95
2026-04-18,P097 (1993M 子月18시),71,73,78
2026-04-19,P097 (1993M 子月18시),79,81,86
2026-04-20,P097 (1993M 子月18시),73,75,80
2026-04-21,P097 (1993M 子月18시),77,79,84
2026-04-22,P097 (1993M 子月18시),70,72,77
2026-04-23,P097 (1993M 子月18시),72,74,79
2026-04-24,P097 (1993M 子月18시),87,89,94
2026-04-25,P097 (1993M 子月18시),79,81,86
2026-04-26,P097 (1993M 子月18시),76,78,83
2026-04-27,P097 (1993M 子月18시),69,71,76
2026-04-28,P097 (1993M 子月18시),80,82,87
2026-04-29,P097 (1993M 子月18시),91,93,98
2026-04-30,P097 (1993M 子月18시),66,68,73
2026-05-01,P097 (1993M 子月18시),74,76,81
2026-05-02,P097 (1993M 子月18시),79,81,86
2026-05-03,P097 (1993M 子月18시),80,82,87
2026-05-04,P097 (1993M 子月18시),63,65,70
2026-05-05,P097 (1993M 子月18시),69,71,76
2026-05-06,P097 (1993M 子月18시),80,82,87
2026-05-07,P097 (1993M 子月18시),59,61,66
2026-05-08,P097 (1993M 子月18시),57,59,64
2026-05-09,P097 (1993M 子月18시),56,58,63
2026-05-10,P097 (1993M 子月18시),58,60,65
2026-05-11,P097 (1993M 子月18시),76,78,83
2026-05-12,P097 (1993M 子月18시),54,56,61
2026-05-13,P097 (1993M 子月18시),65,67,72
2026-05-14,P097 (1993M 子月18시),61,63,68
2026-05-15,P097 (1993M 子月18시),67,69,74
2026-05-16,P097 (1993M 子月18시),52,54,59
2026-05-17,P097 (1993M 子月18시),52,54,59
2026-05-18,P097 (1993M 子月18시),82,84,89
2026-05-19,P097 (1993M 子月18시),65,67,72
2026-05-20,P097 (1993M 子月18시),55,57,62
2026-05-21,P097 (1993M 子月18시),52,54,59
2026-05-22,P097 (1993M 子月18시),63,65,70
2026-05-23,P097 (1993M 子月18시),80,82,87
2026-05-24,P097 (1993M 子月18시),51,53,58
2026-05-25,P097 (1993M 子月18시),60,62,67
2026-05-26,P097 (1993M 子月18시),59,61,66
2026-05-27,P097 (1993M 子月18시),62,64,69
2026-05-28,P097 (1993M 子月18시),53,55,60
2026-05-29,P097 (1993M 子月18시),55,57,62
2026-05-30,P097 (1993M 子月18시),80,82,87
2026-05-31,P097 (1993M 子月18시),60,62,67
2025-12-03,P098 (1998F 亥月12시),75,81,86
2025-12-04,P098 (1998F 亥月12시),76,82,87
2025-12-05,P098 (1998F 亥月12시),60,66,71
2025-12-06,P098 (1998F 亥月12시),70,76,81
2025-12-07,P098 (1998F 亥月12시),64,70,75
2025-12-08,P098 (1998F 亥月12시),66,72,77
2025-12-09,P098 (1998F 亥月12시),56,62,67
2025-12-10,P098 (1998F 亥月12시),52,58,63
2025-12-11,P098 (1998F 亥月12시),58,64,69
2025-12-12,P098 (1998F 亥月12시),58,64,69
2025-12-13,P098 (1998F 亥月12시),57,63,68
2025-12-14,P098 (1998F 亥月12시),57,63,68
2025-12-15,P098 (1998F 亥月12시),65,71,76
2025-12-16,P098 (1998F 亥月12시),64,70,75
2025-12-17,P098 (1998F 亥月12시),56,62,67
2025-12-18,P098 (1998F 亥月12시),58,64,69
2025-12-19,P098 (1998F 亥月12시),63,69,74
2025-12-20,P098 (1998F 亥月12시),65,71,76
2025-12-21,P098 (1998F 亥月12시),58,64,69
2025-12-22,P098 (1998F 亥月12시),53,59,64
2025-12-23,P098 (1998F 亥月12시),55,61,66
2025-12-24,P098 (1998F 亥月12시),59,65,70
2025-12-25,P098 (1998F 亥月12시),55,61,66
2025-12-26,P098 (1998F 亥月12시),56,62,67
2025-12-27,P098 (1998F 亥月12시),65,71,76
2025-12-28,P098 (1998F 亥月12시),59,65,70
2025-12-29,P098 (1998F 亥月12시),52,58,63
2025-12-30,P098 (1998F 亥月12시),52,58,63
2025-12-31,P098 (1998F 亥月12시),67,73,78
2026-01-01,P098 (1998F 亥月12시),67,73,78
2026-01-02,P098 (1998F 亥月12시),56,62,67
2026-01-03,P098 (1998F 亥月12시),54,60,65
2026-01-04,P098 (1998F 亥月12시),54,60,65
2026-01-05,P098 (1998F 亥月12시),57,63,68
2026-01-06,P098 (1998F 亥月12시),55,61,66
2026-01-07,P098 (1998F 亥月12시),48,54,59
2026-01-08,P098 (1998F 亥月12시),59,65,70
2026-01-09,P098 (1998F 亥月12시),59,65,70
2026-01-10,P098 (1998F 亥月12시),48,54,59
2026-01-11,P098 (1998F 亥月12시),55,61,66
2026-01-12,P098 (1998F 亥月12시),58,64,69
2026-01-13,P098 (1998F 亥月12시),64,70,75
2026-01-14,P098 (1998F 亥月12시),50,56,61
2026-01-15,P098 (1998F 亥月12시),51,57,62
2026-01-16,P098 (1998F 亥月12시),51,57,62
2026-01-17,P098 (1998F 亥月12시),58,64,69
2026-01-18,P098 (1998F 亥月12시),52,58,63
2026-01-19,P098 (1998F 亥月12시),49,55,60
2026-01-20,P098 (1998F 亥月12시),64,70,75
2026-01-21,P098 (1998F 亥月12시),62,68,73
2026-01-22,P098 (1998F 亥月12시),50,56,61
2026-01-23,P098 (1998F 亥月12시),53,59,64
2026-01-24,P098 (1998F 亥月12시),59,65,70
2026-01-25,P098 (1998F 亥月12시),65,71,76
2026-01-26,P098 (1998F 亥月12시),53,59,64
2026-01-27,P098 (1998F 亥月12시),56,62,67
2026-01-28,P098 (1998F 亥月12시),50,56,61
2026-01-29,P098 (1998F 亥月12시),55,61,66
2026-01-30,P098 (1998F 亥月12시),53,59,64
2026-01-31,P098 (1998F 亥月12시),52,58,63
2026-02-01,P098 (1998F 亥月12시),61,67,72
2026-02-02,P098 (1998F 亥月12시),62,68,73
2026-02-03,P098 (1998F 亥月12시),49,55,60
2026-02-04,P098 (1998F 亥月12시),51,57,62
2026-02-05,P098 (1998F 亥月12시),58,64,69
2026-02-06,P098 (1998F 亥月12시),61,67,72
2026-02-07,P098 (1998F 亥月12시),50,56,61
2026-02-08,P098 (1998F 亥月12시),49,55,60
2026-02-09,P098 (1998F 亥月12시),52,58,63
2026-02-10,P098 (1998F 亥月12시),54,60,65
2026-02-11,P098 (1998F 亥月12시),52,58,63
2026-02-12,P098 (1998F 亥月12시),51,57,62
2026-02-13,P098 (1998F 亥月12시),60,66,71
2026-02-14,P098 (1998F 亥月12시),57,63,68
2026-02-15,P098 (1998F 亥月12시),52,58,63
2026-02-16,P098 (1998F 亥月12시),52,58,63
2026-02-17,P098 (1998F 亥月12시),55,61,66
2026-02-18,P098 (1998F 亥月12시),58,64,69
2026-02-19,P098 (1998F 亥月12시),53,59,64
2026-02-20,P098 (1998F 亥月12시),52,58,63
2026-02-21,P098 (1998F 亥月12시),51,57,62
2026-02-22,P098 (1998F 亥月12시),52,58,63
2026-02-23,P098 (1998F 亥月12시),50,56,61
2026-02-24,P098 (1998F 亥月12시),53,59,64
2026-02-25,P098 (1998F 亥月12시),61,67,72
2026-02-26,P098 (1998F 亥月12시),56,62,67
2026-02-27,P098 (1998F 亥月12시),51,57,62
2026-02-28,P098 (1998F 亥月12시),50,56,61
2026-03-01,P098 (1998F 亥月12시),61,67,72
2026-03-02,P098 (1998F 亥月12시),62,68,73
2026-03-03,P098 (1998F 亥月12시),52,58,63
2026-03-04,P098 (1998F 亥月12시),52,58,63
2026-03-05,P098 (1998F 亥月12시),51,57,62
2026-03-06,P098 (1998F 亥月12시),59,65,70
2026-03-07,P098 (1998F 亥月12시),62,68,73
2026-03-08,P098 (1998F 亥月12시),54,60,65
2026-03-09,P098 (1998F 亥月12시),66,72,77
2026-03-10,P098 (1998F 亥月12시),65,71,76
2026-03-11,P098 (1998F 亥月12시),55,61,66
2026-03-12,P098 (1998F 亥月12시),62,68,73
2026-03-13,P098 (1998F 亥月12시),66,72,77
2026-03-14,P098 (1998F 亥月12시),70,76,81
2026-03-15,P098 (1998F 亥月12시),55,61,66
2026-03-16,P098 (1998F 亥月12시),57,63,68
2026-03-17,P098 (1998F 亥月12시),55,61,66
2026-03-18,P098 (1998F 亥月12시),63,69,74
2026-03-19,P098 (1998F 亥月12시),57,63,68
2026-03-20,P098 (1998F 亥月12시),52,58,63
2026-03-21,P098 (1998F 亥月12시),69,75,80
2026-03-22,P098 (1998F 亥月12시),68,74,79
2026-03-23,P098 (1998F 亥月12시),54,60,65
2026-03-24,P098 (1998F 亥月12시),58,64,69
2026-03-25,P098 (1998F 亥月12시),64,70,75
2026-03-26,P098 (1998F 亥月12시),68,74,79
2026-03-27,P098 (1998F 亥月12시),56,62,67
2026-03-28,P098 (1998F 亥月12시),60,66,71
2026-03-29,P098 (1998F 亥月12시),53,59,64
2026-03-30,P098 (1998F 亥月12시),59,65,70
2026-03-31,P098 (1998F 亥月12시),55,61,66
2026-04-01,P098 (1998F 亥月12시),53,59,64
2026-04-02,P098 (1998F 亥月12시),62,68,73
2026-04-03,P098 (1998F 亥月12시),61,67,72
2026-04-04,P098 (1998F 亥月12시),51,57,62
2026-04-05,P098 (1998F 亥月12시),61,67,72
2026-04-06,P098 (1998F 亥月12시),72,78,83
2026-04-07,P098 (1998F 亥月12시),74,80,85
2026-04-08,P098 (1998F 亥月12시),52,58,63
2026-04-09,P098 (1998F 亥月12시),60,66,71
2026-04-10,P098 (1998F 亥月12시),55,61,66
2026-04-11,P098 (1998F 亥月12시),64,70,75
2026-04-12,P098 (1998F 亥月12시),53,59,64
2026-04-13,P098 (1998F 亥月12시),53,59,64
2026-04-14,P098 (1998F 亥月12시),69,75,80
2026-04-15,P098 (1998F 亥月12시),67,73,78
2026-04-16,P098 (1998F 亥月12시),56,62,67
2026-04-17,P098 (1998F 亥月12시),65,71,76
2026-04-18,P098 (1998F 亥月12시),66,72,77
2026-04-19,P098 (1998F 亥月12시),71,77,82
2026-04-20,P098 (1998F 亥月12시),56,62,67
2026-04-21,P098 (1998F 亥月12시),63,69,74
2026-04-22,P098 (1998F 亥月12시),54,60,65
2026-04-23,P098 (1998F 亥月12시),61,67,72
2026-04-24,P098 (1998F 亥月12시),58,64,69
2026-04-25,P098 (1998F 亥月12시),53,59,64
2026-04-26,P098 (1998F 亥月12시),73,79,84
2026-04-27,P098 (1998F 亥月12시),69,75,80
2026-04-28,P098 (1998F 亥月12시),50,56,61
2026-04-29,P098 (1998F 亥月12시),61,67,72
2026-04-30,P098 (1998F 亥月12시),64,70,75
2026-05-01,P098 (1998F 亥月12시),74,80,85
2026-05-02,P098 (1998F 亥月12시),53,59,64
2026-05-03,P098 (1998F 亥月12시),58,64,69
2026-05-04,P098 (1998F 亥月12시),51,57,62
2026-05-05,P098 (1998F 亥月12시),61,67,72
2026-05-06,P098 (1998F 亥月12시),51,57,62
2026-05-07,P098 (1998F 亥月12시),48,54,59
2026-05-08,P098 (1998F 亥月12시),56,62,67
2026-05-09,P098 (1998F 亥月12시),55,61,66
2026-05-10,P098 (1998F 亥月12시),49,55,60
2026-05-11,P098 (1998F 亥月12시),52,58,63
2026-05-12,P098 (1998F 亥月12시),54,60,65
2026-05-13,P098 (1998F 亥月12시),57,63,68
2026-05-14,P098 (1998F 亥月12시),47,53,58
2026-05-15,P098 (1998F 亥月12시),49,55,60
2026-05-16,P098 (1998F 亥月12시),50,56,61
2026-05-17,P098 (1998F 亥月12시),52,58,63
2026-05-18,P098 (1998F 亥月12시),50,56,61
2026-05-19,P098 (1998F 亥月12시),49,55,60
2026-05-20,P098 (1998F 亥月12시),58,64,69
2026-05-21,P098 (1998F 亥月12시),60,66,71
2026-05-22,P098 (1998F 亥月12시),50,56,61
2026-05-23,P098 (1998F 亥月12시),50,56,61
2026-05-24,P098 (1998F 亥月12시),54,60,65
2026-05-25,P098 (1998F 亥月12시),58,64,69
2026-05-26,P098 (1998F 亥月12시),50,56,61
2026-05-27,P098 (1998F 亥月12시),53,59,64
2026-05-28,P098 (1998F 亥月12시),49,55,60
2026-05-29,P098 (1998F 亥月12시),52,58,63
2026-05-30,P098 (1998F 亥月12시),53,59,64
2026-05-31,P098 (1998F 亥月12시),51,57,62
2025-12-03,P099 (1961M 午月8시),48,54,59
2025-12-04,P099 (1961M 午月8시),46,52,57
2025-12-05,P099 (1961M 午月8시),51,57,62
2025-12-06,P099 (1961M 午月8시),62,68,73
2025-12-07,P099 (1961M 午月8시),51,57,62
2025-12-08,P099 (1961M 午月8시),56,62,67
2025-12-09,P099 (1961M 午月8시),57,63,68
2025-12-10,P099 (1961M 午月8시),60,66,71
2025-12-11,P099 (1961M 午月8시),61,67,72
2025-12-12,P099 (1961M 午月8시),53,59,64
2025-12-13,P099 (1961M 午月8시),66,72,77
2025-12-14,P099 (1961M 午月8시),66,72,77
2025-12-15,P099 (1961M 午月8시),55,61,66
2025-12-16,P099 (1961M 午月8시),51,57,62
2025-12-17,P099 (1961M 午月8시),64,70,75
2025-12-18,P099 (1961M 午月8시),70,76,81
2025-12-19,P099 (1961M 午月8시),52,58,63
2025-12-20,P099 (1961M 午月8시),58,64,69
2025-12-21,P099 (1961M 午月8시),59,65,70
2025-12-22,P099 (1961M 午月8시),58,64,69
2025-12-23,P099 (1961M 午月8시),59,65,70
2025-12-24,P099 (1961M 午月8시),56,62,67
2025-12-25,P099 (1961M 午月8시),63,69,74
2025-12-26,P099 (1961M 午月8시),63,69,74
2025-12-27,P099 (1961M 午月8시),61,67,72
2025-12-28,P099 (1961M 午月8시),54,60,65
2025-12-29,P099 (1961M 午月8시),67,73,78
2025-12-30,P099 (1961M 午月8시),67,73,78
2025-12-31,P099 (1961M 午月8시),52,58,63
2026-01-01,P099 (1961M 午月8시),56,62,67
2026-01-02,P099 (1961M 午月8시),60,66,71
2026-01-03,P099 (1961M 午月8시),61,67,72
2026-01-04,P099 (1961M 午月8시),57,63,68
2026-01-05,P099 (1961M 午月8시),53,59,64
2026-01-06,P099 (1961M 午月8시),68,74,79
2026-01-07,P099 (1961M 午月8시),62,68,73
2026-01-08,P099 (1961M 午月8시),61,67,72
2026-01-09,P099 (1961M 午月8시),48,54,59
2026-01-10,P099 (1961M 午月8시),65,71,76
2026-01-11,P099 (1961M 午月8시),62,68,73
2026-01-12,P099 (1961M 午月8시),50,56,61
2026-01-13,P099 (1961M 午月8시),57,63,68
2026-01-14,P099 (1961M 午月8시),51,57,62
2026-01-15,P099 (1961M 午月8시),60,66,71
2026-01-16,P099 (1961M 午月8시),57,63,68
2026-01-17,P099 (1961M 午月8시),56,62,67
2026-01-18,P099 (1961M 午月8시),72,78,83
2026-01-19,P099 (1961M 午月8시),60,66,71
2026-01-20,P099 (1961M 午月8시),63,69,74
2026-01-21,P099 (1961M 午月8시),47,53,58
2026-01-22,P099 (1961M 午月8시),62,68,73
2026-01-23,P099 (1961M 午月8시),68,74,79
2026-01-24,P099 (1961M 午月8시),48,54,59
2026-01-25,P099 (1961M 午月8시),60,66,71
2026-01-26,P099 (1961M 午月8시),57,63,68
2026-01-27,P099 (1961M 午月8시),58,64,69
2026-01-28,P099 (1961M 午月8시),58,64,69
2026-01-29,P099 (1961M 午月8시),52,58,63
2026-01-30,P099 (1961M 午月8시),70,76,81
2026-01-31,P099 (1961M 午月8시),58,64,69
2026-02-01,P099 (1961M 午月8시),55,61,66
2026-02-02,P099 (1961M 午月8시),50,56,61
2026-02-03,P099 (1961M 午月8시),56,62,67
2026-02-04,P099 (1961M 午月8시),57,63,68
2026-02-05,P099 (1961M 午月8시),45,51,56
2026-02-06,P099 (1961M 午月8시),48,54,59
2026-02-07,P099 (1961M 午月8시),50,56,61
2026-02-08,P099 (1961M 午月8시),50,56,61
2026-02-09,P099 (1961M 午月8시),53,59,64
2026-02-10,P099 (1961M 午月8시),48,54,59
2026-02-11,P099 (1961M 午月8시),60,66,71
2026-02-12,P099 (1961M 午月8시),59,65,70
2026-02-13,P099 (1961M 午月8시),51,57,62
2026-02-14,P099 (1961M 午月8시),48,54,59
2026-02-15,P099 (1961M 午月8시),59,65,70
2026-02-16,P099 (1961M 午月8시),61,67,72
2026-02-17,P099 (1961M 午月8시),46,52,57
2026-02-18,P099 (1961M 午月8시),50,56,61
2026-02-19,P099 (1961M 午月8시),52,58,63
2026-02-20,P099 (1961M 午月8시),50,56,61
2026-02-21,P099 (1961M 午月8시),53,59,64
2026-02-22,P099 (1961M 午月8시),50,56,61
2026-02-23,P099 (1961M 午月8시),54,60,65
2026-02-24,P099 (1961M 午月8시),54,60,65
2026-02-25,P099 (1961M 午月8시),52,58,63
2026-02-26,P099 (1961M 午月8시),50,56,61
2026-02-27,P099 (1961M 午月8시),58,64,69
2026-02-28,P099 (1961M 午月8시),59,65,70
2026-03-01,P099 (1961M 午月8시),48,54,59
2026-03-02,P099 (1961M 午月8시),50,56,61
2026-03-03,P099 (1961M 午月8시),53,59,64
2026-03-04,P099 (1961M 午月8시),54,60,65
2026-03-05,P099 (1961M 午月8시),52,58,63
2026-03-06,P099 (1961M 午月8시),57,63,68
2026-03-07,P099 (1961M 午月8시),66,72,77
2026-03-08,P099 (1961M 午月8시),56,62,67
2026-03-09,P099 (1961M 午月8시),60,66,71
2026-03-10,P099 (1961M 午月8시),47,53,58
2026-03-11,P099 (1961M 午月8시),66,72,77
2026-03-12,P099 (1961M 午月8시),64,70,75
2026-03-13,P099 (1961M 午月8시),49,55,60
2026-03-14,P099 (1961M 午月8시),61,67,72
2026-03-15,P099 (1961M 午月8시),52,58,63
2026-03-16,P099 (1961M 午月8시),63,69,74
2026-03-17,P099 (1961M 午月8시),56,62,67
2026-03-18,P099 (1961M 午月8시),56,62,67
2026-03-19,P099 (1961M 午月8시),73,79,84
2026-03-20,P099 (1961M 午月8시),57,63,68
2026-03-21,P099 (1961M 午月8시),64,70,75
2026-03-22,P099 (1961M 午月8시),50,56,61
2026-03-23,P099 (1961M 午月8시),65,71,76
2026-03-24,P099 (1961M 午月8시),70,76,81
2026-03-25,P099 (1961M 午月8시),49,55,60
2026-03-26,P099 (1961M 午月8시),62,68,73
2026-03-27,P099 (1961M 午月8시),53,59,64
2026-03-28,P099 (1961M 午月8시),57,63,68
2026-03-29,P099 (1961M 午月8시),57,63,68
2026-03-30,P099 (1961M 午月8시),50,56,61
2026-03-31,P099 (1961M 午月8시),66,72,77
2026-04-01,P099 (1961M 午月8시),54,60,65
2026-04-02,P099 (1961M 午月8시),57,63,68
2026-04-03,P099 (1961M 午月8시),47,53,58
2026-04-04,P099 (1961M 午月8시),56,62,67
2026-04-05,P099 (1961M 午月8시),77,83,88
2026-04-06,P099 (1961M 午月8시),59,65,70
2026-04-07,P099 (1961M 午月8시),68,74,79
2026-04-08,P099 (1961M 午月8시),65,71,76
2026-04-09,P099 (1961M 午月8시),66,72,77
2026-04-10,P099 (1961M 午月8시),63,69,74
2026-04-11,P099 (1961M 午月8시),62,68,73
2026-04-12,P099 (1961M 午月8시),75,81,86
2026-04-13,P099 (1961M 午月8시),70,76,81
2026-04-14,P099 (1961M 午月8시),61,67,72
2026-04-15,P099 (1961M 午月8시),56,62,67
2026-04-16,P099 (1961M 午月8시),70,76,81
2026-04-17,P099 (1961M 午月8시),76,82,87
2026-04-18,P099 (1961M 午月8시),58,64,69
2026-04-19,P099 (1961M 午月8시),63,69,74
2026-04-20,P099 (1961M 午月8시),63,69,74
2026-04-21,P099 (1961M 午月8시),64,70,75
2026-04-22,P099 (1961M 午月8시),66,72,77
2026-04-23,P099 (1961M 午月8시),65,71,76
2026-04-24,P099 (1961M 午月8시),68,74,79
2026-04-25,P099 (1961M 午月8시),70,76,81
2026-04-26,P099 (1961M 午月8시),69,75,80
2026-04-27,P099 (1961M 午月8시),61,67,72
2026-04-28,P099 (1961M 午月8시),78,84,89
2026-04-29,P099 (1961M 午月8시),74,80,85
2026-04-30,P099 (1961M 午月8시),58,64,69
2026-05-01,P099 (1961M 午月8시),64,70,75
2026-05-02,P099 (1961M 午月8시),63,69,74
2026-05-03,P099 (1961M 午月8시),69,75,80
2026-05-04,P099 (1961M 午月8시),63,69,74
2026-05-05,P099 (1961M 午月8시),65,71,76
2026-05-06,P099 (1961M 午月8시),77,83,88
2026-05-07,P099 (1961M 午月8시),65,71,76
2026-05-08,P099 (1961M 午月8시),71,77,82
2026-05-09,P099 (1961M 午月8시),52,58,63
2026-05-10,P099 (1961M 午月8시),74,80,85
2026-05-11,P099 (1961M 午月8시),71,77,82
2026-05-12,P099 (1961M 午月8시),52,58,63
2026-05-13,P099 (1961M 午月8시),65,71,76
2026-05-14,P099 (1961M 午月8시),54,60,65
2026-05-15,P099 (1961M 午月8시),68,74,79
2026-05-16,P099 (1961M 午月8시),59,65,70
2026-05-17,P099 (1961M 午月8시),62,68,73
2026-05-18,P099 (1961M 午月8시),78,84,89
2026-05-19,P099 (1961M 午月8시),63,69,74
2026-05-20,P099 (1961M 午月8시),68,74,79
2026-05-21,P099 (1961M 午月8시),51,57,62
2026-05-22,P099 (1961M 午月8시),72,78,83
2026-05-23,P099 (1961M 午月8시),79,85,90
2026-05-24,P099 (1961M 午月8시),52,58,63
2026-05-25,P099 (1961M 午月8시),68,74,79
2026-05-26,P099 (1961M 午月8시),61,67,72
2026-05-27,P099 (1961M 午月8시),68,74,79
2026-05-28,P099 (1961M 午月8시),65,71,76
2026-05-29,P099 (1961M 午月8시),61,67,72
2026-05-30,P099 (1961M 午月8시),77,83,88
2026-05-31,P099 (1961M 午月8시),61,67,72
2025-12-03,P100 (2002F 丑月16시),50,56,61
2025-12-04,P100 (2002F 丑月16시),50,56,61
2025-12-05,P100 (2002F 丑月16시),56,62,67
2025-12-06,P100 (2002F 丑月16시),62,68,73
2025-12-07,P100 (2002F 丑月16시),56,62,67
2025-12-08,P100 (2002F 丑月16시),55,61,66
2025-12-09,P100 (2002F 丑月16시),55,61,66
2025-12-10,P100 (2002F 丑月16시),57,63,68
2025-12-11,P100 (2002F 丑月16시),51,57,62
2025-12-12,P100 (2002F 丑月16시),59,65,70
2025-12-13,P100 (2002F 丑月16시),60,66,71
2025-12-14,P100 (2002F 丑月16시),70,76,81
2025-12-15,P100 (2002F 丑月16시),54,60,65
2025-12-16,P100 (2002F 丑月16시),53,59,64
2025-12-17,P100 (2002F 丑月16시),64,70,75
2025-12-18,P100 (2002F 丑月16시),65,71,76
2025-12-19,P100 (2002F 丑月16시),53,59,64
2025-12-20,P100 (2002F 丑月16시),52,58,63
2025-12-21,P100 (2002F 丑月16시),59,65,70
2025-12-22,P100 (2002F 丑月16시),59,65,70
2025-12-23,P100 (2002F 丑月16시),50,56,61
2025-12-24,P100 (2002F 丑月16시),58,64,69
2025-12-25,P100 (2002F 丑月16시),57,63,68
2025-12-26,P100 (2002F 丑月16시),68,74,79
2025-12-27,P100 (2002F 丑月16시),57,63,68
2025-12-28,P100 (2002F 丑月16시),55,61,66
2025-12-29,P100 (2002F 丑月16시),60,66,71
2025-12-30,P100 (2002F 丑月16시),61,67,72
2025-12-31,P100 (2002F 丑月16시),56,62,67
2026-01-01,P100 (2002F 丑月16시),54,60,65
2026-01-02,P100 (2002F 丑月16시),57,63,68
2026-01-03,P100 (2002F 丑月16시),60,66,71
2026-01-04,P100 (2002F 丑月16시),49,55,60
2026-01-05,P100 (2002F 丑月16시),57,63,68
2026-01-06,P100 (2002F 丑月16시),65,71,76
2026-01-07,P100 (2002F 丑月16시),76,82,87
2026-01-08,P100 (2002F 丑月16시),61,67,72
2026-01-09,P100 (2002F 丑月16시),51,57,62
2026-01-10,P100 (2002F 丑月16시),72,78,83
2026-01-11,P100 (2002F 丑月16시),67,73,78
2026-01-12,P100 (2002F 丑月16시),58,64,69
2026-01-13,P100 (2002F 丑月16시),56,62,67
2026-01-14,P100 (2002F 丑月16시),56,62,67
2026-01-15,P100 (2002F 丑月16시),61,67,72
2026-01-16,P100 (2002F 丑月16시),51,57,62
2026-01-17,P100 (2002F 丑月16시),66,72,77
2026-01-18,P100 (2002F 丑月16시),67,73,78
2026-01-19,P100 (2002F 丑月16시),72,78,83
2026-01-20,P100 (2002F 丑月16시),65,71,76
2026-01-21,P100 (2002F 丑月16시),54,60,65
2026-01-22,P100 (2002F 丑月16시),65,71,76
2026-01-23,P100 (2002F 丑月16시),68,74,79
2026-01-24,P100 (2002F 丑月16시),56,62,67
2026-01-25,P100 (2002F 丑月16시),56,62,67
2026-01-26,P100 (2002F 丑月16시),59,65,70
2026-01-27,P100 (2002F 丑月16시),68,74,79
2026-01-28,P100 (2002F 丑月16시),49,55,60
2026-01-29,P100 (2002F 丑月16시),61,67,72
2026-01-30,P100 (2002F 丑月16시),66,72,77
2026-01-31,P100 (2002F 丑月16시),70,76,81
2026-02-01,P100 (2002F 丑月16시),57,63,68
2026-02-02,P100 (2002F 丑月16시),55,61,66
2026-02-03,P100 (2002F 丑月16시),64,70,75
2026-02-04,P100 (2002F 丑月16시),57,63,68
2026-02-05,P100 (2002F 丑月16시),48,54,59
2026-02-06,P100 (2002F 丑月16시),47,53,58
2026-02-07,P100 (2002F 丑月16시),48,54,59
2026-02-08,P100 (2002F 丑月16시),48,54,59
2026-02-09,P100 (2002F 丑月16시),46,52,57
2026-02-10,P100 (2002F 丑月16시),48,54,59
2026-02-11,P100 (2002F 丑月16시),49,55,60
2026-02-12,P100 (2002F 丑月16시),57,63,68
2026-02-13,P100 (2002F 丑月16시),46,52,57
2026-02-14,P100 (2002F 丑月16시),47,53,58
2026-02-15,P100 (2002F 丑月16시),55,61,66
2026-02-16,P100 (2002F 丑月16시),58,64,69
2026-02-17,P100 (2002F 丑月16시),46,52,57
2026-02-18,P100 (2002F 丑月16시),46,52,57
2026-02-19,P100 (2002F 丑月16시),49,55,60
2026-02-20,P100 (2002F 丑月16시),51,57,62
2026-02-21,P100 (2002F 丑月16시),49,55,60
2026-02-22,P100 (2002F 丑月16시),49,55,60
2026-02-23,P100 (2002F 丑月16시),49,55,60
2026-02-24,P100 (2002F 丑月16시),61,67,72
2026-02-25,P100 (2002F 丑月16시),51,57,62
2026-02-26,P100 (2002F 丑月16시),50,56,61
2026-02-27,P100 (2002F 丑月16시),54,60,65
2026-02-28,P100 (2002F 丑月16시),56,62,67
2026-03-01,P100 (2002F 丑月16시),50,56,61
2026-03-02,P100 (2002F 丑月16시),49,55,60
2026-03-03,P100 (2002F 丑月16시),51,57,62
2026-03-04,P100 (2002F 丑月16시),52,58,63
2026-03-05,P100 (2002F 丑月16시),48,54,59
2026-03-06,P100 (2002F 丑月16시),58,64,69
2026-03-07,P100 (2002F 丑月16시),67,73,78
2026-03-08,P100 (2002F 丑月16시),77,83,88
2026-03-09,P100 (2002F 丑月16시),64,70,75
2026-03-10,P100 (2002F 丑月16시),53,59,64
2026-03-11,P100 (2002F 丑月16시),73,79,84
2026-03-12,P100 (2002F 丑月16시),65,71,76
2026-03-13,P100 (2002F 丑月16시),60,66,71
2026-03-14,P100 (2002F 丑月16시),54,60,65
2026-03-15,P100 (2002F 丑月16시),53,59,64
2026-03-16,P100 (2002F 丑月16시),62,68,73
2026-03-17,P100 (2002F 丑月16시),51,57,62
2026-03-18,P100 (2002F 丑月16시),66,72,77
2026-03-19,P100 (2002F 丑月16시),64,70,75
2026-03-20,P100 (2002F 丑月16시),72,78,83
2026-03-21,P100 (2002F 丑月16시),64,70,75
2026-03-22,P100 (2002F 丑月16시),49,55,60
2026-03-23,P100 (2002F 丑月16시),65,71,76
2026-03-24,P100 (2002F 丑月16시),63,69,74
2026-03-25,P100 (2002F 丑月16시),55,61,66
2026-03-26,P100 (2002F 丑月16시),49,55,60
2026-03-27,P100 (2002F 丑月16시),57,63,68
2026-03-28,P100 (2002F 丑月16시),67,73,78
2026-03-29,P100 (2002F 丑月16시),49,55,60
2026-03-30,P100 (2002F 丑月16시),60,66,71
2026-03-31,P100 (2002F 丑月16시),68,74,79
2026-04-01,P100 (2002F 丑月16시),72,78,83
2026-04-02,P100 (2002F 丑月16시),59,65,70
2026-04-03,P100 (2002F 丑月16시),48,54,59
2026-04-04,P100 (2002F 丑月16시),60,66,71
2026-04-05,P100 (2002F 丑月16시),66,72,77
2026-04-06,P100 (2002F 丑月16시),67,73,78
2026-04-07,P100 (2002F 丑月16시),63,69,74
2026-04-08,P100 (2002F 丑月16시),58,64,69
2026-04-09,P100 (2002F 丑月16시),67,73,78
2026-04-10,P100 (2002F 丑月16시),57,63,68
2026-04-11,P100 (2002F 丑月16시),64,70,75
2026-04-12,P100 (2002F 丑月16시),67,73,78
2026-04-13,P100 (2002F 丑月16시),71,77,82
2026-04-14,P100 (2002F 丑月16시),59,65,70
2026-04-15,P100 (2002F 丑月16시),53,59,64
2026-04-16,P100 (2002F 丑月16시),75,81,86
2026-04-17,P100 (2002F 丑月16시),74,80,85
2026-04-18,P100 (2002F 丑月16시),64,70,75
2026-04-19,P100 (2002F 丑月16시),57,63,68
2026-04-20,P100 (2002F 丑月16시),63,69,74
2026-04-21,P100 (2002F 丑月16시),64,70,75
2026-04-22,P100 (2002F 丑月16시),51,57,62
2026-04-23,P100 (2002F 丑月16시),59,65,70
2026-04-24,P100 (2002F 丑月16시),64,70,75
2026-04-25,P100 (2002F 丑月16시),76,82,87
2026-04-26,P100 (2002F 丑月16시),70,76,81
2026-04-27,P100 (2002F 丑月16시),60,66,71
2026-04-28,P100 (2002F 丑月16시),73,79,84
2026-04-29,P100 (2002F 丑月16시),70,76,81
2026-04-30,P100 (2002F 丑月16시),68,74,79
2026-05-01,P100 (2002F 丑月16시),55,61,66
2026-05-02,P100 (2002F 丑月16시),58,64,69
2026-05-03,P100 (2002F 丑月16시),61,67,72
2026-05-04,P100 (2002F 丑月16시),48,54,59
2026-05-05,P100 (2002F 丑月16시),61,67,72
2026-05-06,P100 (2002F 丑月16시),76,82,87
2026-05-07,P100 (2002F 丑月16시),84,90,95
2026-05-08,P100 (2002F 丑月16시),72,78,83
2026-05-09,P100 (2002F 丑月16시),60,66,71
2026-05-10,P100 (2002F 丑月16시),79,85,90
2026-05-11,P100 (2002F 丑月16시),72,78,83
2026-05-12,P100 (2002F 丑月16시),67,73,78
2026-05-13,P100 (2002F 丑月16시),63,69,74
2026-05-14,P100 (2002F 丑月16시),62,68,73
2026-05-15,P100 (2002F 丑月16시),71,77,82
2026-05-16,P100 (2002F 丑月16시),62,68,73
2026-05-17,P100 (2002F 丑月16시),77,83,88
2026-05-18,P100 (2002F 丑月16시),77,83,88
2026-05-19,P100 (2002F 丑月16시),82,88,93
2026-05-20,P100 (2002F 丑月16시),74,80,85
2026-05-21,P100 (2002F 丑月16시),61,67,72
2026-05-22,P100 (2002F 丑月16시),77,83,88
2026-05-23,P100 (2002F 丑月16시),75,81,86
2026-05-24,P100 (2002F 丑月16시),67,73,78
2026-05-25,P100 (2002F 丑月16시),62,68,73
2026-05-26,P100 (2002F 丑月16시),68,74,79
2026-05-27,P100 (2002F 丑月16시),78,84,89
2026-05-28,P100 (2002F 丑月16시),59,65,70
2026-05-29,P100 (2002F 丑月16시),70,76,81
2026-05-30,P100 (2002F 丑月16시),79,85,90
2026-05-31,P100 (2002F 丑月16시),80,86,91