date,profile,raw,norm65,norm67,norm70
2025-12-03,P01 (1958M 寅月),59,60,62,65
2025-12-04,P01 (1958M 寅月),60,61,63,66
2025-12-05,P01 (1958M 寅月),56,57,59,62
2025-12-06,P01 (1958M 寅月),59,60,62,65
2025-12-07,P01 (1958M 寅月),54,55,57,60
2025-12-08,P01 (1958M 寅月),65,66,68,71
2025-12-09,P01 (1958M 寅月),60,61,63,66
2025-12-10,P01 (1958M 寅月),69,70,72,75
2025-12-11,P01 (1958M 寅月),70,71,73,76
2025-12-12,P01 (1958M 寅月),56,57,59,62
2025-12-13,P01 (1958M 寅月),66,67,69,72
2025-12-14,P01 (1958M 寅月),72,73,75,78
2025-12-15,P01 (1958M 寅月),55,56,58,61
2025-12-16,P01 (1958M 寅月),62,63,65,68
2025-12-17,P01 (1958M 寅月),58,59,61,64
2025-12-18,P01 (1958M 寅月),63,64,66,69
2025-12-19,P01 (1958M 寅月),51,52,54,57
2025-12-20,P01 (1958M 寅月),61,62,64,67
2025-12-21,P01 (1958M 寅月),62,63,65,68
2025-12-22,P01 (1958M 寅月),74,75,77,80
2025-12-23,P01 (1958M 寅月),67,68,70,73
2025-12-24,P01 (1958M 寅月),57,58,60,63
2025-12-25,P01 (1958M 寅月),64,65,67,70
2025-12-26,P01 (1958M 寅月),70,71,73,76
2025-12-27,P01 (1958M 寅月),58,59,61,64
2025-12-28,P01 (1958M 寅月),65,66,68,71
2025-12-29,P01 (1958M 寅月),56,57,59,62
2025-12-30,P01 (1958M 寅月),60,61,63,66
2025-12-31,P01 (1958M 寅月),54,55,57,60
2026-01-01,P01 (1958M 寅月),65,66,68,71
2026-01-02,P01 (1958M 寅月),60,61,63,66
2026-01-03,P01 (1958M 寅月),71,72,74,77
2026-01-04,P01 (1958M 寅月),61,62,64,67
2026-01-05,P01 (1958M 寅月),55,56,58,61
2026-01-06,P01 (1958M 寅月),72,73,75,78
2026-01-07,P01 (1958M 寅月),80,81,83,86
2026-01-08,P01 (1958M 寅月),60,61,63,66
2026-01-09,P01 (1958M 寅月),65,66,68,71
2026-01-10,P01 (1958M 寅月),70,71,73,76
2026-01-11,P01 (1958M 寅月),67,68,70,73
2026-01-12,P01 (1958M 寅月),61,62,64,67
2026-01-13,P01 (1958M 寅月),71,72,74,77
2026-01-14,P01 (1958M 寅月),65,66,68,71
2026-01-15,P01 (1958M 寅月),77,78,80,83
2026-01-16,P01 (1958M 寅月),72,73,75,78
2026-01-17,P01 (1958M 寅月),65,66,68,71
2026-01-18,P01 (1958M 寅月),70,71,73,76
2026-01-19,P01 (1958M 寅月),73,74,76,79
2026-01-20,P01 (1958M 寅月),68,69,71,74
2026-01-21,P01 (1958M 寅月),64,65,67,70
2026-01-22,P01 (1958M 寅月),61,62,64,67
2026-01-23,P01 (1958M 寅月),65,66,68,71
2026-01-24,P01 (1958M 寅月),53,54,56,59
2026-01-25,P01 (1958M 寅月),64,65,67,70
2026-01-26,P01 (1958M 寅月),63,64,66,69
2026-01-27,P01 (1958M 寅月),75,76,78,81
2026-01-28,P01 (1958M 寅月),67,68,70,73
2026-01-29,P01 (1958M 寅月),61,62,64,67
2026-01-30,P01 (1958M 寅月),77,78,80,83
2026-01-31,P01 (1958M 寅月),78,79,81,84
2026-02-01,P01 (1958M 寅月),67,68,70,73
2026-02-02,P01 (1958M 寅月),71,72,74,77
2026-02-03,P01 (1958M 寅月),64,65,67,70
2026-02-04,P01 (1958M 寅月),63,64,66,69
2026-02-05,P01 (1958M 寅月),55,56,58,61
2026-02-06,P01 (1958M 寅月),66,67,69,72
2026-02-07,P01 (1958M 寅月),61,62,64,67
2026-02-08,P01 (1958M 寅月),70,71,73,76
2026-02-09,P01 (1958M 寅月),71,72,74,77
2026-02-10,P01 (1958M 寅月),58,59,61,64
2026-02-11,P01 (1958M 寅月),68,69,71,74
2026-02-12,P01 (1958M 寅月),71,72,74,77
2026-02-13,P01 (1958M 寅月),55,56,58,61
2026-02-14,P01 (1958M 寅月),62,63,65,68
2026-02-15,P01 (1958M 寅月),59,60,62,65
2026-02-16,P01 (1958M 寅月),63,64,66,69
2026-02-17,P01 (1958M 寅月),52,53,55,58
2026-02-18,P01 (1958M 寅月),62,63,65,68
2026-02-19,P01 (1958M 寅月),63,64,66,69
2026-02-20,P01 (1958M 寅月),73,74,76,79
2026-02-21,P01 (1958M 寅月),65,66,68,71
2026-02-22,P01 (1958M 寅月),57,58,60,63
2026-02-23,P01 (1958M 寅月),63,64,66,69
2026-02-24,P01 (1958M 寅月),71,72,74,77
2026-02-25,P01 (1958M 寅月),60,61,63,66
2026-02-26,P01 (1958M 寅月),65,66,68,71
2026-02-27,P01 (1958M 寅月),58,59,61,64
2026-02-28,P01 (1958M 寅月),62,63,65,68
2026-03-01,P01 (1958M 寅月),54,55,57,60
2026-03-02,P01 (1958M 寅月),65,66,68,71
2026-03-03,P01 (1958M 寅月),62,63,65,68
2026-03-04,P01 (1958M 寅月),68,69,71,74
2026-03-05,P01 (1958M 寅月),61,62,64,67
2026-03-06,P01 (1958M 寅月),53,54,56,59
2026-03-07,P01 (1958M 寅月),59,60,62,65
2026-03-08,P01 (1958M 寅月),65,66,68,71
2026-03-09,P01 (1958M 寅月),51,52,54,57
2026-03-10,P01 (1958M 寅月),57,58,60,63
2026-03-11,P01 (1958M 寅月),54,55,57,60
2026-03-12,P01 (1958M 寅月),58,59,61,64
2026-03-13,P01 (1958M 寅月),51,52,54,57
2026-03-14,P01 (1958M 寅月),58,59,61,64
2026-03-15,P01 (1958M 寅月),54,55,57,60
2026-03-16,P01 (1958M 寅月),63,64,66,69
2026-03-17,P01 (1958M 寅月),58,59,61,64
2026-03-18,P01 (1958M 寅月),53,54,56,59
2026-03-19,P01 (1958M 寅月),58,59,61,64
2026-03-20,P01 (1958M 寅月),62,63,65,68
2026-03-21,P01 (1958M 寅月),53,54,56,59
2026-03-22,P01 (1958M 寅月),57,58,60,63
2026-03-23,P01 (1958M 寅月),51,52,54,57
2026-03-24,P01 (1958M 寅月),58,59,61,64
2026-03-25,P01 (1958M 寅月),48,49,51,54
2026-03-26,P01 (1958M 寅月),55,56,58,61
2026-03-27,P01 (1958M 寅月),56,57,59,62
2026-03-28,P01 (1958M 寅月),64,65,67,70
2026-03-29,P01 (1958M 寅月),58,59,61,64
2026-03-30,P01 (1958M 寅月),51,52,54,57
2026-03-31,P01 (1958M 寅月),61,62,64,67
2026-04-01,P01 (1958M 寅月),66,67,69,72
2026-04-02,P01 (1958M 寅月),56,57,59,62
2026-04-03,P01 (1958M 寅月),60,61,63,66
2026-04-04,P01 (1958M 寅月),52,53,55,58
2026-04-05,P01 (1958M 寅月),69,70,72,75
2026-04-06,P01 (1958M 寅月),61,62,64,67
2026-04-07,P01 (1958M 寅月),77,78,80,83
2026-04-08,P01 (1958M 寅月),64,65,67,70
2026-04-09,P01 (1958M 寅月),79,80,82,85
2026-04-10,P01 (1958M 寅月),80,81,83,86
2026-04-11,P01 (1958M 寅月),65,66,68,71
2026-04-12,P01 (1958M 寅月),77,78,80,83
2026-04-13,P01 (1958M 寅月),80,81,83,86
2026-04-14,P01 (1958M 寅月),63,64,66,69
2026-04-15,P01 (1958M 寅月),66,67,69,72
2026-04-16,P01 (1958M 寅月),65,66,68,71
2026-04-17,P01 (1958M 寅月),68,69,71,74
2026-04-18,P01 (1958M 寅月),57,58,60,63
2026-04-19,P01 (1958M 寅月),69,70,72,75
2026-04-20,P01 (1958M 寅月),72,73,75,78
2026-04-21,P01 (1958M 寅月),83,84,86,89
2026-04-22,P01 (1958M 寅月),77,78,80,83
2026-04-23,P01 (1958M 寅月),63,64,66,69
2026-04-24,P01 (1958M 寅月),73,74,76,79
2026-04-25,P01 (1958M 寅月),81,82,84,87
2026-04-26,P01 (1958M 寅月),68,69,71,74
2026-04-27,P01 (1958M 寅月),69,70,72,75
2026-04-28,P01 (1958M 寅月),66,67,69,72
2026-04-29,P01 (1958M 寅月),65,66,68,71
2026-04-30,P01 (1958M 寅月),62,63,65,68
2026-05-01,P01 (1958M 寅月),75,76,78,81
2026-05-02,P01 (1958M 寅月),67,68,70,73
2026-05-03,P01 (1958M 寅月),81,82,84,87
2026-05-04,P01 (1958M 寅月),72,73,75,78
2026-05-05,P01 (1958M 寅月),61,62,64,67
2026-05-06,P01 (1958M 寅月),72,73,75,78
2026-05-07,P01 (1958M 寅月),78,79,81,84
2026-05-08,P01 (1958M 寅月),61,62,64,67
2026-05-09,P01 (1958M 寅月),65,66,68,71
2026-05-10,P01 (1958M 寅月),67,68,70,73
2026-05-11,P01 (1958M 寅月),65,66,68,71
2026-05-12,P01 (1958M 寅月),59,60,62,65
2026-05-13,P01 (1958M 寅月),68,69,71,74
2026-05-14,P01 (1958M 寅月),65,66,68,71
2026-05-15,P01 (1958M 寅月),76,77,79,82
2026-05-16,P01 (1958M 寅月),70,71,73,76
2026-05-17,P01 (1958M 寅月),61,62,64,67
2026-05-18,P01 (1958M 寅月),68,69,71,74
2026-05-19,P01 (1958M 寅月),74,75,77,80
2026-05-20,P01 (1958M 寅月),68,69,71,74
2026-05-21,P01 (1958M 寅月),67,68,70,73
2026-05-22,P01 (1958M 寅月),65,66,68,71
2026-05-23,P01 (1958M 寅月),69,70,72,75
2026-05-24,P01 (1958M 寅月),58,59,61,64
2026-05-25,P01 (1958M 寅月),69,70,72,75
2026-05-26,P01 (1958M 寅月),66,67,69,72
2026-05-27,P01 (1958M 寅月),76,77,79,82
2026-05-28,P01 (1958M 寅月),69,70,72,75
2026-05-29,P01 (1958M 寅月),58,59,61,64
2026-05-30,P01 (1958M 寅月),75,76,78,81
2026-05-31,P01 (1958M 寅月),80,81,83,86
2025-12-03,P02 (1961F 卯月),72,75,77,78
2025-12-04,P02 (1961F 卯月),57,60,62,63
2025-12-05,P02 (1961F 卯月),58,61,63,64
2025-12-06,P02 (1961F 卯月),62,65,67,68
2025-12-07,P02 (1961F 卯月),62,65,67,68
2025-12-08,P02 (1961F 卯月),75,78,80,81
2025-12-09,P02 (1961F 卯月),55,58,60,61
2025-12-10,P02 (1961F 卯月),54,57,59,60
2025-12-11,P02 (1961F 卯月),63,66,68,69
2025-12-12,P02 (1961F 卯月),65,68,70,71
2025-12-13,P02 (1961F 卯月),65,68,70,71
2025-12-14,P02 (1961F 卯月),56,59,61,62
2025-12-15,P02 (1961F 卯月),60,63,65,66
2025-12-16,P02 (1961F 卯月),51,54,56,57
2025-12-17,P02 (1961F 卯月),46,49,51,52
2025-12-18,P02 (1961F 卯月),55,58,60,61
2025-12-19,P02 (1961F 卯月),62,65,67,68
2025-12-20,P02 (1961F 卯月),76,79,81,82
2025-12-21,P02 (1961F 卯月),56,59,61,62
2025-12-22,P02 (1961F 卯月),48,51,53,54
2025-12-23,P02 (1961F 卯月),72,75,77,78
2025-12-24,P02 (1961F 卯月),69,72,74,75
2025-12-25,P02 (1961F 卯月),64,67,69,70
2025-12-26,P02 (1961F 卯月),63,66,68,69
2025-12-27,P02 (1961F 卯月),63,66,68,69
2025-12-28,P02 (1961F 卯月),54,57,59,60
2025-12-29,P02 (1961F 卯月),49,52,54,55
2025-12-30,P02 (1961F 卯月),56,59,61,62
2025-12-31,P02 (1961F 卯月),62,65,67,68
2026-01-01,P02 (1961F 卯月),71,74,76,77
2026-01-02,P02 (1961F 卯月),67,70,72,73
2026-01-03,P02 (1961F 卯月),53,56,58,59
2026-01-04,P02 (1961F 卯月),68,71,73,74
2026-01-05,P02 (1961F 卯月),74,77,79,80
2026-01-06,P02 (1961F 卯月),57,60,62,63
2026-01-07,P02 (1961F 卯月),50,53,55,56
2026-01-08,P02 (1961F 卯月),52,55,57,58
2026-01-09,P02 (1961F 卯月),47,50,52,53
2026-01-10,P02 (1961F 卯月),49,52,54,55
2026-01-11,P02 (1961F 卯月),49,52,54,55
2026-01-12,P02 (1961F 卯月),62,65,67,68
2026-01-13,P02 (1961F 卯月),65,68,70,71
2026-01-14,P02 (1961F 卯月),52,55,57,58
2026-01-15,P02 (1961F 卯月),50,53,55,56
2026-01-16,P02 (1961F 卯月),57,60,62,63
2026-01-17,P02 (1961F 卯月),63,66,68,69
2026-01-18,P02 (1961F 卯月),59,62,64,65
2026-01-19,P02 (1961F 卯月),50,53,55,56
2026-01-20,P02 (1961F 卯月),53,56,58,59
2026-01-21,P02 (1961F 卯月),48,51,53,54
2026-01-22,P02 (1961F 卯月),52,55,57,58
2026-01-23,P02 (1961F 卯月),54,57,59,60
2026-01-24,P02 (1961F 卯月),61,64,66,67
2026-01-25,P02 (1961F 卯月),70,73,75,76
2026-01-26,P02 (1961F 卯月),53,56,58,59
2026-01-27,P02 (1961F 卯月),52,55,57,58
2026-01-28,P02 (1961F 卯月),60,63,65,66
2026-01-29,P02 (1961F 卯月),61,64,66,67
2026-01-30,P02 (1961F 卯月),57,60,62,63
2026-01-31,P02 (1961F 卯月),48,51,53,54
2026-02-01,P02 (1961F 卯月),57,60,62,63
2026-02-02,P02 (1961F 卯月),49,52,54,55
2026-02-03,P02 (1961F 卯月),52,55,57,58
2026-02-04,P02 (1961F 卯月),62,65,67,68
2026-02-05,P02 (1961F 卯月),70,73,75,76
2026-02-06,P02 (1961F 卯月),83,86,88,89
2026-02-07,P02 (1961F 卯月),62,65,67,68
2026-02-08,P02 (1961F 卯月),62,65,67,68
2026-02-09,P02 (1961F 卯月),69,72,74,75
2026-02-10,P02 (1961F 卯月),68,71,73,74
2026-02-11,P02 (1961F 卯月),68,71,73,74
2026-02-12,P02 (1961F 卯月),61,64,66,67
2026-02-13,P02 (1961F 卯月),68,71,73,74
2026-02-14,P02 (1961F 卯月),56,59,61,62
2026-02-15,P02 (1961F 卯月),54,57,59,60
2026-02-16,P02 (1961F 卯月),60,63,65,66
2026-02-17,P02 (1961F 卯月),66,69,71,72
2026-02-18,P02 (1961F 卯月),80,83,85,86
2026-02-19,P02 (1961F 卯月),60,63,65,66
2026-02-20,P02 (1961F 卯月),55,58,60,61
2026-02-21,P02 (1961F 卯月),76,79,81,82
2026-02-22,P02 (1961F 卯月),74,77,79,80
2026-02-23,P02 (1961F 卯月),68,71,73,74
2026-02-24,P02 (1961F 卯月),65,68,70,71
2026-02-25,P02 (1961F 卯月),63,66,68,69
2026-02-26,P02 (1961F 卯月),56,59,61,62
2026-02-27,P02 (1961F 卯月),55,58,60,61
2026-02-28,P02 (1961F 卯月),60,63,65,66
2026-03-01,P02 (1961F 卯月),66,69,71,72
2026-03-02,P02 (1961F 卯月),75,78,80,81
2026-03-03,P02 (1961F 卯月),70,73,75,76
2026-03-04,P02 (1961F 卯月),60,63,65,66
2026-03-05,P02 (1961F 卯月),71,74,76,77
2026-03-06,P02 (1961F 卯月),81,84,86,87
2026-03-07,P02 (1961F 卯月),71,74,76,77
2026-03-08,P02 (1961F 卯月),73,76,78,79
2026-03-09,P02 (1961F 卯月),70,73,75,76
2026-03-10,P02 (1961F 卯月),61,64,66,67
2026-03-11,P02 (1961F 卯月),58,61,63,64
2026-03-12,P02 (1961F 卯月),60,63,65,66
2026-03-13,P02 (1961F 卯月),81,84,86,87
2026-03-14,P02 (1961F 卯月),86,89,91,92
2026-03-15,P02 (1961F 卯月),72,75,77,78
2026-03-16,P02 (1961F 卯月),69,72,74,75
2026-03-17,P02 (1961F 卯月),79,82,84,85
2026-03-18,P02 (1961F 卯月),80,83,85,86
2026-03-19,P02 (1961F 卯月),71,74,76,77
2026-03-20,P02 (1961F 卯月),73,76,78,79
2026-03-21,P02 (1961F 卯月),70,73,75,76
2026-03-22,P02 (1961F 卯月),57,60,62,63
2026-03-23,P02 (1961F 卯月),69,72,74,75
2026-03-24,P02 (1961F 卯月),66,69,71,72
2026-03-25,P02 (1961F 卯月),79,82,84,85
2026-03-26,P02 (1961F 卯月),87,90,92,93
2026-03-27,P02 (1961F 卯月),68,71,73,74
2026-03-28,P02 (1961F 卯月),68,71,73,74
2026-03-29,P02 (1961F 卯月),77,80,82,83
2026-03-30,P02 (1961F 卯月),78,81,83,84
2026-03-31,P02 (1961F 卯月),66,69,71,72
2026-04-01,P02 (1961F 卯月),64,67,69,70
2026-04-02,P02 (1961F 卯月),79,82,84,85
2026-04-03,P02 (1961F 卯月),59,62,64,65
2026-04-04,P02 (1961F 卯月),63,66,68,69
2026-04-05,P02 (1961F 卯月),58,61,63,64
2026-04-06,P02 (1961F 卯月),67,70,72,73
2026-04-07,P02 (1961F 卯月),80,83,85,86
2026-04-08,P02 (1961F 卯月),56,59,61,62
2026-04-09,P02 (1961F 卯月),54,57,59,60
2026-04-10,P02 (1961F 卯月),61,64,66,67
2026-04-11,P02 (1961F 卯月),67,70,72,73
2026-04-12,P02 (1961F 卯月),68,71,73,74
2026-04-13,P02 (1961F 卯月),58,61,63,64
2026-04-14,P02 (1961F 卯月),64,67,69,70
2026-04-15,P02 (1961F 卯月),55,58,60,61
2026-04-16,P02 (1961F 卯月),54,57,59,60
2026-04-17,P02 (1961F 卯月),59,62,64,65
2026-04-18,P02 (1961F 卯月),64,67,69,70
2026-04-19,P02 (1961F 卯月),74,77,79,80
2026-04-20,P02 (1961F 卯月),53,56,58,59
2026-04-21,P02 (1961F 卯月),52,55,57,58
2026-04-22,P02 (1961F 卯月),76,79,81,82
2026-04-23,P02 (1961F 卯月),69,72,74,75
2026-04-24,P02 (1961F 卯月),65,68,70,71
2026-04-25,P02 (1961F 卯月),63,66,68,69
2026-04-26,P02 (1961F 卯月),60,63,65,66
2026-04-27,P02 (1961F 卯月),51,54,56,57
2026-04-28,P02 (1961F 卯月),53,56,58,59
2026-04-29,P02 (1961F 卯月),57,60,62,63
2026-04-30,P02 (1961F 卯月),61,64,66,67
2026-05-01,P02 (1961F 卯月),71,74,76,77
2026-05-02,P02 (1961F 卯月),66,69,71,72
2026-05-03,P02 (1961F 卯月),55,58,60,61
2026-05-04,P02 (1961F 卯月),67,70,72,73
2026-05-05,P02 (1961F 卯月),75,78,80,81
2026-05-06,P02 (1961F 卯月),59,62,64,65
2026-05-07,P02 (1961F 卯月),61,64,66,67
2026-05-08,P02 (1961F 卯月),59,62,64,65
2026-05-09,P02 (1961F 卯月),51,54,56,57
2026-05-10,P02 (1961F 卯月),47,50,52,53
2026-05-11,P02 (1961F 卯月),49,52,54,55
2026-05-12,P02 (1961F 卯月),70,73,75,76
2026-05-13,P02 (1961F 卯月),74,77,79,80
2026-05-14,P02 (1961F 卯月),56,59,61,62
2026-05-15,P02 (1961F 卯月),53,56,58,59
2026-05-16,P02 (1961F 卯月),64,67,69,70
2026-05-17,P02 (1961F 卯月),74,77,79,80
2026-05-18,P02 (1961F 卯月),58,61,63,64
2026-05-19,P02 (1961F 卯月),57,60,62,63
2026-05-20,P02 (1961F 卯月),56,59,61,62
2026-05-21,P02 (1961F 卯月),47,50,52,53
2026-05-22,P02 (1961F 卯月),56,59,61,62
2026-05-23,P02 (1961F 卯月),53,56,58,59
2026-05-24,P02 (1961F 卯月),67,70,72,73
2026-05-25,P02 (1961F 卯月),79,82,84,85
2026-05-26,P02 (1961F 卯月),56,59,61,62
2026-05-27,P02 (1961F 卯月),55,58,60,61
2026-05-28,P02 (1961F 卯月),63,66,68,69
2026-05-29,P02 (1961F 卯月),73,76,78,79
2026-05-30,P02 (1961F 卯月),55,58,60,61
2026-05-31,P02 (1961F 卯月),52,55,57,58
2025-12-03,P03 (1965M 午月),55,61,61,61
2025-12-04,P03 (1965M 午月),63,69,69,69
2025-12-05,P03 (1965M 午月),53,59,59,59
2025-12-06,P03 (1965M 午月),50,56,56,56
2025-12-07,P03 (1965M 午月),46,52,52,52
2025-12-08,P03 (1965M 午月),55,61,61,61
2025-12-09,P03 (1965M 午月),48,54,54,54
2025-12-10,P03 (1965M 午月),47,53,53,53
2025-12-11,P03 (1965M 午月),48,54,54,54
2025-12-12,P03 (1965M 午月),60,66,66,66
2025-12-13,P03 (1965M 午月),48,54,54,54
2025-12-14,P03 (1965M 午月),53,59,59,59
2025-12-15,P03 (1965M 午月),54,60,60,60
2025-12-16,P03 (1965M 午月),63,69,69,69
2025-12-17,P03 (1965M 午月),56,62,62,62
2025-12-18,P03 (1965M 午月),53,59,59,59
2025-12-19,P03 (1965M 午月),47,53,53,53
2025-12-20,P03 (1965M 午月),57,63,63,63
2025-12-21,P03 (1965M 午月),54,60,60,60
2025-12-22,P03 (1965M 午月),49,55,55,55
2025-12-23,P03 (1965M 午月),49,55,55,55
2025-12-24,P03 (1965M 午月),59,65,65,65
2025-12-25,P03 (1965M 午月),49,55,55,55
2025-12-26,P03 (1965M 午月),51,57,57,57
2025-12-27,P03 (1965M 午月),58,64,64,64
2025-12-28,P03 (1965M 午月),69,75,75,75
2025-12-29,P03 (1965M 午月),56,62,62,62
2025-12-30,P03 (1965M 午月),57,63,63,63
2025-12-31,P03 (1965M 午月),49,55,55,55
2026-01-01,P03 (1965M 午月),68,74,74,74
2026-01-02,P03 (1965M 午月),57,63,63,63
2026-01-03,P03 (1965M 午月),49,55,55,55
2026-01-04,P03 (1965M 午月),55,61,61,61
2026-01-05,P03 (1965M 午月),63,69,69,69
2026-01-06,P03 (1965M 午月),57,63,63,63
2026-01-07,P03 (1965M 午月),57,63,63,63
2026-01-08,P03 (1965M 午月),62,68,68,68
2026-01-09,P03 (1965M 午月),73,79,79,79
2026-01-10,P03 (1965M 午月),63,69,69,69
2026-01-11,P03 (1965M 午月),63,69,69,69
2026-01-12,P03 (1965M 午月),51,57,57,57
2026-01-13,P03 (1965M 午月),61,67,67,67
2026-01-14,P03 (1965M 午月),56,62,62,62
2026-01-15,P03 (1965M 午月),49,55,55,55
2026-01-16,P03 (1965M 午月),58,64,64,64
2026-01-17,P03 (1965M 午月),62,68,68,68
2026-01-18,P03 (1965M 午月),53,59,59,59
2026-01-19,P03 (1965M 午月),51,57,57,57
2026-01-20,P03 (1965M 午月),61,67,67,67
2026-01-21,P03 (1965M 午月),71,77,77,77
2026-01-22,P03 (1965M 午月),50,56,56,56
2026-01-23,P03 (1965M 午月),52,58,58,58
2026-01-24,P03 (1965M 午月),48,54,54,54
2026-01-25,P03 (1965M 午月),56,62,62,62
2026-01-26,P03 (1965M 午月),55,61,61,61
2026-01-27,P03 (1965M 午月),49,55,55,55
2026-01-28,P03 (1965M 午月),55,61,61,61
2026-01-29,P03 (1965M 午月),66,72,72,72
2026-01-30,P03 (1965M 午月),55,61,61,61
2026-01-31,P03 (1965M 午月),60,66,66,66
2026-02-01,P03 (1965M 午月),60,66,66,66
2026-02-02,P03 (1965M 午月),69,75,75,75
2026-02-03,P03 (1965M 午月),58,64,64,64
2026-02-04,P03 (1965M 午月),53,59,59,59
2026-02-05,P03 (1965M 午月),55,61,61,61
2026-02-06,P03 (1965M 午月),63,69,69,69
2026-02-07,P03 (1965M 午月),55,61,61,61
2026-02-08,P03 (1965M 午月),51,57,57,57
2026-02-09,P03 (1965M 午月),57,63,63,63
2026-02-10,P03 (1965M 午月),70,76,76,76
2026-02-11,P03 (1965M 午月),49,55,55,55
2026-02-12,P03 (1965M 午月),52,58,58,58
2026-02-13,P03 (1965M 午月),55,61,61,61
2026-02-14,P03 (1965M 午月),60,66,66,66
2026-02-15,P03 (1965M 午月),57,63,63,63
2026-02-16,P03 (1965M 午月),51,57,57,57
2026-02-17,P03 (1965M 午月),49,55,55,55
2026-02-18,P03 (1965M 午月),56,62,62,62
2026-02-19,P03 (1965M 午月),50,56,56,56
2026-02-20,P03 (1965M 午月),50,56,56,56
2026-02-21,P03 (1965M 午月),48,54,54,54
2026-02-22,P03 (1965M 午月),57,63,63,63
2026-02-23,P03 (1965M 午月),48,54,54,54
2026-02-24,P03 (1965M 午月),52,58,58,58
2026-02-25,P03 (1965M 午月),64,70,70,70
2026-02-26,P03 (1965M 午月),68,74,74,74
2026-02-27,P03 (1965M 午月),59,65,65,65
2026-02-28,P03 (1965M 午月),56,62,62,62
2026-03-01,P03 (1965M 午月),50,56,56,56
2026-03-02,P03 (1965M 午月),58,64,64,64
2026-03-03,P03 (1965M 午月),51,57,57,57
2026-03-04,P03 (1965M 午月),48,54,54,54
2026-03-05,P03 (1965M 午月),49,55,55,55
2026-03-06,P03 (1965M 午月),59,65,65,65
2026-03-07,P03 (1965M 午月),53,59,59,59
2026-03-08,P03 (1965M 午月),56,62,62,62
2026-03-09,P03 (1965M 午月),57,63,63,63
2026-03-10,P03 (1965M 午月),63,69,69,69
2026-03-11,P03 (1965M 午月),51,57,57,57
2026-03-12,P03 (1965M 午月),56,62,62,62
2026-03-13,P03 (1965M 午月),49,55,55,55
2026-03-14,P03 (1965M 午月),57,63,63,63
2026-03-15,P03 (1965M 午月),52,58,58,58
2026-03-16,P03 (1965M 午月),47,53,53,53
2026-03-17,P03 (1965M 午月),52,58,58,58
2026-03-18,P03 (1965M 午月),56,62,62,62
2026-03-19,P03 (1965M 午月),48,54,54,54
2026-03-20,P03 (1965M 午月),53,59,59,59
2026-03-21,P03 (1965M 午月),56,62,62,62
2026-03-22,P03 (1965M 午月),72,78,78,78
2026-03-23,P03 (1965M 午月),55,61,61,61
2026-03-24,P03 (1965M 午月),54,60,60,60
2026-03-25,P03 (1965M 午月),48,54,54,54
2026-03-26,P03 (1965M 午月),56,62,62,62
2026-03-27,P03 (1965M 午月),55,61,61,61
2026-03-28,P03 (1965M 午月),47,53,53,53
2026-03-29,P03 (1965M 午月),48,54,54,54
2026-03-30,P03 (1965M 午月),61,67,67,67
2026-03-31,P03 (1965M 午月),50,56,56,56
2026-04-01,P03 (1965M 午月),55,61,61,61
2026-04-02,P03 (1965M 午月),61,67,67,67
2026-04-03,P03 (1965M 午月),67,73,73,73
2026-04-04,P03 (1965M 午月),58,64,64,64
2026-04-05,P03 (1965M 午月),52,58,58,58
2026-04-06,P03 (1965M 午月),53,59,59,59
2026-04-07,P03 (1965M 午月),56,62,62,62
2026-04-08,P03 (1965M 午月),55,61,61,61
2026-04-09,P03 (1965M 午月),53,59,59,59
2026-04-10,P03 (1965M 午月),60,66,66,66
2026-04-11,P03 (1965M 午月),72,78,78,78
2026-04-12,P03 (1965M 午月),55,61,61,61
2026-04-13,P03 (1965M 午月),54,60,60,60
2026-04-14,P03 (1965M 午月),59,65,65,65
2026-04-15,P03 (1965M 午月),63,69,69,69
2026-04-16,P03 (1965M 午月),67,73,73,73
2026-04-17,P03 (1965M 午月),51,57,57,57
2026-04-18,P03 (1965M 午月),50,56,56,56
2026-04-19,P03 (1965M 午月),57,63,63,63
2026-04-20,P03 (1965M 午月),57,63,63,63
2026-04-21,P03 (1965M 午月),55,61,61,61
2026-04-22,P03 (1965M 午月),55,61,61,61
2026-04-23,P03 (1965M 午月),65,71,71,71
2026-04-24,P03 (1965M 午月),51,57,57,57
2026-04-25,P03 (1965M 午月),52,58,58,58
2026-04-26,P03 (1965M 午月),69,75,75,75
2026-04-27,P03 (1965M 午月),66,72,72,72
2026-04-28,P03 (1965M 午月),60,66,66,66
2026-04-29,P03 (1965M 午月),62,68,68,68
2026-04-30,P03 (1965M 午月),53,59,59,59
2026-05-01,P03 (1965M 午月),62,68,68,68
2026-05-02,P03 (1965M 午月),54,60,60,60
2026-05-03,P03 (1965M 午月),48,54,54,54
2026-05-04,P03 (1965M 午月),52,58,58,58
2026-05-05,P03 (1965M 午月),56,62,62,62
2026-05-06,P03 (1965M 午月),52,58,58,58
2026-05-07,P03 (1965M 午月),60,66,66,66
2026-05-08,P03 (1965M 午月),59,65,65,65
2026-05-09,P03 (1965M 午月),69,75,75,75
2026-05-10,P03 (1965M 午月),55,61,61,61
2026-05-11,P03 (1965M 午月),59,65,65,65
2026-05-12,P03 (1965M 午月),49,55,55,55
2026-05-13,P03 (1965M 午月),62,68,68,68
2026-05-14,P03 (1965M 午月),57,63,63,63
2026-05-15,P03 (1965M 午月),47,53,53,53
2026-05-16,P03 (1965M 午月),54,60,60,60
2026-05-17,P03 (1965M 午月),64,70,70,70
2026-05-18,P03 (1965M 午月),49,55,55,55
2026-05-19,P03 (1965M 午月),57,63,63,63
2026-05-20,P03 (1965M 午月),61,67,67,67
2026-05-21,P03 (1965M 午月),72,78,78,78
2026-05-22,P03 (1965M 午月),61,67,67,67
2026-05-23,P03 (1965M 午月),58,64,64,64
2026-05-24,P03 (1965M 午月),50,56,56,56
2026-05-25,P03 (1965M 午月),60,66,66,66
2026-05-26,P03 (1965M 午月),58,64,64,64
2026-05-27,P03 (1965M 午月),47,53,53,53
2026-05-28,P03 (1965M 午月),48,54,54,54
2026-05-29,P03 (1965M 午月),60,66,66,66
2026-05-30,P03 (1965M 午月),51,57,57,57
2026-05-31,P03 (1965M 午月),61,67,67,67
2025-12-03,P04 (1968F 酉月),70,76,76,76
2025-12-04,P04 (1968F 酉月),71,77,77,77
2025-12-05,P04 (1968F 酉月),56,62,62,62
2025-12-06,P04 (1968F 酉月),63,69,69,69
2025-12-07,P04 (1968F 酉月),78,84,84,84
2025-12-08,P04 (1968F 酉月),61,67,67,67
2025-12-09,P04 (1968F 酉月),59,65,65,65
2025-12-10,P04 (1968F 酉月),57,63,63,63
2025-12-11,P04 (1968F 酉月),52,58,58,58
2025-12-12,P04 (1968F 酉月),53,59,59,59
2025-12-13,P04 (1968F 酉月),69,75,75,75
2025-12-14,P04 (1968F 酉月),46,52,52,52
2025-12-15,P04 (1968F 酉月),64,70,70,70
2025-12-16,P04 (1968F 酉月),64,70,70,70
2025-12-17,P04 (1968F 酉月),52,58,58,58
2025-12-18,P04 (1968F 酉月),55,61,61,61
2025-12-19,P04 (1968F 酉月),71,77,77,77
2025-12-20,P04 (1968F 酉月),63,69,69,69
2025-12-21,P04 (1968F 酉月),62,68,68,68
2025-12-22,P04 (1968F 酉月),63,69,69,69
2025-12-23,P04 (1968F 酉月),56,62,62,62
2025-12-24,P04 (1968F 酉月),52,58,58,58
2025-12-25,P04 (1968F 酉月),65,71,71,71
2025-12-26,P04 (1968F 酉月),44,50,50,50
2025-12-27,P04 (1968F 酉月),62,68,68,68
2025-12-28,P04 (1968F 酉月),58,64,64,64
2025-12-29,P04 (1968F 酉月),48,54,54,54
2025-12-30,P04 (1968F 酉月),54,60,60,60
2025-12-31,P04 (1968F 酉月),73,79,79,79
2026-01-01,P04 (1968F 酉月),65,71,71,71
2026-01-02,P04 (1968F 酉月),59,65,65,65
2026-01-03,P04 (1968F 酉月),55,61,61,61
2026-01-04,P04 (1968F 酉月),52,58,58,58
2026-01-05,P04 (1968F 酉月),50,56,56,56
2026-01-06,P04 (1968F 酉月),67,73,73,73
2026-01-07,P04 (1968F 酉月),46,52,52,52
2026-01-08,P04 (1968F 酉月),59,65,65,65
2026-01-09,P04 (1968F 酉月),59,65,65,65
2026-01-10,P04 (1968F 酉月),53,59,59,59
2026-01-11,P04 (1968F 酉月),63,69,69,69
2026-01-12,P04 (1968F 酉月),76,82,82,82
2026-01-13,P04 (1968F 酉月),66,72,72,72
2026-01-14,P04 (1968F 酉月),61,67,67,67
2026-01-15,P04 (1968F 酉月),60,66,66,66
2026-01-16,P04 (1968F 酉月),55,61,61,61
2026-01-17,P04 (1968F 酉月),54,60,60,60
2026-01-18,P04 (1968F 酉月),62,68,68,68
2026-01-19,P04 (1968F 酉月),48,54,54,54
2026-01-20,P04 (1968F 酉月),64,70,70,70
2026-01-21,P04 (1968F 酉月),66,72,72,72
2026-01-22,P04 (1968F 酉月),51,57,57,57
2026-01-23,P04 (1968F 酉月),61,67,67,67
2026-01-24,P04 (1968F 酉月),76,82,82,82
2026-01-25,P04 (1968F 酉月),64,70,70,70
2026-01-26,P04 (1968F 酉月),66,72,72,72
2026-01-27,P04 (1968F 酉月),60,66,66,66
2026-01-28,P04 (1968F 酉月),55,61,61,61
2026-01-29,P04 (1968F 酉月),53,59,59,59
2026-01-30,P04 (1968F 酉月),66,72,72,72
2026-01-31,P04 (1968F 酉月),50,56,56,56
2026-02-01,P04 (1968F 酉月),66,72,72,72
2026-02-02,P04 (1968F 酉月),64,70,70,70
2026-02-03,P04 (1968F 酉月),49,55,55,55
2026-02-04,P04 (1968F 酉月),53,59,59,59
2026-02-05,P04 (1968F 酉月),65,71,71,71
2026-02-06,P04 (1968F 酉月),53,59,59,59
2026-02-07,P04 (1968F 酉月),48,54,54,54
2026-02-08,P04 (1968F 酉月),48,54,54,54
2026-02-09,P04 (1968F 酉月),50,56,56,56
2026-02-10,P04 (1968F 酉月),50,56,56,56
2026-02-11,P04 (1968F 酉月),56,62,62,62
2026-02-12,P04 (1968F 酉月),45,51,51,51
2026-02-13,P04 (1968F 酉月),52,58,58,58
2026-02-14,P04 (1968F 酉月),52,58,58,58
2026-02-15,P04 (1968F 酉月),46,52,52,52
2026-02-16,P04 (1968F 酉月),50,56,56,56
2026-02-17,P04 (1968F 酉月),58,64,64,64
2026-02-18,P04 (1968F 酉月),48,54,54,54
2026-02-19,P04 (1968F 酉月),48,54,54,54
2026-02-20,P04 (1968F 酉月),50,56,56,56
2026-02-21,P04 (1968F 酉月),47,53,53,53
2026-02-22,P04 (1968F 酉月),47,53,53,53
2026-02-23,P04 (1968F 酉月),53,59,59,59
2026-02-24,P04 (1968F 酉月),47,53,53,53
2026-02-25,P04 (1968F 酉月),55,61,61,61
2026-02-26,P04 (1968F 酉月),51,57,57,57
2026-02-27,P04 (1968F 酉月),49,55,55,55
2026-02-28,P04 (1968F 酉月),49,55,55,55
2026-03-01,P04 (1968F 酉月),63,69,69,69
2026-03-02,P04 (1968F 酉月),54,60,60,60
2026-03-03,P04 (1968F 酉月),50,56,56,56
2026-03-04,P04 (1968F 酉月),51,57,57,57
2026-03-05,P04 (1968F 酉月),48,54,54,54
2026-03-06,P04 (1968F 酉月),51,57,57,57
2026-03-07,P04 (1968F 酉月),60,66,66,66
2026-03-08,P04 (1968F 酉月),48,54,54,54
2026-03-09,P04 (1968F 酉月),55,61,61,61
2026-03-10,P04 (1968F 酉月),54,60,60,60
2026-03-11,P04 (1968F 酉月),49,55,55,55
2026-03-12,P04 (1968F 酉月),58,64,64,64
2026-03-13,P04 (1968F 酉月),70,76,76,76
2026-03-14,P04 (1968F 酉月),60,66,66,66
2026-03-15,P04 (1968F 酉月),56,62,62,62
2026-03-16,P04 (1968F 酉月),53,59,59,59
2026-03-17,P04 (1968F 酉月),51,57,57,57
2026-03-18,P04 (1968F 酉月),50,56,56,56
2026-03-19,P04 (1968F 酉月),54,60,60,60
2026-03-20,P04 (1968F 酉月),48,54,54,54
2026-03-21,P04 (1968F 酉月),56,62,62,62
2026-03-22,P04 (1968F 酉月),58,64,64,64
2026-03-23,P04 (1968F 酉月),49,55,55,55
2026-03-24,P04 (1968F 酉月),58,64,64,64
2026-03-25,P04 (1968F 酉月),68,74,74,74
2026-03-26,P04 (1968F 酉月),57,63,63,63
2026-03-27,P04 (1968F 酉月),58,64,64,64
2026-03-28,P04 (1968F 酉月),55,61,61,61
2026-03-29,P04 (1968F 酉月),53,59,59,59
2026-03-30,P04 (1968F 酉月),50,56,56,56
2026-03-31,P04 (1968F 酉月),62,68,68,68
2026-04-01,P04 (1968F 酉月),48,54,54,54
2026-04-02,P04 (1968F 酉月),57,63,63,63
2026-04-03,P04 (1968F 酉月),55,61,61,61
2026-04-04,P04 (1968F 酉月),48,54,54,54
2026-04-05,P04 (1968F 酉月),61,67,67,67
2026-04-06,P04 (1968F 酉月),81,87,87,87
2026-04-07,P04 (1968F 酉月),63,69,69,69
2026-04-08,P04 (1968F 酉月),63,69,69,69
2026-04-09,P04 (1968F 酉月),59,65,65,65
2026-04-10,P04 (1968F 酉月),59,65,65,65
2026-04-11,P04 (1968F 酉月),60,66,66,66
2026-04-12,P04 (1968F 酉月),75,81,81,81
2026-04-13,P04 (1968F 酉月),50,56,56,56
2026-04-14,P04 (1968F 酉月),71,77,77,77
2026-04-15,P04 (1968F 酉月),69,75,75,75
2026-04-16,P04 (1968F 酉月),59,65,65,65
2026-04-17,P04 (1968F 酉月),63,69,69,69
2026-04-18,P04 (1968F 酉月),78,84,84,84
2026-04-19,P04 (1968F 酉月),67,73,73,73
2026-04-20,P04 (1968F 酉月),68,74,74,74
2026-04-21,P04 (1968F 酉月),67,73,73,73
2026-04-22,P04 (1968F 酉月),61,67,67,67
2026-04-23,P04 (1968F 酉月),58,64,64,64
2026-04-24,P04 (1968F 酉月),71,77,77,77
2026-04-25,P04 (1968F 酉月),48,54,54,54
2026-04-26,P04 (1968F 酉月),68,74,74,74
2026-04-27,P04 (1968F 酉月),63,69,69,69
2026-04-28,P04 (1968F 酉月),50,56,56,56
2026-04-29,P04 (1968F 酉月),57,63,63,63
2026-04-30,P04 (1968F 酉月),80,86,86,86
2026-05-01,P04 (1968F 酉月),74,80,80,80
2026-05-02,P04 (1968F 酉月),69,75,75,75
2026-05-03,P04 (1968F 酉月),66,72,72,72
2026-05-04,P04 (1968F 酉月),59,65,65,65
2026-05-05,P04 (1968F 酉月),57,63,63,63
2026-05-06,P04 (1968F 酉月),54,60,60,60
2026-05-07,P04 (1968F 酉月),46,52,52,52
2026-05-08,P04 (1968F 酉月),51,57,57,57
2026-05-09,P04 (1968F 酉月),51,57,57,57
2026-05-10,P04 (1968F 酉月),46,52,52,52
2026-05-11,P04 (1968F 酉月),53,59,59,59
2026-05-12,P04 (1968F 酉月),61,67,67,67
2026-05-13,P04 (1968F 酉月),56,62,62,62
2026-05-14,P04 (1968F 酉月),48,54,54,54
2026-05-15,P04 (1968F 酉月),49,55,55,55
2026-05-16,P04 (1968F 酉月),48,54,54,54
2026-05-17,P04 (1968F 酉月),49,55,55,55
2026-05-18,P04 (1968F 酉月),53,59,59,59
2026-05-19,P04 (1968F 酉月),45,51,51,51
2026-05-20,P04 (1968F 酉月),52,58,58,58
2026-05-21,P04 (1968F 酉月),57,63,63,63
2026-05-22,P04 (1968F 酉月),48,54,54,54
2026-05-23,P04 (1968F 酉月),55,61,61,61
2026-05-24,P04 (1968F 酉月),62,68,68,68
2026-05-25,P04 (1968F 酉月),56,62,62,62
2026-05-26,P04 (1968F 酉月),51,57,57,57
2026-05-27,P04 (1968F 酉月),49,55,55,55
2026-05-28,P04 (1968F 酉月),48,54,54,54
2026-05-29,P04 (1968F 酉月),50,56,56,56
2026-05-30,P04 (1968F 酉月),57,63,63,63
2026-05-31,P04 (1968F 酉月),47,53,53,53
2025-12-03,P05 (1972M 亥月),51,52,54,57
2025-12-04,P05 (1972M 亥月),52,53,55,58
2025-12-05,P05 (1972M 亥月),66,67,69,72
2025-12-06,P05 (1972M 亥月),59,60,62,65
2025-12-07,P05 (1972M 亥月),68,69,71,74
2025-12-08,P05 (1972M 亥月),69,70,72,75
2025-12-09,P05 (1972M 亥月),85,86,88,91
2025-12-10,P05 (1972M 亥月),85,86,88,91
2025-12-11,P05 (1972M 亥月),75,76,78,81
2025-12-12,P05 (1972M 亥月),70,71,73,76
2025-12-13,P05 (1972M 亥月),72,73,75,78
2025-12-14,P05 (1972M 亥月),78,79,81,84
2025-12-15,P05 (1972M 亥月),67,68,70,73
2025-12-16,P05 (1972M 亥月),63,64,66,69
2025-12-17,P05 (1972M 亥月),86,87,89,92
2025-12-18,P05 (1972M 亥月),74,75,77,80
2025-12-19,P05 (1972M 亥月),68,69,71,74
2025-12-20,P05 (1972M 亥月),68,69,71,74
2025-12-21,P05 (1972M 亥月),85,86,88,91
2025-12-22,P05 (1972M 亥月),85,86,88,91
2025-12-23,P05 (1972M 亥月),72,73,75,78
2025-12-24,P05 (1972M 亥月),76,77,79,82
2025-12-25,P05 (1972M 亥月),69,70,72,75
2025-12-26,P05 (1972M 亥月),70,71,73,76
2025-12-27,P05 (1972M 亥月),66,67,69,72
2025-12-28,P05 (1972M 亥月),59,60,62,65
2025-12-29,P05 (1972M 亥月),82,83,85,88
2025-12-30,P05 (1972M 亥月),73,74,76,79
2025-12-31,P05 (1972M 亥月),67,68,70,73
2026-01-01,P05 (1972M 亥月),68,69,71,74
2026-01-02,P05 (1972M 亥月),87,88,90,93
2026-01-03,P05 (1972M 亥月),87,88,90,93
2026-01-04,P05 (1972M 亥月),69,70,72,75
2026-01-05,P05 (1972M 亥月),71,72,74,77
2026-01-06,P05 (1972M 亥月),79,80,82,85
2026-01-07,P05 (1972M 亥月),74,75,77,80
2026-01-08,P05 (1972M 亥月),68,69,71,74
2026-01-09,P05 (1972M 亥月),66,67,69,72
2026-01-10,P05 (1972M 亥月),82,83,85,88
2026-01-11,P05 (1972M 亥月),76,77,79,82
2026-01-12,P05 (1972M 亥月),69,70,72,75
2026-01-13,P05 (1972M 亥月),79,80,82,85
2026-01-14,P05 (1972M 亥月),85,86,88,91
2026-01-15,P05 (1972M 亥月),84,85,87,90
2026-01-16,P05 (1972M 亥月),76,77,79,82
2026-01-17,P05 (1972M 亥月),71,72,74,77
2026-01-18,P05 (1972M 亥月),75,76,78,81
2026-01-19,P05 (1972M 亥月),74,75,77,80
2026-01-20,P05 (1972M 亥月),66,67,69,72
2026-01-21,P05 (1972M 亥月),63,64,66,69
2026-01-22,P05 (1972M 亥月),85,86,88,91
2026-01-23,P05 (1972M 亥月),82,83,85,88
2026-01-24,P05 (1972M 亥月),68,69,71,74
2026-01-25,P05 (1972M 亥月),74,75,77,80
2026-01-26,P05 (1972M 亥月),85,86,88,91
2026-01-27,P05 (1972M 亥月),84,85,87,90
2026-01-28,P05 (1972M 亥月),77,78,80,83
2026-01-29,P05 (1972M 亥月),71,72,74,77
2026-01-30,P05 (1972M 亥月),72,73,75,78
2026-01-31,P05 (1972M 亥月),72,73,75,78
2026-02-01,P05 (1972M 亥月),69,70,72,75
2026-02-02,P05 (1972M 亥月),71,72,74,77
2026-02-03,P05 (1972M 亥月),83,84,86,89
2026-02-04,P05 (1972M 亥月),57,58,60,63
2026-02-05,P05 (1972M 亥月),48,49,51,54
2026-02-06,P05 (1972M 亥月),50,51,53,56
2026-02-07,P05 (1972M 亥月),73,74,76,79
2026-02-08,P05 (1972M 亥月),69,70,72,75
2026-02-09,P05 (1972M 亥月),53,54,56,59
2026-02-10,P05 (1972M 亥月),51,52,54,57
2026-02-11,P05 (1972M 亥月),56,57,59,62
2026-02-12,P05 (1972M 亥月),61,62,64,67
2026-02-13,P05 (1972M 亥月),51,52,54,57
2026-02-14,P05 (1972M 亥月),49,50,52,55
2026-02-15,P05 (1972M 亥月),70,71,73,76
2026-02-16,P05 (1972M 亥月),55,56,58,61
2026-02-17,P05 (1972M 亥月),50,51,53,56
2026-02-18,P05 (1972M 亥月),53,54,56,59
2026-02-19,P05 (1972M 亥月),73,74,76,79
2026-02-20,P05 (1972M 亥月),74,75,77,80
2026-02-21,P05 (1972M 亥月),55,56,58,61
2026-02-22,P05 (1972M 亥月),58,59,61,64
2026-02-23,P05 (1972M 亥月),52,53,55,58
2026-02-24,P05 (1972M 亥月),55,56,58,61
2026-02-25,P05 (1972M 亥月),49,50,52,55
2026-02-26,P05 (1972M 亥月),46,47,49,52
2026-02-27,P05 (1972M 亥月),66,67,69,72
2026-02-28,P05 (1972M 亥月),57,58,60,63
2026-03-01,P05 (1972M 亥月),49,50,52,55
2026-03-02,P05 (1972M 亥月),52,53,55,58
2026-03-03,P05 (1972M 亥月),75,76,78,81
2026-03-04,P05 (1972M 亥月),81,82,84,87
2026-03-05,P05 (1972M 亥月),58,59,61,64
2026-03-06,P05 (1972M 亥月),56,57,59,62
2026-03-07,P05 (1972M 亥月),59,60,62,65
2026-03-08,P05 (1972M 亥月),54,55,57,60
2026-03-09,P05 (1972M 亥月),50,51,53,56
2026-03-10,P05 (1972M 亥月),48,49,51,54
2026-03-11,P05 (1972M 亥月),66,67,69,72
2026-03-12,P05 (1972M 亥月),62,63,65,68
2026-03-13,P05 (1972M 亥月),51,52,54,57
2026-03-14,P05 (1972M 亥月),62,63,65,68
2026-03-15,P05 (1972M 亥月),78,79,81,84
2026-03-16,P05 (1972M 亥月),79,80,82,85
2026-03-17,P05 (1972M 亥月),62,63,65,68
2026-03-18,P05 (1972M 亥月),54,55,57,60
2026-03-19,P05 (1972M 亥月),60,61,63,66
2026-03-20,P05 (1972M 亥月),57,58,60,63
2026-03-21,P05 (1972M 亥月),50,51,53,56
2026-03-22,P05 (1972M 亥月),48,49,51,54
2026-03-23,P05 (1972M 亥月),64,65,67,70
2026-03-24,P05 (1972M 亥月),64,65,67,70
2026-03-25,P05 (1972M 亥月),49,50,52,55
2026-03-26,P05 (1972M 亥月),55,56,58,61
2026-03-27,P05 (1972M 亥月),81,82,84,87
2026-03-28,P05 (1972M 亥月),74,75,77,80
2026-03-29,P05 (1972M 亥月),60,61,63,66
2026-03-30,P05 (1972M 亥月),53,54,56,59
2026-03-31,P05 (1972M 亥月),54,55,57,60
2026-04-01,P05 (1972M 亥月),53,54,56,59
2026-04-02,P05 (1972M 亥月),49,50,52,55
2026-04-03,P05 (1972M 亥月),50,51,53,56
2026-04-04,P05 (1972M 亥月),64,65,67,70
2026-04-05,P05 (1972M 亥月),60,61,63,66
2026-04-06,P05 (1972M 亥月),57,58,60,63
2026-04-07,P05 (1972M 亥月),52,53,55,58
2026-04-08,P05 (1972M 亥月),78,79,81,84
2026-04-09,P05 (1972M 亥月),76,77,79,82
2026-04-10,P05 (1972M 亥月),60,61,63,66
2026-04-11,P05 (1972M 亥月),58,59,61,64
2026-04-12,P05 (1972M 亥月),58,59,61,64
2026-04-13,P05 (1972M 亥月),60,61,63,66
2026-04-14,P05 (1972M 亥月),51,52,54,57
2026-04-15,P05 (1972M 亥月),49,50,52,55
2026-04-16,P05 (1972M 亥月),73,74,76,79
2026-04-17,P05 (1972M 亥月),54,55,57,60
2026-04-18,P05 (1972M 亥月),52,53,55,58
2026-04-19,P05 (1972M 亥月),52,53,55,58
2026-04-20,P05 (1972M 亥月),77,78,80,83
2026-04-21,P05 (1972M 亥月),77,78,80,83
2026-04-22,P05 (1972M 亥月),57,58,60,63
2026-04-23,P05 (1972M 亥月),61,62,64,67
2026-04-24,P05 (1972M 亥月),56,57,59,62
2026-04-25,P05 (1972M 亥月),54,55,57,60
2026-04-26,P05 (1972M 亥月),52,53,55,58
2026-04-27,P05 (1972M 亥月),48,49,51,54
2026-04-28,P05 (1972M 亥月),67,68,70,73
2026-04-29,P05 (1972M 亥月),59,60,62,65
2026-04-30,P05 (1972M 亥月),52,53,55,58
2026-05-01,P05 (1972M 亥月),52,53,55,58
2026-05-02,P05 (1972M 亥月),76,77,79,82
2026-05-03,P05 (1972M 亥月),82,83,85,88
2026-05-04,P05 (1972M 亥月),58,59,61,64
2026-05-05,P05 (1972M 亥月),56,57,59,62
2026-05-06,P05 (1972M 亥月),48,49,51,54
2026-05-07,P05 (1972M 亥月),52,53,55,58
2026-05-08,P05 (1972M 亥月),50,51,53,56
2026-05-09,P05 (1972M 亥月),47,48,50,53
2026-05-10,P05 (1972M 亥月),59,60,62,65
2026-05-11,P05 (1972M 亥月),55,56,58,61
2026-05-12,P05 (1972M 亥月),48,49,51,54
2026-05-13,P05 (1972M 亥月),59,60,62,65
2026-05-14,P05 (1972M 亥月),69,70,72,75
2026-05-15,P05 (1972M 亥月),71,72,74,77
2026-05-16,P05 (1972M 亥月),51,52,54,57
2026-05-17,P05 (1972M 亥月),48,49,51,54
2026-05-18,P05 (1972M 亥月),48,49,51,54
2026-05-19,P05 (1972M 亥月),53,54,56,59
2026-05-20,P05 (1972M 亥月),45,46,48,51
2026-05-21,P05 (1972M 亥月),46,47,49,52
2026-05-22,P05 (1972M 亥月),58,59,61,64
2026-05-23,P05 (1972M 亥月),61,62,64,67
2026-05-24,P05 (1972M 亥月),50,51,53,56
2026-05-25,P05 (1972M 亥月),57,58,60,63
2026-05-26,P05 (1972M 亥月),75,76,78,81
2026-05-27,P05 (1972M 亥月),74,75,77,80
2026-05-28,P05 (1972M 亥月),54,55,57,60
2026-05-29,P05 (1972M 亥月),51,52,54,57
2026-05-30,P05 (1972M 亥月),49,50,52,55
2026-05-31,P05 (1972M 亥月),54,55,57,60
2025-12-03,P06 (1975F 寅月),86,89,91,92
2025-12-04,P06 (1975F 寅月),82,85,87,88
2025-12-05,P06 (1975F 寅月),56,59,61,62
2025-12-06,P06 (1975F 寅月),63,66,68,69
2025-12-07,P06 (1975F 寅月),65,68,70,71
2025-12-08,P06 (1975F 寅月),60,63,65,66
2025-12-09,P06 (1975F 寅月),46,49,51,52
2025-12-10,P06 (1975F 寅月),53,56,58,59
2025-12-11,P06 (1975F 寅月),57,60,62,63
2025-12-12,P06 (1975F 寅月),50,53,55,56
2025-12-13,P06 (1975F 寅月),67,70,72,73
2025-12-14,P06 (1975F 寅月),49,52,54,55
2025-12-15,P06 (1975F 寅月),64,67,69,70
2025-12-16,P06 (1975F 寅月),64,67,69,70
2025-12-17,P06 (1975F 寅月),45,48,50,51
2025-12-18,P06 (1975F 寅月),53,56,58,59
2025-12-19,P06 (1975F 寅月),65,68,70,71
2025-12-20,P06 (1975F 寅月),67,70,72,73
2025-12-21,P06 (1975F 寅月),46,49,51,52
2025-12-22,P06 (1975F 寅月),50,53,55,56
2025-12-23,P06 (1975F 寅月),66,69,71,72
2025-12-24,P06 (1975F 寅月),54,57,59,60
2025-12-25,P06 (1975F 寅月),62,65,67,68
2025-12-26,P06 (1975F 寅月),53,56,58,59
2025-12-27,P06 (1975F 寅月),63,66,68,69
2025-12-28,P06 (1975F 寅月),65,68,70,71
2025-12-29,P06 (1975F 寅月),45,48,50,51
2025-12-30,P06 (1975F 寅月),52,55,57,58
2025-12-31,P06 (1975F 寅月),63,66,68,69
2026-01-01,P06 (1975F 寅月),60,63,65,66
2026-01-02,P06 (1975F 寅月),47,50,52,53
2026-01-03,P06 (1975F 寅月),53,56,58,59
2026-01-04,P06 (1975F 寅月),61,64,66,67
2026-01-05,P06 (1975F 寅月),55,58,60,61
2026-01-06,P06 (1975F 寅月),65,68,70,71
2026-01-07,P06 (1975F 寅月),56,59,61,62
2026-01-08,P06 (1975F 寅月),69,72,74,75
2026-01-09,P06 (1975F 寅月),74,77,79,80
2026-01-10,P06 (1975F 寅月),45,48,50,51
2026-01-11,P06 (1975F 寅月),53,56,58,59
2026-01-12,P06 (1975F 寅月),79,82,84,85
2026-01-13,P06 (1975F 寅月),66,69,71,72
2026-01-14,P06 (1975F 寅月),46,49,51,52
2026-01-15,P06 (1975F 寅月),54,57,59,60
2026-01-16,P06 (1975F 寅月),64,67,69,70
2026-01-17,P06 (1975F 寅月),53,56,58,59
2026-01-18,P06 (1975F 寅月),62,65,67,68
2026-01-19,P06 (1975F 寅月),59,62,64,65
2026-01-20,P06 (1975F 寅月),67,70,72,73
2026-01-21,P06 (1975F 寅月),68,71,73,74
2026-01-22,P06 (1975F 寅月),48,51,53,54
2026-01-23,P06 (1975F 寅月),50,53,55,56
2026-01-24,P06 (1975F 寅月),71,74,76,77
2026-01-25,P06 (1975F 寅月),59,62,64,65
2026-01-26,P06 (1975F 寅月),46,49,51,52
2026-01-27,P06 (1975F 寅月),54,57,59,60
2026-01-28,P06 (1975F 寅月),63,66,68,69
2026-01-29,P06 (1975F 寅月),57,60,62,63
2026-01-30,P06 (1975F 寅月),64,67,69,70
2026-01-31,P06 (1975F 寅月),56,59,61,62
2026-02-01,P06 (1975F 寅月),78,81,83,84
2026-02-02,P06 (1975F 寅月),70,73,75,76
2026-02-03,P06 (1975F 寅月),46,49,51,52
2026-02-04,P06 (1975F 寅月),63,66,68,69
2026-02-05,P06 (1975F 寅月),77,80,82,83
2026-02-06,P06 (1975F 寅月),74,77,79,80
2026-02-07,P06 (1975F 寅月),55,58,60,61
2026-02-08,P06 (1975F 寅月),67,70,72,73
2026-02-09,P06 (1975F 寅月),71,74,76,77
2026-02-10,P06 (1975F 寅月),58,61,63,64
2026-02-11,P06 (1975F 寅月),81,84,86,87
2026-02-12,P06 (1975F 寅月),61,64,66,67
2026-02-13,P06 (1975F 寅月),76,79,81,82
2026-02-14,P06 (1975F 寅月),75,78,80,81
2026-02-15,P06 (1975F 寅月),55,58,60,61
2026-02-16,P06 (1975F 寅月),64,67,69,70
2026-02-17,P06 (1975F 寅月),77,80,82,83
2026-02-18,P06 (1975F 寅月),77,80,82,83
2026-02-19,P06 (1975F 寅月),54,57,59,60
2026-02-20,P06 (1975F 寅月),61,64,66,67
2026-02-21,P06 (1975F 寅月),79,82,84,85
2026-02-22,P06 (1975F 寅月),63,66,68,69
2026-02-23,P06 (1975F 寅月),72,75,77,78
2026-02-24,P06 (1975F 寅月),59,62,64,65
2026-02-25,P06 (1975F 寅月),75,78,80,81
2026-02-26,P06 (1975F 寅月),78,81,83,84
2026-02-27,P06 (1975F 寅月),55,58,60,61
2026-02-28,P06 (1975F 寅月),64,67,69,70
2026-03-01,P06 (1975F 寅月),75,78,80,81
2026-03-02,P06 (1975F 寅月),70,73,75,76
2026-03-03,P06 (1975F 寅月),59,62,64,65
2026-03-04,P06 (1975F 寅月),63,66,68,69
2026-03-05,P06 (1975F 寅月),73,76,78,79
2026-03-06,P06 (1975F 寅月),60,63,65,66
2026-03-07,P06 (1975F 寅月),65,68,70,71
2026-03-08,P06 (1975F 寅月),57,60,62,63
2026-03-09,P06 (1975F 寅月),69,72,74,75
2026-03-10,P06 (1975F 寅月),71,74,76,77
2026-03-11,P06 (1975F 寅月),51,54,56,57
2026-03-12,P06 (1975F 寅月),55,58,60,61
2026-03-13,P06 (1975F 寅月),74,77,79,80
2026-03-14,P06 (1975F 寅月),68,71,73,74
2026-03-15,P06 (1975F 寅月),52,55,57,58
2026-03-16,P06 (1975F 寅月),57,60,62,63
2026-03-17,P06 (1975F 寅月),62,65,67,68
2026-03-18,P06 (1975F 寅月),58,61,63,64
2026-03-19,P06 (1975F 寅月),63,66,68,69
2026-03-20,P06 (1975F 寅月),57,60,62,63
2026-03-21,P06 (1975F 寅月),66,69,71,72
2026-03-22,P06 (1975F 寅月),64,67,69,70
2026-03-23,P06 (1975F 寅月),51,54,56,57
2026-03-24,P06 (1975F 寅月),57,60,62,63
2026-03-25,P06 (1975F 寅月),72,75,77,78
2026-03-26,P06 (1975F 寅月),63,66,68,69
2026-03-27,P06 (1975F 寅月),49,52,54,55
2026-03-28,P06 (1975F 寅月),59,62,64,65
2026-03-29,P06 (1975F 寅月),64,67,69,70
2026-03-30,P06 (1975F 寅月),60,63,65,66
2026-03-31,P06 (1975F 寅月),64,67,69,70
2026-04-01,P06 (1975F 寅月),52,55,57,58
2026-04-02,P06 (1975F 寅月),73,76,78,79
2026-04-03,P06 (1975F 寅月),69,72,74,75
2026-04-04,P06 (1975F 寅月),50,53,55,56
2026-04-05,P06 (1975F 寅月),62,65,67,68
2026-04-06,P06 (1975F 寅月),75,78,80,81
2026-04-07,P06 (1975F 寅月),72,75,77,78
2026-04-08,P06 (1975F 寅月),55,58,60,61
2026-04-09,P06 (1975F 寅月),64,67,69,70
2026-04-10,P06 (1975F 寅月),68,71,73,74
2026-04-11,P06 (1975F 寅月),58,61,63,64
2026-04-12,P06 (1975F 寅月),76,79,81,82
2026-04-13,P06 (1975F 寅月),60,63,65,66
2026-04-14,P06 (1975F 寅月),75,78,80,81
2026-04-15,P06 (1975F 寅月),75,78,80,81
2026-04-16,P06 (1975F 寅月),53,56,58,59
2026-04-17,P06 (1975F 寅月),62,65,67,68
2026-04-18,P06 (1975F 寅月),75,78,80,81
2026-04-19,P06 (1975F 寅月),77,80,82,83
2026-04-20,P06 (1975F 寅月),53,56,58,59
2026-04-21,P06 (1975F 寅月),58,61,63,64
2026-04-22,P06 (1975F 寅月),77,80,82,83
2026-04-23,P06 (1975F 寅月),61,64,66,67
2026-04-24,P06 (1975F 寅月),71,74,76,77
2026-04-25,P06 (1975F 寅月),59,62,64,65
2026-04-26,P06 (1975F 寅月),75,78,80,81
2026-04-27,P06 (1975F 寅月),76,79,81,82
2026-04-28,P06 (1975F 寅月),52,55,57,58
2026-04-29,P06 (1975F 寅月),61,64,66,67
2026-04-30,P06 (1975F 寅月),71,74,76,77
2026-05-01,P06 (1975F 寅月),71,74,76,77
2026-05-02,P06 (1975F 寅月),59,62,64,65
2026-05-03,P06 (1975F 寅月),63,66,68,69
2026-05-04,P06 (1975F 寅月),72,75,77,78
2026-05-05,P06 (1975F 寅月),62,65,67,68
2026-05-06,P06 (1975F 寅月),62,65,67,68
2026-05-07,P06 (1975F 寅月),52,55,57,58
2026-05-08,P06 (1975F 寅月),64,67,69,70
2026-05-09,P06 (1975F 寅月),74,77,79,80
2026-05-10,P06 (1975F 寅月),48,51,53,54
2026-05-11,P06 (1975F 寅月),50,53,55,56
2026-05-12,P06 (1975F 寅月),76,79,81,82
2026-05-13,P06 (1975F 寅月),63,66,68,69
2026-05-14,P06 (1975F 寅月),49,52,54,55
2026-05-15,P06 (1975F 寅月),56,59,61,62
2026-05-16,P06 (1975F 寅月),61,64,66,67
2026-05-17,P06 (1975F 寅月),52,55,57,58
2026-05-18,P06 (1975F 寅月),62,65,67,68
2026-05-19,P06 (1975F 寅月),59,62,64,65
2026-05-20,P06 (1975F 寅月),63,66,68,69
2026-05-21,P06 (1975F 寅月),68,71,73,74
2026-05-22,P06 (1975F 寅月),50,53,55,56
2026-05-23,P06 (1975F 寅月),53,56,58,59
2026-05-24,P06 (1975F 寅月),68,71,73,74
2026-05-25,P06 (1975F 寅月),59,62,64,65
2026-05-26,P06 (1975F 寅月),46,49,51,52
2026-05-27,P06 (1975F 寅月),52,55,57,58
2026-05-28,P06 (1975F 寅月),59,62,64,65
2026-05-29,P06 (1975F 寅月),54,57,59,60
2026-05-30,P06 (1975F 寅月),62,65,67,68
2026-05-31,P06 (1975F 寅月),55,58,60,61
2025-12-03,P07 (1978M 未月),59,65,65,65
2025-12-04,P07 (1978M 未月),66,72,72,72
2025-12-05,P07 (1978M 未月),65,71,71,71
2025-12-06,P07 (1978M 未月),54,60,60,60
2025-12-07,P07 (1978M 未月),59,65,65,65
2025-12-08,P07 (1978M 未月),54,60,60,60
2025-12-09,P07 (1978M 未月),51,57,57,57
2025-12-10,P07 (1978M 未月),46,52,52,52
2025-12-11,P07 (1978M 未月),61,67,67,67
2025-12-12,P07 (1978M 未月),50,56,56,56
2025-12-13,P07 (1978M 未月),50,56,56,56
2025-12-14,P07 (1978M 未月),52,58,58,58
2025-12-15,P07 (1978M 未月),53,59,59,59
2025-12-16,P07 (1978M 未月),60,66,66,66
2025-12-17,P07 (1978M 未月),50,56,56,56
2025-12-18,P07 (1978M 未月),49,55,55,55
2025-12-19,P07 (1978M 未月),59,65,65,65
2025-12-20,P07 (1978M 未月),53,59,59,59
2025-12-21,P07 (1978M 未月),52,58,58,58
2025-12-22,P07 (1978M 未月),50,56,56,56
2025-12-23,P07 (1978M 未月),58,64,64,64
2025-12-24,P07 (1978M 未月),49,55,55,55
2025-12-25,P07 (1978M 未月),52,58,58,58
2025-12-26,P07 (1978M 未月),54,60,60,60
2025-12-27,P07 (1978M 未月),55,61,61,61
2025-12-28,P07 (1978M 未月),56,62,62,62
2025-12-29,P07 (1978M 未月),53,59,59,59
2025-12-30,P07 (1978M 未月),50,56,56,56
2025-12-31,P07 (1978M 未月),62,68,68,68
2026-01-01,P07 (1978M 未月),56,62,62,62
2026-01-02,P07 (1978M 未月),50,56,56,56
2026-01-03,P07 (1978M 未月),49,55,55,55
2026-01-04,P07 (1978M 未月),60,66,66,66
2026-01-05,P07 (1978M 未月),52,58,58,58
2026-01-06,P07 (1978M 未月),62,68,68,68
2026-01-07,P07 (1978M 未月),55,61,61,61
2026-01-08,P07 (1978M 未月),55,61,61,61
2026-01-09,P07 (1978M 未月),62,68,68,68
2026-01-10,P07 (1978M 未月),55,61,61,61
2026-01-11,P07 (1978M 未月),52,58,58,58
2026-01-12,P07 (1978M 未月),65,71,71,71
2026-01-13,P07 (1978M 未月),58,64,64,64
2026-01-14,P07 (1978M 未月),50,56,56,56
2026-01-15,P07 (1978M 未月),55,61,61,61
2026-01-16,P07 (1978M 未月),72,78,78,78
2026-01-17,P07 (1978M 未月),59,65,65,65
2026-01-18,P07 (1978M 未月),56,62,62,62
2026-01-19,P07 (1978M 未月),52,58,58,58
2026-01-20,P07 (1978M 未月),54,60,60,60
2026-01-21,P07 (1978M 未月),66,72,72,72
2026-01-22,P07 (1978M 未月),57,63,63,63
2026-01-23,P07 (1978M 未月),48,54,54,54
2026-01-24,P07 (1978M 未月),72,78,78,78
2026-01-25,P07 (1978M 未月),64,70,70,70
2026-01-26,P07 (1978M 未月),50,56,56,56
2026-01-27,P07 (1978M 未月),53,59,59,59
2026-01-28,P07 (1978M 未月),66,72,72,72
2026-01-29,P07 (1978M 未月),54,60,60,60
2026-01-30,P07 (1978M 未月),54,60,60,60
2026-01-31,P07 (1978M 未月),56,62,62,62
2026-02-01,P07 (1978M 未月),55,61,61,61
2026-02-02,P07 (1978M 未月),62,68,68,68
2026-02-03,P07 (1978M 未月),60,66,66,66
2026-02-04,P07 (1978M 未月),57,63,63,63
2026-02-05,P07 (1978M 未月),77,83,83,83
2026-02-06,P07 (1978M 未月),67,73,73,73
2026-02-07,P07 (1978M 未月),55,61,61,61
2026-02-08,P07 (1978M 未月),55,61,61,61
2026-02-09,P07 (1978M 未月),72,78,78,78
2026-02-10,P07 (1978M 未月),65,71,71,71
2026-02-11,P07 (1978M 未月),62,68,68,68
2026-02-12,P07 (1978M 未月),57,63,63,63
2026-02-13,P07 (1978M 未月),64,70,70,70
2026-02-14,P07 (1978M 未月),70,76,76,76
2026-02-15,P07 (1978M 未月),64,70,70,70
2026-02-16,P07 (1978M 未月),53,59,59,59
2026-02-17,P07 (1978M 未月),72,78,78,78
2026-02-18,P07 (1978M 未月),65,71,71,71
2026-02-19,P07 (1978M 未月),54,60,60,60
2026-02-20,P07 (1978M 未月),60,66,66,66
2026-02-21,P07 (1978M 未月),70,76,76,76
2026-02-22,P07 (1978M 未月),57,63,63,63
2026-02-23,P07 (1978M 未月),63,69,69,69
2026-02-24,P07 (1978M 未月),57,63,63,63
2026-02-25,P07 (1978M 未月),61,67,67,67
2026-02-26,P07 (1978M 未月),67,73,73,73
2026-02-27,P07 (1978M 未月),62,68,68,68
2026-02-28,P07 (1978M 未月),49,55,55,55
2026-03-01,P07 (1978M 未月),71,77,77,77
2026-03-02,P07 (1978M 未月),69,75,75,75
2026-03-03,P07 (1978M 未月),52,58,58,58
2026-03-04,P07 (1978M 未月),54,60,60,60
2026-03-05,P07 (1978M 未月),75,81,81,81
2026-03-06,P07 (1978M 未月),64,70,70,70
2026-03-07,P07 (1978M 未月),66,72,72,72
2026-03-08,P07 (1978M 未月),61,67,67,67
2026-03-09,P07 (1978M 未月),58,64,64,64
2026-03-10,P07 (1978M 未月),67,73,73,73
2026-03-11,P07 (1978M 未月),61,67,67,67
2026-03-12,P07 (1978M 未月),57,63,63,63
2026-03-13,P07 (1978M 未月),72,78,78,78
2026-03-14,P07 (1978M 未月),64,70,70,70
2026-03-15,P07 (1978M 未月),57,63,63,63
2026-03-16,P07 (1978M 未月),61,67,67,67
2026-03-17,P07 (1978M 未月),77,83,83,83
2026-03-18,P07 (1978M 未月),64,70,70,70
2026-03-19,P07 (1978M 未月),63,69,69,69
2026-03-20,P07 (1978M 未月),57,63,63,63
2026-03-21,P07 (1978M 未月),60,66,66,66
2026-03-22,P07 (1978M 未月),72,78,78,78
2026-03-23,P07 (1978M 未月),62,68,68,68
2026-03-24,P07 (1978M 未月),52,58,58,58
2026-03-25,P07 (1978M 未月),78,84,84,84
2026-03-26,P07 (1978M 未月),72,78,78,78
2026-03-27,P07 (1978M 未月),58,64,64,64
2026-03-28,P07 (1978M 未月),61,67,67,67
2026-03-29,P07 (1978M 未月),75,81,81,81
2026-03-30,P07 (1978M 未月),61,67,67,67
2026-03-31,P07 (1978M 未月),60,66,66,66
2026-04-01,P07 (1978M 未月),61,67,67,67
2026-04-02,P07 (1978M 未月),59,65,65,65
2026-04-03,P07 (1978M 未月),65,71,71,71
2026-04-04,P07 (1978M 未月),65,71,71,71
2026-04-05,P07 (1978M 未月),53,59,59,59
2026-04-06,P07 (1978M 未月),74,80,80,80
2026-04-07,P07 (1978M 未月),65,71,71,71
2026-04-08,P07 (1978M 未月),53,59,59,59
2026-04-09,P07 (1978M 未月),53,59,59,59
2026-04-10,P07 (1978M 未月),68,74,74,74
2026-04-11,P07 (1978M 未月),63,69,69,69
2026-04-12,P07 (1978M 未月),59,65,65,65
2026-04-13,P07 (1978M 未月),52,58,58,58
2026-04-14,P07 (1978M 未月),60,66,66,66
2026-04-15,P07 (1978M 未月),68,74,74,74
2026-04-16,P07 (1978M 未月),65,71,71,71
2026-04-17,P07 (1978M 未月),53,59,59,59
2026-04-18,P07 (1978M 未月),71,77,77,77
2026-04-19,P07 (1978M 未月),63,69,69,69
2026-04-20,P07 (1978M 未月),52,58,58,58
2026-04-21,P07 (1978M 未月),59,65,65,65
2026-04-22,P07 (1978M 未月),67,73,73,73
2026-04-23,P07 (1978M 未月),54,60,60,60
2026-04-24,P07 (1978M 未月),60,66,66,66
2026-04-25,P07 (1978M 未月),56,62,62,62
2026-04-26,P07 (1978M 未月),61,67,67,67
2026-04-27,P07 (1978M 未月),67,73,73,73
2026-04-28,P07 (1978M 未月),59,65,65,65
2026-04-29,P07 (1978M 未月),50,56,56,56
2026-04-30,P07 (1978M 未月),70,76,76,76
2026-05-01,P07 (1978M 未月),70,76,76,76
2026-05-02,P07 (1978M 未月),51,57,57,57
2026-05-03,P07 (1978M 未月),54,60,60,60
2026-05-04,P07 (1978M 未月),73,79,79,79
2026-05-05,P07 (1978M 未月),61,67,67,67
2026-05-06,P07 (1978M 未月),58,64,64,64
2026-05-07,P07 (1978M 未月),54,60,60,60
2026-05-08,P07 (1978M 未月),58,64,64,64
2026-05-09,P07 (1978M 未月),60,66,66,66
2026-05-10,P07 (1978M 未月),53,59,59,59
2026-05-11,P07 (1978M 未月),51,57,57,57
2026-05-12,P07 (1978M 未月),65,71,71,71
2026-05-13,P07 (1978M 未月),57,63,63,63
2026-05-14,P07 (1978M 未月),54,60,60,60
2026-05-15,P07 (1978M 未月),54,60,60,60
2026-05-16,P07 (1978M 未月),68,74,74,74
2026-05-17,P07 (1978M 未月),56,62,62,62
2026-05-18,P07 (1978M 未月),54,60,60,60
2026-05-19,P07 (1978M 未月),52,58,58,58
2026-05-20,P07 (1978M 未月),56,62,62,62
2026-05-21,P07 (1978M 未月),66,72,72,72
2026-05-22,P07 (1978M 未月),55,61,61,61
2026-05-23,P07 (1978M 未月),50,56,56,56
2026-05-24,P07 (1978M 未月),72,78,78,78
2026-05-25,P07 (1978M 未月),61,67,67,67
2026-05-26,P07 (1978M 未月),55,61,61,61
2026-05-27,P07 (1978M 未月),56,62,62,62
2026-05-28,P07 (1978M 未月),67,73,73,73
2026-05-29,P07 (1978M 未月),54,60,60,60
2026-05-30,P07 (1978M 未月),57,63,63,63
2026-05-31,P07 (1978M 未月),56,62,62,62
2025-12-03,P08 (1981F 辰月),58,57,59,62
2025-12-04,P08 (1981F 辰月),51,50,52,55
2025-12-05,P08 (1981F 辰月),60,59,61,64
2025-12-06,P08 (1981F 辰月),81,80,82,85
2025-12-07,P08 (1981F 辰月),55,54,56,59
2025-12-08,P08 (1981F 辰月),53,52,54,57
2025-12-09,P08 (1981F 辰月),64,63,65,68
2025-12-10,P08 (1981F 辰月),61,60,62,65
2025-12-11,P08 (1981F 辰月),60,59,61,64
2025-12-12,P08 (1981F 辰月),51,50,52,55
2025-12-13,P08 (1981F 辰月),83,82,84,87
2025-12-14,P08 (1981F 辰月),65,64,66,69
2025-12-15,P08 (1981F 辰月),62,61,63,66
2025-12-16,P08 (1981F 辰月),55,54,56,59
2025-12-17,P08 (1981F 辰月),74,73,75,78
2025-12-18,P08 (1981F 辰月),87,86,88,91
2025-12-19,P08 (1981F 辰月),51,50,52,55
2025-12-20,P08 (1981F 辰月),52,51,53,56
2025-12-21,P08 (1981F 辰月),68,67,69,72
2025-12-22,P08 (1981F 辰月),65,64,66,69
2025-12-23,P08 (1981F 辰月),58,57,59,62
2025-12-24,P08 (1981F 辰月),52,51,53,56
2025-12-25,P08 (1981F 辰月),83,82,84,87
2025-12-26,P08 (1981F 辰月),63,62,64,67
2025-12-27,P08 (1981F 辰月),71,70,72,75
2025-12-28,P08 (1981F 辰月),58,57,59,62
2025-12-29,P08 (1981F 辰月),71,70,72,75
2025-12-30,P08 (1981F 辰月),87,86,88,91
2025-12-31,P08 (1981F 辰月),53,52,54,57
2026-01-01,P08 (1981F 辰月),57,56,58,61
2026-01-02,P08 (1981F 辰月),65,64,66,69
2026-01-03,P08 (1981F 辰月),64,63,65,68
2026-01-04,P08 (1981F 辰月),58,57,59,62
2026-01-05,P08 (1981F 辰月),52,51,53,56
2026-01-06,P08 (1981F 辰月),88,87,89,92
2026-01-07,P08 (1981F 辰月),71,70,72,75
2026-01-08,P08 (1981F 辰月),70,69,71,74
2026-01-09,P08 (1981F 辰月),60,59,61,64
2026-01-10,P08 (1981F 辰月),70,69,71,74
2026-01-11,P08 (1981F 辰月),90,89,91,94
2026-01-12,P08 (1981F 辰月),59,58,60,63
2026-01-13,P08 (1981F 辰月),59,58,60,63
2026-01-14,P08 (1981F 辰月),64,63,65,68
2026-01-15,P08 (1981F 辰月),63,62,64,67
2026-01-16,P08 (1981F 辰月),62,61,63,66
2026-01-17,P08 (1981F 辰月),56,55,57,60
2026-01-18,P08 (1981F 辰月),85,84,86,89
2026-01-19,P08 (1981F 辰月),68,67,69,72
2026-01-20,P08 (1981F 辰月),67,66,68,71
2026-01-21,P08 (1981F 辰月),61,60,62,65
2026-01-22,P08 (1981F 辰月),72,71,73,76
2026-01-23,P08 (1981F 辰月),91,90,92,95
2026-01-24,P08 (1981F 辰月),57,56,58,61
2026-01-25,P08 (1981F 辰月),53,52,54,57
2026-01-26,P08 (1981F 辰月),70,69,71,74
2026-01-27,P08 (1981F 辰月),64,63,65,68
2026-01-28,P08 (1981F 辰月),59,58,60,63
2026-01-29,P08 (1981F 辰月),54,53,55,58
2026-01-30,P08 (1981F 辰月),86,85,87,90
2026-01-31,P08 (1981F 辰月),68,67,69,72
2026-02-01,P08 (1981F 辰月),63,62,64,67
2026-02-02,P08 (1981F 辰月),59,58,60,63
2026-02-03,P08 (1981F 辰月),68,67,69,72
2026-02-04,P08 (1981F 辰月),82,81,83,86
2026-02-05,P08 (1981F 辰月),50,49,51,54
2026-02-06,P08 (1981F 辰月),49,48,50,53
2026-02-07,P08 (1981F 辰月),61,60,62,65
2026-02-08,P08 (1981F 辰月),56,55,57,60
2026-02-09,P08 (1981F 辰月),56,55,57,60
2026-02-10,P08 (1981F 辰月),50,49,51,54
2026-02-11,P08 (1981F 辰月),80,79,81,84
2026-02-12,P08 (1981F 辰月),63,62,64,67
2026-02-13,P08 (1981F 辰月),60,59,61,64
2026-02-14,P08 (1981F 辰月),52,51,53,56
2026-02-15,P08 (1981F 辰月),69,68,70,73
2026-02-16,P08 (1981F 辰月),82,81,83,86
2026-02-17,P08 (1981F 辰月),48,47,49,52
2026-02-18,P08 (1981F 辰月),48,47,49,52
2026-02-19,P08 (1981F 辰月),62,61,63,66
2026-02-20,P08 (1981F 辰月),60,59,61,64
2026-02-21,P08 (1981F 辰月),52,51,53,56
2026-02-22,P08 (1981F 辰月),50,49,51,54
2026-02-23,P08 (1981F 辰月),80,79,81,84
2026-02-24,P08 (1981F 辰月),59,58,60,63
2026-02-25,P08 (1981F 辰月),65,64,66,69
2026-02-26,P08 (1981F 辰月),52,51,53,56
2026-02-27,P08 (1981F 辰月),64,63,65,68
2026-02-28,P08 (1981F 辰月),82,81,83,86
2026-03-01,P08 (1981F 辰月),50,49,51,54
2026-03-02,P08 (1981F 辰月),52,51,53,56
2026-03-03,P08 (1981F 辰月),59,58,60,63
2026-03-04,P08 (1981F 辰月),59,58,60,63
2026-03-05,P08 (1981F 辰月),53,52,54,57
2026-03-06,P08 (1981F 辰月),46,45,47,50
2026-03-07,P08 (1981F 辰月),76,75,77,80
2026-03-08,P08 (1981F 辰月),56,55,57,60
2026-03-09,P08 (1981F 辰月),52,51,53,56
2026-03-10,P08 (1981F 辰月),48,47,49,52
2026-03-11,P08 (1981F 辰月),56,55,57,60
2026-03-12,P08 (1981F 辰月),82,81,83,86
2026-03-13,P08 (1981F 辰月),49,48,50,53
2026-03-14,P08 (1981F 辰月),49,48,50,53
2026-03-15,P08 (1981F 辰月),53,52,54,57
2026-03-16,P08 (1981F 辰月),53,52,54,57
2026-03-17,P08 (1981F 辰月),50,49,51,54
2026-03-18,P08 (1981F 辰月),48,47,49,52
2026-03-19,P08 (1981F 辰月),76,75,77,80
2026-03-20,P08 (1981F 辰月),57,56,58,61
2026-03-21,P08 (1981F 辰月),55,54,56,59
2026-03-22,P08 (1981F 辰月),50,49,51,54
2026-03-23,P08 (1981F 辰月),60,59,61,64
2026-03-24,P08 (1981F 辰月),83,82,84,87
2026-03-25,P08 (1981F 辰月),50,49,51,54
2026-03-26,P08 (1981F 辰月),47,46,48,51
2026-03-27,P08 (1981F 辰月),56,55,57,60
2026-03-28,P08 (1981F 辰月),55,54,56,59
2026-03-29,P08 (1981F 辰月),48,47,49,52
2026-03-30,P08 (1981F 辰月),47,46,48,51
2026-03-31,P08 (1981F 辰月),76,75,77,80
2026-04-01,P08 (1981F 辰月),58,57,59,62
2026-04-02,P08 (1981F 辰月),56,55,57,60
2026-04-03,P08 (1981F 辰月),51,50,52,55
2026-04-04,P08 (1981F 辰月),58,57,59,62
2026-04-05,P08 (1981F 辰月),93,92,94,97
2026-04-06,P08 (1981F 辰月),77,76,78,81
2026-04-07,P08 (1981F 辰月),80,79,81,84
2026-04-08,P08 (1981F 辰月),87,86,88,91
2026-04-09,P08 (1981F 辰月),84,83,85,88
2026-04-10,P08 (1981F 辰月),82,81,83,86
2026-04-11,P08 (1981F 辰月),72,71,73,76
2026-04-12,P08 (1981F 辰月),85,84,86,89
2026-04-13,P08 (1981F 辰月),88,87,89,92
2026-04-14,P08 (1981F 辰月),89,88,90,93
2026-04-15,P08 (1981F 辰月),79,78,80,83
2026-04-16,P08 (1981F 辰月),89,88,90,93
2026-04-17,P08 (1981F 辰月),89,88,90,93
2026-04-18,P08 (1981F 辰月),72,71,73,76
2026-04-19,P08 (1981F 辰月),76,75,77,80
2026-04-20,P08 (1981F 辰月),89,88,90,93
2026-04-21,P08 (1981F 辰月),86,85,87,90
2026-04-22,P08 (1981F 辰月),82,81,83,86
2026-04-23,P08 (1981F 辰月),74,73,75,78
2026-04-24,P08 (1981F 辰月),88,87,89,92
2026-04-25,P08 (1981F 辰月),87,86,88,91
2026-04-26,P08 (1981F 辰月),88,87,89,92
2026-04-27,P08 (1981F 辰月),81,80,82,85
2026-04-28,P08 (1981F 辰月),86,85,87,90
2026-04-29,P08 (1981F 辰月),88,87,89,92
2026-04-30,P08 (1981F 辰月),72,71,73,76
2026-05-01,P08 (1981F 辰月),78,77,79,82
2026-05-02,P08 (1981F 辰月),84,83,85,88
2026-05-03,P08 (1981F 辰月),82,81,83,86
2026-05-04,P08 (1981F 辰月),78,77,79,82
2026-05-05,P08 (1981F 辰月),66,65,67,70
2026-05-06,P08 (1981F 辰月),84,83,85,88
2026-05-07,P08 (1981F 辰月),72,71,73,76
2026-05-08,P08 (1981F 辰月),71,70,72,75
2026-05-09,P08 (1981F 辰月),59,58,60,63
2026-05-10,P08 (1981F 辰月),75,74,76,79
2026-05-11,P08 (1981F 辰月),88,87,89,92
2026-05-12,P08 (1981F 辰月),55,54,56,59
2026-05-13,P08 (1981F 辰月),55,54,56,59
2026-05-14,P08 (1981F 辰月),64,63,65,68
2026-05-15,P08 (1981F 辰月),64,63,65,68
2026-05-16,P08 (1981F 辰月),67,66,68,71
2026-05-17,P08 (1981F 辰月),51,50,52,55
2026-05-18,P08 (1981F 辰月),83,82,84,87
2026-05-19,P08 (1981F 辰月),68,67,69,72
2026-05-20,P08 (1981F 辰月),73,72,74,77
2026-05-21,P08 (1981F 辰月),63,62,64,67
2026-05-22,P08 (1981F 辰月),74,73,75,78
2026-05-23,P08 (1981F 辰月),88,87,89,92
2026-05-24,P08 (1981F 辰月),54,53,55,58
2026-05-25,P08 (1981F 辰月),55,54,56,59
2026-05-26,P08 (1981F 辰月),74,73,75,78
2026-05-27,P08 (1981F 辰月),67,66,68,71
2026-05-28,P08 (1981F 辰月),64,63,65,68
2026-05-29,P08 (1981F 辰月),53,52,54,57
2026-05-30,P08 (1981F 辰月),84,83,85,88
2026-05-31,P08 (1981F 辰月),74,73,75,78
2025-12-03,P09 (1984M 子月),53,57,59,59
2025-12-04,P09 (1984M 子月),54,58,60,60
2025-12-05,P09 (1984M 子月),60,64,66,66
2025-12-06,P09 (1984M 子月),50,54,56,56
2025-12-07,P09 (1984M 子月),63,67,69,69
2025-12-08,P09 (1984M 子月),72,76,78,78
2025-12-09,P09 (1984M 子月),76,80,82,82
2025-12-10,P09 (1984M 子月),80,84,86,86
2025-12-11,P09 (1984M 子月),58,62,64,64
2025-12-12,P09 (1984M 子月),59,63,65,65
2025-12-13,P09 (1984M 子月),81,85,87,87
2025-12-14,P09 (1984M 子月),75,79,81,81
2025-12-15,P09 (1984M 子月),62,66,68,68
2025-12-16,P09 (1984M 子月),67,71,73,73
2025-12-17,P09 (1984M 子月),71,75,77,77
2025-12-18,P09 (1984M 子月),64,68,70,70
2025-12-19,P09 (1984M 子月),66,70,72,72
2025-12-20,P09 (1984M 子月),71,75,77,77
2025-12-21,P09 (1984M 子月),76,80,82,82
2025-12-22,P09 (1984M 子月),76,80,82,82
2025-12-23,P09 (1984M 子月),62,66,68,68
2025-12-24,P09 (1984M 子月),67,71,73,73
2025-12-25,P09 (1984M 子月),78,82,84,84
2025-12-26,P09 (1984M 子月),74,78,80,80
2025-12-27,P09 (1984M 子月),61,65,67,67
2025-12-28,P09 (1984M 子月),66,70,72,72
2025-12-29,P09 (1984M 子月),75,79,81,81
2025-12-30,P09 (1984M 子月),60,64,66,66
2025-12-31,P09 (1984M 子月),63,67,69,69
2026-01-01,P09 (1984M 子月),67,71,73,73
2026-01-02,P09 (1984M 子月),80,84,86,86
2026-01-03,P09 (1984M 子月),83,87,89,89
2026-01-04,P09 (1984M 子月),58,62,64,64
2026-01-05,P09 (1984M 子月),66,70,72,72
2026-01-06,P09 (1984M 子月),71,75,77,77
2026-01-07,P09 (1984M 子月),72,76,78,78
2026-01-08,P09 (1984M 子月),62,66,68,68
2026-01-09,P09 (1984M 子月),63,67,69,69
2026-01-10,P09 (1984M 子月),73,77,79,79
2026-01-11,P09 (1984M 子月),57,61,63,63
2026-01-12,P09 (1984M 子月),68,72,74,74
2026-01-13,P09 (1984M 子月),76,80,82,82
2026-01-14,P09 (1984M 子月),77,81,83,83
2026-01-15,P09 (1984M 子月),83,87,89,89
2026-01-16,P09 (1984M 子月),56,60,62,62
2026-01-17,P09 (1984M 子月),65,69,71,71
2026-01-18,P09 (1984M 子月),80,84,86,86
2026-01-19,P09 (1984M 子月),67,71,73,73
2026-01-20,P09 (1984M 子月),59,63,65,65
2026-01-21,P09 (1984M 子月),60,64,66,66
2026-01-22,P09 (1984M 子月),78,82,84,84
2026-01-23,P09 (1984M 子月),65,69,71,71
2026-01-24,P09 (1984M 子月),65,69,71,71
2026-01-25,P09 (1984M 子月),76,80,82,82
2026-01-26,P09 (1984M 子月),72,76,78,78
2026-01-27,P09 (1984M 子月),78,82,84,84
2026-01-28,P09 (1984M 子月),59,63,65,65
2026-01-29,P09 (1984M 子月),61,65,67,67
2026-01-30,P09 (1984M 子月),74,78,80,80
2026-01-31,P09 (1984M 子月),65,69,71,71
2026-02-01,P09 (1984M 子月),63,67,69,69
2026-02-02,P09 (1984M 子月),67,71,73,73
2026-02-03,P09 (1984M 子月),73,77,79,79
2026-02-04,P09 (1984M 子月),45,49,51,51
2026-02-05,P09 (1984M 子月),49,53,55,55
2026-02-06,P09 (1984M 子月),49,53,55,55
2026-02-07,P09 (1984M 子月),59,63,65,65
2026-02-08,P09 (1984M 子月),57,61,63,63
2026-02-09,P09 (1984M 子月),47,51,53,53
2026-02-10,P09 (1984M 子月),46,50,52,52
2026-02-11,P09 (1984M 子月),59,63,65,65
2026-02-12,P09 (1984M 子月),48,52,54,54
2026-02-13,P09 (1984M 子月),47,51,53,53
2026-02-14,P09 (1984M 子月),46,50,52,52
2026-02-15,P09 (1984M 子月),51,55,57,57
2026-02-16,P09 (1984M 子月),47,51,53,53
2026-02-17,P09 (1984M 子月),49,53,55,55
2026-02-18,P09 (1984M 子月),49,53,55,55
2026-02-19,P09 (1984M 子月),53,57,59,59
2026-02-20,P09 (1984M 子月),51,55,57,57
2026-02-21,P09 (1984M 子月),47,51,53,53
2026-02-22,P09 (1984M 子月),46,50,52,52
2026-02-23,P09 (1984M 子月),56,60,62,62
2026-02-24,P09 (1984M 子月),50,54,56,56
2026-02-25,P09 (1984M 子月),50,54,56,56
2026-02-26,P09 (1984M 子月),49,53,55,55
2026-02-27,P09 (1984M 子月),57,61,63,63
2026-02-28,P09 (1984M 子月),51,55,57,57
2026-03-01,P09 (1984M 子月),55,59,61,61
2026-03-02,P09 (1984M 子月),50,54,56,56
2026-03-03,P09 (1984M 子月),62,66,68,68
2026-03-04,P09 (1984M 子月),59,63,65,65
2026-03-05,P09 (1984M 子月),48,52,54,54
2026-03-06,P09 (1984M 子月),51,55,57,57
2026-03-07,P09 (1984M 子月),57,61,63,63
2026-03-08,P09 (1984M 子月),56,60,62,62
2026-03-09,P09 (1984M 子月),50,54,56,56
2026-03-10,P09 (1984M 子月),49,53,55,55
2026-03-11,P09 (1984M 子月),61,65,67,67
2026-03-12,P09 (1984M 子月),48,52,54,54
2026-03-13,P09 (1984M 子月),55,59,61,61
2026-03-14,P09 (1984M 子月),62,66,68,68
2026-03-15,P09 (1984M 子月),65,69,71,71
2026-03-16,P09 (1984M 子月),71,75,77,77
2026-03-17,P09 (1984M 子月),49,53,55,55
2026-03-18,P09 (1984M 子月),52,56,58,58
2026-03-19,P09 (1984M 子月),64,68,70,70
2026-03-20,P09 (1984M 子月),54,58,60,60
2026-03-21,P09 (1984M 子月),50,54,56,56
2026-03-22,P09 (1984M 子月),50,54,56,56
2026-03-23,P09 (1984M 子月),62,66,68,68
2026-03-24,P09 (1984M 子月),51,55,57,57
2026-03-25,P09 (1984M 子月),50,54,56,56
2026-03-26,P09 (1984M 子月),59,63,65,65
2026-03-27,P09 (1984M 子月),60,64,66,66
2026-03-28,P09 (1984M 子月),67,71,73,73
2026-03-29,P09 (1984M 子月),48,52,54,54
2026-03-30,P09 (1984M 子月),49,53,55,55
2026-03-31,P09 (1984M 子月),61,65,67,67
2026-04-01,P09 (1984M 子月),50,54,56,56
2026-04-02,P09 (1984M 子月),49,53,55,55
2026-04-03,P09 (1984M 子月),52,56,58,58
2026-04-04,P09 (1984M 子月),61,65,67,67
2026-04-05,P09 (1984M 子月),54,58,60,60
2026-04-06,P09 (1984M 子月),56,60,62,62
2026-04-07,P09 (1984M 子月),62,66,68,68
2026-04-08,P09 (1984M 子月),69,73,75,75
2026-04-09,P09 (1984M 子月),69,73,75,75
2026-04-10,P09 (1984M 子月),55,59,61,61
2026-04-11,P09 (1984M 子月),51,55,57,57
2026-04-12,P09 (1984M 子月),70,74,76,76
2026-04-13,P09 (1984M 子月),58,62,64,64
2026-04-14,P09 (1984M 子月),55,59,61,61
2026-04-15,P09 (1984M 子月),55,59,61,61
2026-04-16,P09 (1984M 子月),64,68,70,70
2026-04-17,P09 (1984M 子月),56,60,62,62
2026-04-18,P09 (1984M 子月),62,66,68,68
2026-04-19,P09 (1984M 子月),60,64,66,66
2026-04-20,P09 (1984M 子月),68,72,74,74
2026-04-21,P09 (1984M 子月),64,68,70,70
2026-04-22,P09 (1984M 子月),55,59,61,61
2026-04-23,P09 (1984M 子月),53,57,59,59
2026-04-24,P09 (1984M 子月),66,70,72,72
2026-04-25,P09 (1984M 子月),58,62,64,64
2026-04-26,P09 (1984M 子月),55,59,61,61
2026-04-27,P09 (1984M 子月),56,60,62,62
2026-04-28,P09 (1984M 子月),67,71,73,73
2026-04-29,P09 (1984M 子月),53,57,59,59
2026-04-30,P09 (1984M 子月),55,59,61,61
2026-05-01,P09 (1984M 子月),56,60,62,62
2026-05-02,P09 (1984M 子月),69,73,75,75
2026-05-03,P09 (1984M 子月),72,76,78,78
2026-05-04,P09 (1984M 子月),51,55,57,57
2026-05-05,P09 (1984M 子月),49,53,55,55
2026-05-06,P09 (1984M 子月),64,68,70,70
2026-05-07,P09 (1984M 子月),65,69,71,71
2026-05-08,P09 (1984M 子月),55,59,61,61
2026-05-09,P09 (1984M 子月),57,61,63,63
2026-05-10,P09 (1984M 子月),64,68,70,70
2026-05-11,P09 (1984M 子月),50,54,56,56
2026-05-12,P09 (1984M 子月),58,62,64,64
2026-05-13,P09 (1984M 子月),66,70,72,72
2026-05-14,P09 (1984M 子月),71,75,77,77
2026-05-15,P09 (1984M 子月),77,81,83,83
2026-05-16,P09 (1984M 子月),51,55,57,57
2026-05-17,P09 (1984M 子月),57,61,63,63
2026-05-18,P09 (1984M 子月),72,76,78,78
2026-05-19,P09 (1984M 子月),61,65,67,67
2026-05-20,P09 (1984M 子月),55,59,61,61
2026-05-21,P09 (1984M 子月),51,55,57,57
2026-05-22,P09 (1984M 子月),70,74,76,76
2026-05-23,P09 (1984M 子月),58,62,64,64
2026-05-24,P09 (1984M 子月),56,60,62,62
2026-05-25,P09 (1984M 子月),69,73,75,75
2026-05-26,P09 (1984M 子月),64,68,70,70
2026-05-27,P09 (1984M 子月),76,80,82,82
2026-05-28,P09 (1984M 子月),52,56,58,58
2026-05-29,P09 (1984M 子月),54,58,60,60
2026-05-30,P09 (1984M 子月),67,71,73,73
2026-05-31,P09 (1984M 子月),56,60,62,62
2025-12-03,P10 (1987F 巳月),50,48,50,53
2025-12-04,P10 (1987F 巳月),51,49,51,54
2025-12-05,P10 (1987F 巳月),57,55,57,60
2025-12-06,P10 (1987F 巳月),59,57,59,62
2025-12-07,P10 (1987F 巳月),61,59,61,64
2025-12-08,P10 (1987F 巳月),51,49,51,54
2025-12-09,P10 (1987F 巳月),69,67,69,72
2025-12-10,P10 (1987F 巳月),74,72,74,77
2025-12-11,P10 (1987F 巳月),68,66,68,71
2025-12-12,P10 (1987F 巳月),61,59,61,64
2025-12-13,P10 (1987F 巳月),79,77,79,82
2025-12-14,P10 (1987F 巳月),77,75,77,80
2025-12-15,P10 (1987F 巳月),64,62,64,67
2025-12-16,P10 (1987F 巳月),58,56,58,61
2025-12-17,P10 (1987F 巳月),76,74,76,79
2025-12-18,P10 (1987F 巳月),71,69,71,74
2025-12-19,P10 (1987F 巳月),55,53,55,58
2025-12-20,P10 (1987F 巳月),52,50,52,55
2025-12-21,P10 (1987F 巳月),69,67,69,72
2025-12-22,P10 (1987F 巳月),80,78,80,83
2025-12-23,P10 (1987F 巳月),74,72,74,77
2025-12-24,P10 (1987F 巳月),71,69,71,74
2025-12-25,P10 (1987F 巳月),83,81,83,86
2025-12-26,P10 (1987F 巳月),73,71,73,76
2025-12-27,P10 (1987F 巳月),70,68,70,73
2025-12-28,P10 (1987F 巳月),62,60,62,65
2025-12-29,P10 (1987F 巳月),70,68,70,73
2025-12-30,P10 (1987F 巳月),70,68,70,73
2025-12-31,P10 (1987F 巳月),53,51,53,56
2026-01-01,P10 (1987F 巳月),54,52,54,57
2026-01-02,P10 (1987F 巳月),72,70,72,75
2026-01-03,P10 (1987F 巳月),79,77,79,82
2026-01-04,P10 (1987F 巳月),69,67,69,72
2026-01-05,P10 (1987F 巳月),57,55,57,60
2026-01-06,P10 (1987F 巳月),88,86,88,91
2026-01-07,P10 (1987F 巳月),78,76,78,81
2026-01-08,P10 (1987F 巳月),63,61,63,66
2026-01-09,P10 (1987F 巳月),62,60,62,65
2026-01-10,P10 (1987F 巳月),69,67,69,72
2026-01-11,P10 (1987F 巳月),73,71,73,76
2026-01-12,P10 (1987F 巳月),62,60,62,65
2026-01-13,P10 (1987F 巳月),58,56,58,61
2026-01-14,P10 (1987F 巳月),74,72,74,77
2026-01-15,P10 (1987F 巳月),76,74,76,79
2026-01-16,P10 (1987F 巳月),83,81,83,86
2026-01-17,P10 (1987F 巳月),71,69,71,74
2026-01-18,P10 (1987F 巳月),83,81,83,86
2026-01-19,P10 (1987F 巳月),77,75,77,80
2026-01-20,P10 (1987F 巳月),67,65,67,70
2026-01-21,P10 (1987F 巳月),64,62,64,67
2026-01-22,P10 (1987F 巳月),73,71,73,76
2026-01-23,P10 (1987F 巳月),74,72,74,77
2026-01-24,P10 (1987F 巳月),62,60,62,65
2026-01-25,P10 (1987F 巳月),55,53,55,58
2026-01-26,P10 (1987F 巳月),83,81,83,86
2026-01-27,P10 (1987F 巳月),80,78,80,83
2026-01-28,P10 (1987F 巳月),77,75,77,80
2026-01-29,P10 (1987F 巳月),71,69,71,74
2026-01-30,P10 (1987F 巳月),85,83,85,88
2026-01-31,P10 (1987F 巳月),82,80,82,85
2026-02-01,P10 (1987F 巳月),74,72,74,77
2026-02-02,P10 (1987F 巳月),72,70,72,75
2026-02-03,P10 (1987F 巳月),76,74,76,79
2026-02-04,P10 (1987F 巳月),63,61,63,66
2026-02-05,P10 (1987F 巳月),57,55,57,60
2026-02-06,P10 (1987F 巳月),51,49,51,54
2026-02-07,P10 (1987F 巳月),71,69,71,74
2026-02-08,P10 (1987F 巳月),71,69,71,74
2026-02-09,P10 (1987F 巳月),66,64,66,69
2026-02-10,P10 (1987F 巳月),61,59,61,64
2026-02-11,P10 (1987F 巳月),78,76,78,81
2026-02-12,P10 (1987F 巳月),75,73,75,78
2026-02-13,P10 (1987F 巳月),61,59,61,64
2026-02-14,P10 (1987F 巳月),52,50,52,55
2026-02-15,P10 (1987F 巳月),73,71,73,76
2026-02-16,P10 (1987F 巳月),67,65,67,70
2026-02-17,P10 (1987F 巳月),53,51,53,56
2026-02-18,P10 (1987F 巳月),50,48,50,53
2026-02-19,P10 (1987F 巳月),63,61,63,66
2026-02-20,P10 (1987F 巳月),70,68,70,73
2026-02-21,P10 (1987F 巳月),69,67,69,72
2026-02-22,P10 (1987F 巳月),60,58,60,63
2026-02-23,P10 (1987F 巳月),71,69,71,74
2026-02-24,P10 (1987F 巳月),64,62,64,67
2026-02-25,P10 (1987F 巳月),63,61,63,66
2026-02-26,P10 (1987F 巳月),53,51,53,56
2026-02-27,P10 (1987F 巳月),60,58,60,63
2026-02-28,P10 (1987F 巳月),63,61,63,66
2026-03-01,P10 (1987F 巳月),46,44,46,49
2026-03-02,P10 (1987F 巳月),46,44,46,49
2026-03-03,P10 (1987F 巳月),64,62,64,67
2026-03-04,P10 (1987F 巳月),69,67,69,72
2026-03-05,P10 (1987F 巳月),62,60,62,65
2026-03-06,P10 (1987F 巳月),53,51,53,56
2026-03-07,P10 (1987F 巳月),74,72,74,77
2026-03-08,P10 (1987F 巳月),64,62,64,67
2026-03-09,P10 (1987F 巳月),53,51,53,56
2026-03-10,P10 (1987F 巳月),58,56,58,61
2026-03-11,P10 (1987F 巳月),60,58,60,63
2026-03-12,P10 (1987F 巳月),67,65,67,70
2026-03-13,P10 (1987F 巳月),51,49,51,54
2026-03-14,P10 (1987F 巳月),50,48,50,53
2026-03-15,P10 (1987F 巳月),64,62,64,67
2026-03-16,P10 (1987F 巳月),67,65,67,70
2026-03-17,P10 (1987F 巳月),71,69,71,74
2026-03-18,P10 (1987F 巳月),60,58,60,63
2026-03-19,P10 (1987F 巳月),72,70,72,75
2026-03-20,P10 (1987F 巳月),70,68,70,73
2026-03-21,P10 (1987F 巳月),57,55,57,60
2026-03-22,P10 (1987F 巳月),60,58,60,63
2026-03-23,P10 (1987F 巳月),67,65,67,70
2026-03-24,P10 (1987F 巳月),69,67,69,72
2026-03-25,P10 (1987F 巳月),53,51,53,56
2026-03-26,P10 (1987F 巳月),48,46,48,51
2026-03-27,P10 (1987F 巳月),71,69,71,74
2026-03-28,P10 (1987F 巳月),69,67,69,72
2026-03-29,P10 (1987F 巳月),66,64,66,69
2026-03-30,P10 (1987F 巳月),64,62,64,67
2026-03-31,P10 (1987F 巳月),71,69,71,74
2026-04-01,P10 (1987F 巳月),71,69,71,74
2026-04-02,P10 (1987F 巳月),58,56,58,61
2026-04-03,P10 (1987F 巳月),56,54,56,59
2026-04-04,P10 (1987F 巳月),63,61,63,66
2026-04-05,P10 (1987F 巳月),64,62,64,67
2026-04-06,P10 (1987F 巳月),61,59,61,64
2026-04-07,P10 (1987F 巳月),54,52,54,57
2026-04-08,P10 (1987F 巳月),75,73,75,78
2026-04-09,P10 (1987F 巳月),77,75,77,80
2026-04-10,P10 (1987F 巳月),69,67,69,72
2026-04-11,P10 (1987F 巳月),65,63,65,68
2026-04-12,P10 (1987F 巳月),82,80,82,85
2026-04-13,P10 (1987F 巳月),82,80,82,85
2026-04-14,P10 (1987F 巳月),68,66,68,71
2026-04-15,P10 (1987F 巳月),56,54,56,59
2026-04-16,P10 (1987F 巳月),78,76,78,81
2026-04-17,P10 (1987F 巳月),74,72,74,77
2026-04-18,P10 (1987F 巳月),59,57,59,62
2026-04-19,P10 (1987F 巳月),57,55,57,60
2026-04-20,P10 (1987F 巳月),74,72,74,77
2026-04-21,P10 (1987F 巳月),82,80,82,85
2026-04-22,P10 (1987F 巳月),75,73,75,78
2026-04-23,P10 (1987F 巳月),71,69,71,74
2026-04-24,P10 (1987F 巳月),81,79,81,84
2026-04-25,P10 (1987F 巳月),74,72,74,77
2026-04-26,P10 (1987F 巳月),75,73,75,78
2026-04-27,P10 (1987F 巳月),65,63,65,68
2026-04-28,P10 (1987F 巳月),73,71,73,76
2026-04-29,P10 (1987F 巳月),73,71,73,76
2026-04-30,P10 (1987F 巳月),58,56,58,61
2026-05-01,P10 (1987F 巳月),57,55,57,60
2026-05-02,P10 (1987F 巳月),77,75,77,80
2026-05-03,P10 (1987F 巳月),82,80,82,85
2026-05-04,P10 (1987F 巳月),76,74,76,79
2026-05-05,P10 (1987F 巳月),61,59,61,64
2026-05-06,P10 (1987F 巳月),83,81,83,86
2026-05-07,P10 (1987F 巳月),77,75,77,80
2026-05-08,P10 (1987F 巳月),61,59,61,64
2026-05-09,P10 (1987F 巳月),66,64,66,69
2026-05-10,P10 (1987F 巳月),65,63,65,68
2026-05-11,P10 (1987F 巳月),76,74,76,79
2026-05-12,P10 (1987F 巳月),58,56,58,61
2026-05-13,P10 (1987F 巳月),56,54,56,59
2026-05-14,P10 (1987F 巳月),68,66,68,71
2026-05-15,P10 (1987F 巳月),70,68,70,73
2026-05-16,P10 (1987F 巳月),75,73,75,78
2026-05-17,P10 (1987F 巳月),71,69,71,74
2026-05-18,P10 (1987F 巳月),77,75,77,80
2026-05-19,P10 (1987F 巳月),78,76,78,81
2026-05-20,P10 (1987F 巳月),62,60,62,65
2026-05-21,P10 (1987F 巳月),67,65,67,70
2026-05-22,P10 (1987F 巳月),70,68,70,73
2026-05-23,P10 (1987F 巳月),75,73,75,78
2026-05-24,P10 (1987F 巳月),58,56,58,61
2026-05-25,P10 (1987F 巳月),53,51,53,56
2026-05-26,P10 (1987F 巳月),74,72,74,77
2026-05-27,P10 (1987F 巳月),77,75,77,80
2026-05-28,P10 (1987F 巳月),68,66,68,71
2026-05-29,P10 (1987F 巳月),67,65,67,70
2026-05-30,P10 (1987F 巳月),75,73,75,78
2026-05-31,P10 (1987F 巳月),78,76,78,81
2025-12-03,P11 (1990M 申月),74,80,80,80
2025-12-04,P11 (1990M 申月),66,72,72,72
2025-12-05,P11 (1990M 申月),65,71,71,71
2025-12-06,P11 (1990M 申月),60,66,66,66
2025-12-07,P11 (1990M 申月),46,52,52,52
2025-12-08,P11 (1990M 申月),54,60,60,60
2025-12-09,P11 (1990M 申月),49,55,55,55
2025-12-10,P11 (1990M 申月),47,53,53,53
2025-12-11,P11 (1990M 申月),65,71,71,71
2025-12-12,P11 (1990M 申月),55,61,61,61
2025-12-13,P11 (1990M 申月),48,54,54,54
2025-12-14,P11 (1990M 申月),57,63,63,63
2025-12-15,P11 (1990M 申月),67,73,73,73
2025-12-16,P11 (1990M 申月),62,68,68,68
2025-12-17,P11 (1990M 申月),54,60,60,60
2025-12-18,P11 (1990M 申月),55,61,61,61
2025-12-19,P11 (1990M 申月),50,56,56,56
2025-12-20,P11 (1990M 申月),56,62,62,62
2025-12-21,P11 (1990M 申月),51,57,57,57
2025-12-22,P11 (1990M 申月),47,53,53,53
2025-12-23,P11 (1990M 申月),64,70,70,70
2025-12-24,P11 (1990M 申月),56,62,62,62
2025-12-25,P11 (1990M 申月),50,56,56,56
2025-12-26,P11 (1990M 申月),59,65,65,65
2025-12-27,P11 (1990M 申月),63,69,69,69
2025-12-28,P11 (1990M 申月),59,65,65,65
2025-12-29,P11 (1990M 申月),61,67,67,67
2025-12-30,P11 (1990M 申月),57,63,63,63
2025-12-31,P11 (1990M 申月),49,55,55,55
2026-01-01,P11 (1990M 申月),55,61,61,61
2026-01-02,P11 (1990M 申月),50,56,56,56
2026-01-03,P11 (1990M 申月),47,53,53,53
2026-01-04,P11 (1990M 申月),64,70,70,70
2026-01-05,P11 (1990M 申月),59,65,65,65
2026-01-06,P11 (1990M 申月),49,55,55,55
2026-01-07,P11 (1990M 申月),52,58,58,58
2026-01-08,P11 (1990M 申月),62,68,68,68
2026-01-09,P11 (1990M 申月),54,60,60,60
2026-01-10,P11 (1990M 申月),50,56,56,56
2026-01-11,P11 (1990M 申月),48,54,54,54
2026-01-12,P11 (1990M 申月),48,54,54,54
2026-01-13,P11 (1990M 申月),49,55,55,55
2026-01-14,P11 (1990M 申月),48,54,54,54
2026-01-15,P11 (1990M 申月),47,53,53,53
2026-01-16,P11 (1990M 申月),49,55,55,55
2026-01-17,P11 (1990M 申月),49,55,55,55
2026-01-18,P11 (1990M 申月),47,53,53,53
2026-01-19,P11 (1990M 申月),51,57,57,57
2026-01-20,P11 (1990M 申月),56,62,62,62
2026-01-21,P11 (1990M 申月),52,58,58,58
2026-01-22,P11 (1990M 申月),52,58,58,58
2026-01-23,P11 (1990M 申月),51,57,57,57
2026-01-24,P11 (1990M 申月),50,56,56,56
2026-01-25,P11 (1990M 申月),51,57,57,57
2026-01-26,P11 (1990M 申月),50,56,56,56
2026-01-27,P11 (1990M 申月),49,55,55,55
2026-01-28,P11 (1990M 申月),55,61,61,61
2026-01-29,P11 (1990M 申月),51,57,57,57
2026-01-30,P11 (1990M 申月),48,54,54,54
2026-01-31,P11 (1990M 申月),51,57,57,57
2026-02-01,P11 (1990M 申月),59,65,65,65
2026-02-02,P11 (1990M 申月),52,58,58,58
2026-02-03,P11 (1990M 申月),50,56,56,56
2026-02-04,P11 (1990M 申月),67,73,73,73
2026-02-05,P11 (1990M 申月),56,62,62,62
2026-02-06,P11 (1990M 申月),64,70,70,70
2026-02-07,P11 (1990M 申月),60,66,66,66
2026-02-08,P11 (1990M 申月),55,61,61,61
2026-02-09,P11 (1990M 申月),74,80,80,80
2026-02-10,P11 (1990M 申月),73,79,79,79
2026-02-11,P11 (1990M 申月),56,62,62,62
2026-02-12,P11 (1990M 申月),67,73,73,73
2026-02-13,P11 (1990M 申月),80,86,86,86
2026-02-14,P11 (1990M 申月),73,79,79,79
2026-02-15,P11 (1990M 申月),63,69,69,69
2026-02-16,P11 (1990M 申月),63,69,69,69
2026-02-17,P11 (1990M 申月),57,63,63,63
2026-02-18,P11 (1990M 申月),68,74,74,74
2026-02-19,P11 (1990M 申月),60,66,66,66
2026-02-20,P11 (1990M 申月),52,58,58,58
2026-02-21,P11 (1990M 申月),74,80,80,80
2026-02-22,P11 (1990M 申月),68,74,74,74
2026-02-23,P11 (1990M 申月),57,63,63,63
2026-02-24,P11 (1990M 申月),69,75,75,75
2026-02-25,P11 (1990M 申月),74,80,80,80
2026-02-26,P11 (1990M 申月),69,75,75,75
2026-02-27,P11 (1990M 申月),74,80,80,80
2026-02-28,P11 (1990M 申月),66,72,72,72
2026-03-01,P11 (1990M 申月),58,64,64,64
2026-03-02,P11 (1990M 申月),71,77,77,77
2026-03-03,P11 (1990M 申月),58,64,64,64
2026-03-04,P11 (1990M 申月),51,57,57,57
2026-03-05,P11 (1990M 申月),74,80,80,80
2026-03-06,P11 (1990M 申月),68,74,74,74
2026-03-07,P11 (1990M 申月),54,60,60,60
2026-03-08,P11 (1990M 申月),66,72,72,72
2026-03-09,P11 (1990M 申月),82,88,88,88
2026-03-10,P11 (1990M 申月),73,79,79,79
2026-03-11,P11 (1990M 申月),69,75,75,75
2026-03-12,P11 (1990M 申月),68,74,74,74
2026-03-13,P11 (1990M 申月),56,62,62,62
2026-03-14,P11 (1990M 申月),62,68,68,68
2026-03-15,P11 (1990M 申月),56,62,62,62
2026-03-16,P11 (1990M 申月),50,56,56,56
2026-03-17,P11 (1990M 申月),68,74,74,74
2026-03-18,P11 (1990M 申月),65,71,71,71
2026-03-19,P11 (1990M 申月),57,63,63,63
2026-03-20,P11 (1990M 申月),68,74,74,74
2026-03-21,P11 (1990M 申月),77,83,83,83
2026-03-22,P11 (1990M 申月),73,79,79,79
2026-03-23,P11 (1990M 申月),66,72,72,72
2026-03-24,P11 (1990M 申月),60,66,66,66
2026-03-25,P11 (1990M 申月),56,62,62,62
2026-03-26,P11 (1990M 申月),66,72,72,72
2026-03-27,P11 (1990M 申月),54,60,60,60
2026-03-28,P11 (1990M 申月),49,55,55,55
2026-03-29,P11 (1990M 申月),78,84,84,84
2026-03-30,P11 (1990M 申月),69,75,75,75
2026-03-31,P11 (1990M 申月),55,61,61,61
2026-04-01,P11 (1990M 申月),64,70,70,70
2026-04-02,P11 (1990M 申月),74,80,80,80
2026-04-03,P11 (1990M 申月),67,73,73,73
2026-04-04,P11 (1990M 申月),65,71,71,71
2026-04-05,P11 (1990M 申月),55,61,61,61
2026-04-06,P11 (1990M 申月),48,54,54,54
2026-04-07,P11 (1990M 申月),56,62,62,62
2026-04-08,P11 (1990M 申月),52,58,58,58
2026-04-09,P11 (1990M 申月),48,54,54,54
2026-04-10,P11 (1990M 申月),63,69,69,69
2026-04-11,P11 (1990M 申月),55,61,61,61
2026-04-12,P11 (1990M 申月),47,53,53,53
2026-04-13,P11 (1990M 申月),57,63,63,63
2026-04-14,P11 (1990M 申月),67,73,73,73
2026-04-15,P11 (1990M 申月),60,66,66,66
2026-04-16,P11 (1990M 申月),53,59,59,59
2026-04-17,P11 (1990M 申月),50,56,56,56
2026-04-18,P11 (1990M 申月),47,53,53,53
2026-04-19,P11 (1990M 申月),56,62,62,62
2026-04-20,P11 (1990M 申月),47,53,53,53
2026-04-21,P11 (1990M 申月),44,50,50,50
2026-04-22,P11 (1990M 申月),58,64,64,64
2026-04-23,P11 (1990M 申月),53,59,59,59
2026-04-24,P11 (1990M 申月),47,53,53,53
2026-04-25,P11 (1990M 申月),59,65,65,65
2026-04-26,P11 (1990M 申月),64,70,70,70
2026-04-27,P11 (1990M 申月),60,66,66,66
2026-04-28,P11 (1990M 申月),57,63,63,63
2026-04-29,P11 (1990M 申月),53,59,59,59
2026-04-30,P11 (1990M 申月),49,55,55,55
2026-05-01,P11 (1990M 申月),56,62,62,62
2026-05-02,P11 (1990M 申月),51,57,57,57
2026-05-03,P11 (1990M 申月),48,54,54,54
2026-05-04,P11 (1990M 申月),64,70,70,70
2026-05-05,P11 (1990M 申月),58,64,64,64
2026-05-06,P11 (1990M 申月),51,57,57,57
2026-05-07,P11 (1990M 申月),63,69,69,69
2026-05-08,P11 (1990M 申月),81,87,87,87
2026-05-09,P11 (1990M 申月),74,80,80,80
2026-05-10,P11 (1990M 申月),67,73,73,73
2026-05-11,P11 (1990M 申月),70,76,76,76
2026-05-12,P11 (1990M 申月),55,61,61,61
2026-05-13,P11 (1990M 申月),66,72,72,72
2026-05-14,P11 (1990M 申月),55,61,61,61
2026-05-15,P11 (1990M 申月),48,54,54,54
2026-05-16,P11 (1990M 申月),69,75,75,75
2026-05-17,P11 (1990M 申月),65,71,71,71
2026-05-18,P11 (1990M 申月),58,64,64,64
2026-05-19,P11 (1990M 申月),66,72,72,72
2026-05-20,P11 (1990M 申月),78,84,84,84
2026-05-21,P11 (1990M 申月),72,78,78,78
2026-05-22,P11 (1990M 申月),66,72,72,72
2026-05-23,P11 (1990M 申月),59,65,65,65
2026-05-24,P11 (1990M 申月),52,58,58,58
2026-05-25,P11 (1990M 申月),66,72,72,72
2026-05-26,P11 (1990M 申月),49,55,55,55
2026-05-27,P11 (1990M 申月),47,53,53,53
2026-05-28,P11 (1990M 申月),76,82,82,82
2026-05-29,P11 (1990M 申月),68,74,74,74
2026-05-30,P11 (1990M 申月),53,59,59,59
2026-05-31,P11 (1990M 申月),67,73,73,73
2025-12-03,P12 (1993F 丑月),52,56,58,58
2025-12-04,P12 (1993F 丑月),45,49,51,51
2025-12-05,P12 (1993F 丑月),62,66,68,68
2025-12-06,P12 (1993F 丑月),65,69,71,71
2025-12-07,P12 (1993F 丑月),59,63,65,65
2025-12-08,P12 (1993F 丑月),54,58,60,60
2025-12-09,P12 (1993F 丑月),66,70,72,72
2025-12-10,P12 (1993F 丑月),62,66,68,68
2025-12-11,P12 (1993F 丑月),56,60,62,62
2025-12-12,P12 (1993F 丑月),58,62,64,64
2025-12-13,P12 (1993F 丑月),72,76,78,78
2025-12-14,P12 (1993F 丑月),60,64,66,66
2025-12-15,P12 (1993F 丑月),62,66,68,68
2025-12-16,P12 (1993F 丑月),55,59,61,61
2025-12-17,P12 (1993F 丑月),66,70,72,72
2025-12-18,P12 (1993F 丑月),66,70,72,72
2025-12-19,P12 (1993F 丑月),63,67,69,69
2025-12-20,P12 (1993F 丑月),55,59,61,61
2025-12-21,P12 (1993F 丑月),64,68,70,70
2025-12-22,P12 (1993F 丑月),58,62,64,64
2025-12-23,P12 (1993F 丑月),57,61,63,63
2025-12-24,P12 (1993F 丑月),55,59,61,61
2025-12-25,P12 (1993F 丑月),70,74,76,76
2025-12-26,P12 (1993F 丑月),61,65,67,67
2025-12-27,P12 (1993F 丑月),55,59,61,61
2025-12-28,P12 (1993F 丑月),53,57,59,59
2025-12-29,P12 (1993F 丑月),71,75,77,77
2025-12-30,P12 (1993F 丑月),67,71,73,73
2025-12-31,P12 (1993F 丑月),60,64,66,66
2026-01-01,P12 (1993F 丑月),51,55,57,57
2026-01-02,P12 (1993F 丑月),63,67,69,69
2026-01-03,P12 (1993F 丑月),56,60,62,62
2026-01-04,P12 (1993F 丑月),54,58,60,60
2026-01-05,P12 (1993F 丑月),55,59,61,61
2026-01-06,P12 (1993F 丑月),63,67,69,69
2026-01-07,P12 (1993F 丑月),64,68,70,70
2026-01-08,P12 (1993F 丑月),64,68,70,70
2026-01-09,P12 (1993F 丑月),55,59,61,61
2026-01-10,P12 (1993F 丑月),68,72,74,74
2026-01-11,P12 (1993F 丑月),68,72,74,74
2026-01-12,P12 (1993F 丑月),57,61,63,63
2026-01-13,P12 (1993F 丑月),51,55,57,57
2026-01-14,P12 (1993F 丑月),63,67,69,69
2026-01-15,P12 (1993F 丑月),60,64,66,66
2026-01-16,P12 (1993F 丑月),49,53,55,55
2026-01-17,P12 (1993F 丑月),60,64,66,66
2026-01-18,P12 (1993F 丑月),72,76,78,78
2026-01-19,P12 (1993F 丑月),68,72,74,74
2026-01-20,P12 (1993F 丑月),58,62,64,64
2026-01-21,P12 (1993F 丑月),51,55,57,57
2026-01-22,P12 (1993F 丑月),68,72,74,74
2026-01-23,P12 (1993F 丑月),64,68,70,70
2026-01-24,P12 (1993F 丑月),59,63,65,65
2026-01-25,P12 (1993F 丑月),54,58,60,60
2026-01-26,P12 (1993F 丑月),57,61,63,63
2026-01-27,P12 (1993F 丑月),61,65,67,67
2026-01-28,P12 (1993F 丑月),53,57,59,59
2026-01-29,P12 (1993F 丑月),62,66,68,68
2026-01-30,P12 (1993F 丑月),69,73,75,75
2026-01-31,P12 (1993F 丑月),63,67,69,69
2026-02-01,P12 (1993F 丑月),57,61,63,63
2026-02-02,P12 (1993F 丑月),50,54,56,56
2026-02-03,P12 (1993F 丑月),64,68,70,70
2026-02-04,P12 (1993F 丑月),61,65,67,67
2026-02-05,P12 (1993F 丑月),51,55,57,57
2026-02-06,P12 (1993F 丑月),49,53,55,55
2026-02-07,P12 (1993F 丑月),61,65,67,67
2026-02-08,P12 (1993F 丑月),54,58,60,60
2026-02-09,P12 (1993F 丑月),49,53,55,55
2026-02-10,P12 (1993F 丑月),49,53,55,55
2026-02-11,P12 (1993F 丑月),67,71,73,73
2026-02-12,P12 (1993F 丑月),55,59,61,61
2026-02-13,P12 (1993F 丑月),56,60,62,62
2026-02-14,P12 (1993F 丑月),51,55,57,57
2026-02-15,P12 (1993F 丑月),61,65,67,67
2026-02-16,P12 (1993F 丑月),60,64,66,66
2026-02-17,P12 (1993F 丑月),56,60,62,62
2026-02-18,P12 (1993F 丑月),51,55,57,57
2026-02-19,P12 (1993F 丑月),61,65,67,67
2026-02-20,P12 (1993F 丑月),53,57,59,59
2026-02-21,P12 (1993F 丑月),51,55,57,57
2026-02-22,P12 (1993F 丑月),50,54,56,56
2026-02-23,P12 (1993F 丑月),67,71,73,73
2026-02-24,P12 (1993F 丑月),57,61,63,63
2026-02-25,P12 (1993F 丑月),51,55,57,57
2026-02-26,P12 (1993F 丑月),50,54,56,56
2026-02-27,P12 (1993F 丑月),66,70,72,72
2026-02-28,P12 (1993F 丑月),63,67,69,69
2026-03-01,P12 (1993F 丑月),57,61,63,63
2026-03-02,P12 (1993F 丑月),49,53,55,55
2026-03-03,P12 (1993F 丑月),63,67,69,69
2026-03-04,P12 (1993F 丑月),55,59,61,61
2026-03-05,P12 (1993F 丑月),52,56,58,58
2026-03-06,P12 (1993F 丑月),52,56,58,58
2026-03-07,P12 (1993F 丑月),59,63,65,65
2026-03-08,P12 (1993F 丑月),62,66,68,68
2026-03-09,P12 (1993F 丑月),62,66,68,68
2026-03-10,P12 (1993F 丑月),51,55,57,57
2026-03-11,P12 (1993F 丑月),66,70,72,72
2026-03-12,P12 (1993F 丑月),67,71,73,73
2026-03-13,P12 (1993F 丑月),56,60,62,62
2026-03-14,P12 (1993F 丑月),49,53,55,55
2026-03-15,P12 (1993F 丑月),59,63,65,65
2026-03-16,P12 (1993F 丑月),57,61,63,63
2026-03-17,P12 (1993F 丑月),48,52,54,54
2026-03-18,P12 (1993F 丑月),57,61,63,63
2026-03-19,P12 (1993F 丑月),68,72,74,74
2026-03-20,P12 (1993F 丑月),64,68,70,70
2026-03-21,P12 (1993F 丑月),55,59,61,61
2026-03-22,P12 (1993F 丑月),49,53,55,55
2026-03-23,P12 (1993F 丑月),64,68,70,70
2026-03-24,P12 (1993F 丑月),61,65,67,67
2026-03-25,P12 (1993F 丑月),56,60,62,62
2026-03-26,P12 (1993F 丑月),50,54,56,56
2026-03-27,P12 (1993F 丑月),56,60,62,62
2026-03-28,P12 (1993F 丑月),58,62,64,64
2026-03-29,P12 (1993F 丑月),50,54,56,56
2026-03-30,P12 (1993F 丑月),59,63,65,65
2026-03-31,P12 (1993F 丑月),65,69,71,71
2026-04-01,P12 (1993F 丑月),60,64,66,66
2026-04-02,P12 (1993F 丑月),52,56,58,58
2026-04-03,P12 (1993F 丑月),47,51,53,53
2026-04-04,P12 (1993F 丑月),60,64,66,66
2026-04-05,P12 (1993F 丑月),74,78,80,80
2026-04-06,P12 (1993F 丑月),60,64,66,66
2026-04-07,P12 (1993F 丑月),63,67,69,69
2026-04-08,P12 (1993F 丑月),69,73,75,75
2026-04-09,P12 (1993F 丑月),72,76,78,78
2026-04-10,P12 (1993F 丑月),60,64,66,66
2026-04-11,P12 (1993F 丑月),69,73,75,75
2026-04-12,P12 (1993F 丑月),77,81,83,83
2026-04-13,P12 (1993F 丑月),66,70,72,72
2026-04-14,P12 (1993F 丑月),64,68,70,70
2026-04-15,P12 (1993F 丑月),59,63,65,65
2026-04-16,P12 (1993F 丑月),72,76,78,78
2026-04-17,P12 (1993F 丑月),75,79,81,81
2026-04-18,P12 (1993F 丑月),65,69,71,71
2026-04-19,P12 (1993F 丑月),65,69,71,71
2026-04-20,P12 (1993F 丑月),69,73,75,75
2026-04-21,P12 (1993F 丑月),66,70,72,72
2026-04-22,P12 (1993F 丑月),54,58,60,60
2026-04-23,P12 (1993F 丑月),57,61,63,63
2026-04-24,P12 (1993F 丑月),70,74,76,76
2026-04-25,P12 (1993F 丑月),64,68,70,70
2026-04-26,P12 (1993F 丑月),59,63,65,65
2026-04-27,P12 (1993F 丑月),56,60,62,62
2026-04-28,P12 (1993F 丑月),79,83,85,85
2026-04-29,P12 (1993F 丑月),78,82,84,84
2026-04-30,P12 (1993F 丑月),63,67,69,69
2026-05-01,P12 (1993F 丑月),60,64,66,66
2026-05-02,P12 (1993F 丑月),68,72,74,74
2026-05-03,P12 (1993F 丑月),62,66,68,68
2026-05-04,P12 (1993F 丑月),57,61,63,63
2026-05-05,P12 (1993F 丑月),61,65,67,67
2026-05-06,P12 (1993F 丑月),66,70,72,72
2026-05-07,P12 (1993F 丑月),69,73,75,75
2026-05-08,P12 (1993F 丑月),74,78,80,80
2026-05-09,P12 (1993F 丑月),63,67,69,69
2026-05-10,P12 (1993F 丑月),78,82,84,84
2026-05-11,P12 (1993F 丑月),78,82,84,84
2026-05-12,P12 (1993F 丑月),61,65,67,67
2026-05-13,P12 (1993F 丑月),59,63,65,65
2026-05-14,P12 (1993F 丑月),63,67,69,69
2026-05-15,P12 (1993F 丑月),63,67,69,69
2026-05-16,P12 (1993F 丑月),49,53,55,55
2026-05-17,P12 (1993F 丑月),65,69,71,71
2026-05-18,P12 (1993F 丑月),81,85,87,87
2026-05-19,P12 (1993F 丑月),77,81,83,83
2026-05-20,P12 (1993F 丑月),67,71,73,73
2026-05-21,P12 (1993F 丑月),60,64,66,66
2026-05-22,P12 (1993F 丑月),72,76,78,78
2026-05-23,P12 (1993F 丑月),71,75,77,77
2026-05-24,P12 (1993F 丑月),64,68,70,70
2026-05-25,P12 (1993F 丑月),63,67,69,69
2026-05-26,P12 (1993F 丑月),62,66,68,68
2026-05-27,P12 (1993F 丑月),68,72,74,74
2026-05-28,P12 (1993F 丑月),62,66,68,68
2026-05-29,P12 (1993F 丑月),70,74,76,76
2026-05-30,P12 (1993F 丑月),74,78,80,80
2026-05-31,P12 (1993F 丑月),74,78,80,80
2025-12-03,P13 (1996M 戌月),66,70,72,72
2025-12-04,P13 (1996M 戌月),49,53,55,55
2025-12-05,P13 (1996M 戌月),63,67,69,69
2025-12-06,P13 (1996M 戌月),64,68,70,70
2025-12-07,P13 (1996M 戌月),70,74,76,76
2025-12-08,P13 (1996M 戌月),69,73,75,75
2025-12-09,P13 (1996M 戌月),77,81,83,83
2025-12-10,P13 (1996M 戌月),79,83,85,85
2025-12-11,P13 (1996M 戌月),76,80,82,82
2025-12-12,P13 (1996M 戌月),59,63,65,65
2025-12-13,P13 (1996M 戌月),68,72,74,74
2025-12-14,P13 (1996M 戌月),62,66,68,68
2025-12-15,P13 (1996M 戌月),67,71,73,73
2025-12-16,P13 (1996M 戌月),50,54,56,56
2025-12-17,P13 (1996M 戌月),58,62,64,64
2025-12-18,P13 (1996M 戌月),60,64,66,66
2025-12-19,P13 (1996M 戌月),69,73,75,75
2025-12-20,P13 (1996M 戌月),76,80,82,82
2025-12-21,P13 (1996M 戌月),73,77,79,79
2025-12-22,P13 (1996M 戌月),66,70,72,72
2025-12-23,P13 (1996M 戌月),75,79,81,81
2025-12-24,P13 (1996M 戌月),53,57,59,59
2025-12-25,P13 (1996M 戌月),63,67,69,69
2025-12-26,P13 (1996M 戌月),57,61,63,63
2025-12-27,P13 (1996M 戌月),63,67,69,69
2025-12-28,P13 (1996M 戌月),47,51,53,53
2025-12-29,P13 (1996M 戌月),58,62,64,64
2025-12-30,P13 (1996M 戌月),69,73,75,75
2025-12-31,P13 (1996M 戌月),67,71,73,73
2026-01-01,P13 (1996M 戌月),73,77,79,79
2026-01-02,P13 (1996M 戌月),82,86,88,88
2026-01-03,P13 (1996M 戌月),70,74,76,76
2026-01-04,P13 (1996M 戌月),76,80,82,82
2026-01-05,P13 (1996M 戌月),56,60,62,62
2026-01-06,P13 (1996M 戌月),64,68,70,70
2026-01-07,P13 (1996M 戌月),54,58,60,60
2026-01-08,P13 (1996M 戌月),66,70,72,72
2026-01-09,P13 (1996M 戌月),54,58,60,60
2026-01-10,P13 (1996M 戌月),58,62,64,64
2026-01-11,P13 (1996M 戌月),60,64,66,66
2026-01-12,P13 (1996M 戌月),71,75,77,77
2026-01-13,P13 (1996M 戌月),75,79,81,81
2026-01-14,P13 (1996M 戌月),86,90,92,92
2026-01-15,P13 (1996M 戌月),72,76,78,78
2026-01-16,P13 (1996M 戌月),75,79,81,81
2026-01-17,P13 (1996M 戌月),56,60,62,62
2026-01-18,P13 (1996M 戌月),67,71,73,73
2026-01-19,P13 (1996M 戌月),68,72,74,74
2026-01-20,P13 (1996M 戌月),65,69,71,71
2026-01-21,P13 (1996M 戌月),52,56,58,58
2026-01-22,P13 (1996M 戌月),65,69,71,71
2026-01-23,P13 (1996M 戌月),68,72,74,74
2026-01-24,P13 (1996M 戌月),79,83,85,85
2026-01-25,P13 (1996M 戌月),78,82,84,84
2026-01-26,P13 (1996M 戌月),82,86,88,88
2026-01-27,P13 (1996M 戌月),71,75,77,77
2026-01-28,P13 (1996M 戌月),75,79,81,81
2026-01-29,P13 (1996M 戌月),64,68,70,70
2026-01-30,P13 (1996M 戌月),60,64,66,66
2026-01-31,P13 (1996M 戌月),57,61,63,63
2026-02-01,P13 (1996M 戌月),66,70,72,72
2026-02-02,P13 (1996M 戌月),52,56,58,58
2026-02-03,P13 (1996M 戌月),66,70,72,72
2026-02-04,P13 (1996M 戌月),68,72,74,74
2026-02-05,P13 (1996M 戌月),73,77,79,79
2026-02-06,P13 (1996M 戌月),73,77,79,79
2026-02-07,P13 (1996M 戌月),80,84,86,86
2026-02-08,P13 (1996M 戌月),78,82,84,84
2026-02-09,P13 (1996M 戌月),76,80,82,82
2026-02-10,P13 (1996M 戌月),58,62,64,64
2026-02-11,P13 (1996M 戌月),68,72,74,74
2026-02-12,P13 (1996M 戌月),62,66,68,68
2026-02-13,P13 (1996M 戌月),67,71,73,73
2026-02-14,P13 (1996M 戌月),50,54,56,56
2026-02-15,P13 (1996M 戌月),60,64,66,66
2026-02-16,P13 (1996M 戌月),61,65,67,67
2026-02-17,P13 (1996M 戌月),70,74,76,76
2026-02-18,P13 (1996M 戌月),82,86,88,88
2026-02-19,P13 (1996M 戌月),78,82,84,84
2026-02-20,P13 (1996M 戌月),74,78,80,80
2026-02-21,P13 (1996M 戌月),78,82,84,84
2026-02-22,P13 (1996M 戌月),58,62,64,64
2026-02-23,P13 (1996M 戌月),67,71,73,73
2026-02-24,P13 (1996M 戌月),61,65,67,67
2026-02-25,P13 (1996M 戌月),63,67,69,69
2026-02-26,P13 (1996M 戌月),48,52,54,54
2026-02-27,P13 (1996M 戌月),63,67,69,69
2026-02-28,P13 (1996M 戌月),71,75,77,77
2026-03-01,P13 (1996M 戌月),72,76,78,78
2026-03-02,P13 (1996M 戌月),76,80,82,82
2026-03-03,P13 (1996M 戌月),83,87,89,89
2026-03-04,P13 (1996M 戌月),75,79,81,81
2026-03-05,P13 (1996M 戌月),83,87,89,89
2026-03-06,P13 (1996M 戌月),54,58,60,60
2026-03-07,P13 (1996M 戌月),57,61,63,63
2026-03-08,P13 (1996M 戌月),48,52,54,54
2026-03-09,P13 (1996M 戌月),58,62,64,64
2026-03-10,P13 (1996M 戌月),46,50,52,52
2026-03-11,P13 (1996M 戌月),50,54,56,56
2026-03-12,P13 (1996M 戌月),50,54,56,56
2026-03-13,P13 (1996M 戌月),55,59,61,61
2026-03-14,P13 (1996M 戌月),60,64,66,66
2026-03-15,P13 (1996M 戌月),64,68,70,70
2026-03-16,P13 (1996M 戌月),57,61,63,63
2026-03-17,P13 (1996M 戌月),59,63,65,65
2026-03-18,P13 (1996M 戌月),46,50,52,52
2026-03-19,P13 (1996M 戌月),56,60,62,62
2026-03-20,P13 (1996M 戌月),48,52,54,54
2026-03-21,P13 (1996M 戌月),52,56,58,58
2026-03-22,P13 (1996M 戌月),47,51,53,53
2026-03-23,P13 (1996M 戌月),52,56,58,58
2026-03-24,P13 (1996M 戌月),52,56,58,58
2026-03-25,P13 (1996M 戌月),56,60,62,62
2026-03-26,P13 (1996M 戌月),57,61,63,63
2026-03-27,P13 (1996M 戌月),60,64,66,66
2026-03-28,P13 (1996M 戌月),53,57,59,59
2026-03-29,P13 (1996M 戌月),62,66,68,68
2026-03-30,P13 (1996M 戌月),47,51,53,53
2026-03-31,P13 (1996M 戌月),52,56,58,58
2026-04-01,P13 (1996M 戌月),46,50,52,52
2026-04-02,P13 (1996M 戌月),53,57,59,59
2026-04-03,P13 (1996M 戌月),46,50,52,52
2026-04-04,P13 (1996M 戌月),55,59,61,61
2026-04-05,P13 (1996M 戌月),57,61,63,63
2026-04-06,P13 (1996M 戌月),66,70,72,72
2026-04-07,P13 (1996M 戌月),62,66,68,68
2026-04-08,P13 (1996M 戌月),72,76,78,78
2026-04-09,P13 (1996M 戌月),66,70,72,72
2026-04-10,P13 (1996M 戌月),65,69,71,71
2026-04-11,P13 (1996M 戌月),56,60,62,62
2026-04-12,P13 (1996M 戌月),61,65,67,67
2026-04-13,P13 (1996M 戌月),51,55,57,57
2026-04-14,P13 (1996M 戌月),59,63,65,65
2026-04-15,P13 (1996M 戌月),49,53,55,55
2026-04-16,P13 (1996M 戌月),55,59,61,61
2026-04-17,P13 (1996M 戌月),52,56,58,58
2026-04-18,P13 (1996M 戌月),62,66,68,68
2026-04-19,P13 (1996M 戌月),60,64,66,66
2026-04-20,P13 (1996M 戌月),63,67,69,69
2026-04-21,P13 (1996M 戌月),62,66,68,68
2026-04-22,P13 (1996M 戌月),58,62,64,64
2026-04-23,P13 (1996M 戌月),49,53,55,55
2026-04-24,P13 (1996M 戌月),56,60,62,62
2026-04-25,P13 (1996M 戌月),49,53,55,55
2026-04-26,P13 (1996M 戌月),55,59,61,61
2026-04-27,P13 (1996M 戌月),46,50,52,52
2026-04-28,P13 (1996M 戌月),58,62,64,64
2026-04-29,P13 (1996M 戌月),55,59,61,61
2026-04-30,P13 (1996M 戌月),61,65,67,67
2026-05-01,P13 (1996M 戌月),62,66,68,68
2026-05-02,P13 (1996M 戌月),68,72,74,74
2026-05-03,P13 (1996M 戌月),63,67,69,69
2026-05-04,P13 (1996M 戌月),63,67,69,69
2026-05-05,P13 (1996M 戌月),52,56,58,58
2026-05-06,P13 (1996M 戌月),46,50,52,52
2026-05-07,P13 (1996M 戌月),46,50,52,52
2026-05-08,P13 (1996M 戌月),49,53,55,55
2026-05-09,P13 (1996M 戌月),48,52,54,54
2026-05-10,P13 (1996M 戌月),47,51,53,53
2026-05-11,P13 (1996M 戌月),47,51,53,53
2026-05-12,P13 (1996M 戌月),53,57,59,59
2026-05-13,P13 (1996M 戌月),55,59,61,61
2026-05-14,P13 (1996M 戌月),59,63,65,65
2026-05-15,P13 (1996M 戌月),53,57,59,59
2026-05-16,P13 (1996M 戌月),54,58,60,60
2026-05-17,P13 (1996M 戌月),49,53,55,55
2026-05-18,P13 (1996M 戌月),50,54,56,56
2026-05-19,P13 (1996M 戌月),49,53,55,55
2026-05-20,P13 (1996M 戌月),49,53,55,55
2026-05-21,P13 (1996M 戌月),50,54,56,56
2026-05-22,P13 (1996M 戌月),49,53,55,55
2026-05-23,P13 (1996M 戌月),49,53,55,55
2026-05-24,P13 (1996M 戌月),56,60,62,62
2026-05-25,P13 (1996M 戌月),55,59,61,61
2026-05-26,P13 (1996M 戌月),58,62,64,64
2026-05-27,P13 (1996M 戌月),55,59,61,61
2026-05-28,P13 (1996M 戌月),57,61,63,63
2026-05-29,P13 (1996M 戌月),48,52,54,54
2026-05-30,P13 (1996M 戌月),49,53,55,55
2026-05-31,P13 (1996M 戌月),49,53,55,55
2025-12-03,P14 (1999F 卯月),63,65,67,69
2025-12-04,P14 (1999F 卯月),82,84,86,88
2025-12-05,P14 (1999F 卯月),75,77,79,81
2025-12-06,P14 (1999F 卯月),70,72,74,76
2025-12-07,P14 (1999F 卯月),66,68,70,72
2025-12-08,P14 (1999F 卯月),56,58,60,62
2025-12-09,P14 (1999F 卯月),53,55,57,59
2025-12-10,P14 (1999F 卯月),53,55,57,59
2025-12-11,P14 (1999F 卯月),50,52,54,56
2025-12-12,P14 (1999F 卯月),62,64,66,68
2025-12-13,P14 (1999F 卯月),50,52,54,56
2025-12-14,P14 (1999F 卯月),52,54,56,58
2025-12-15,P14 (1999F 卯月),59,61,63,65
2025-12-16,P14 (1999F 卯月),74,76,78,80
2025-12-17,P14 (1999F 卯月),60,62,64,66
2025-12-18,P14 (1999F 卯月),51,53,55,57
2025-12-19,P14 (1999F 卯月),67,69,71,73
2025-12-20,P14 (1999F 卯月),57,59,61,63
2025-12-21,P14 (1999F 卯月),50,52,54,56
2025-12-22,P14 (1999F 卯月),55,57,59,61
2025-12-23,P14 (1999F 卯月),49,51,53,55
2025-12-24,P14 (1999F 卯月),67,69,71,73
2025-12-25,P14 (1999F 卯月),55,57,59,61
2025-12-26,P14 (1999F 卯月),53,55,57,59
2025-12-27,P14 (1999F 卯月),57,59,61,63
2025-12-28,P14 (1999F 卯月),63,65,67,69
2025-12-29,P14 (1999F 卯月),62,64,66,68
2025-12-30,P14 (1999F 卯月),51,53,55,57
2025-12-31,P14 (1999F 卯月),62,64,66,68
2026-01-01,P14 (1999F 卯月),57,59,61,63
2026-01-02,P14 (1999F 卯月),49,51,53,55
2026-01-03,P14 (1999F 卯月),61,63,65,67
2026-01-04,P14 (1999F 卯月),49,51,53,55
2026-01-05,P14 (1999F 卯月),72,74,76,78
2026-01-06,P14 (1999F 卯月),67,69,71,73
2026-01-07,P14 (1999F 卯月),58,60,62,64
2026-01-08,P14 (1999F 卯月),71,73,75,77
2026-01-09,P14 (1999F 卯月),70,72,74,76
2026-01-10,P14 (1999F 卯月),68,70,72,74
2026-01-11,P14 (1999F 卯月),60,62,64,66
2026-01-12,P14 (1999F 卯月),72,74,76,78
2026-01-13,P14 (1999F 卯月),71,73,75,77
2026-01-14,P14 (1999F 卯月),66,68,70,72
2026-01-15,P14 (1999F 卯月),75,77,79,81
2026-01-16,P14 (1999F 卯月),60,62,64,66
2026-01-17,P14 (1999F 卯月),73,75,77,79
2026-01-18,P14 (1999F 卯月),67,69,71,73
2026-01-19,P14 (1999F 卯月),58,60,62,64
2026-01-20,P14 (1999F 卯月),65,67,69,71
2026-01-21,P14 (1999F 卯月),72,74,76,78
2026-01-22,P14 (1999F 卯月),66,68,70,72
2026-01-23,P14 (1999F 卯月),60,62,64,66
2026-01-24,P14 (1999F 卯月),81,83,85,87
2026-01-25,P14 (1999F 卯月),76,78,80,82
2026-01-26,P14 (1999F 卯月),64,66,68,70
2026-01-27,P14 (1999F 卯月),66,68,70,72
2026-01-28,P14 (1999F 卯月),63,65,67,69
2026-01-29,P14 (1999F 卯月),72,74,76,78
2026-01-30,P14 (1999F 卯月),64,66,68,70
2026-01-31,P14 (1999F 卯月),59,61,63,65
2026-02-01,P14 (1999F 卯月),62,64,66,68
2026-02-02,P14 (1999F 卯月),79,81,83,85
2026-02-03,P14 (1999F 卯月),75,77,79,81
2026-02-04,P14 (1999F 卯月),60,62,64,66
2026-02-05,P14 (1999F 卯月),68,70,72,74
2026-02-06,P14 (1999F 卯月),61,63,65,67
2026-02-07,P14 (1999F 卯月),56,58,60,62
2026-02-08,P14 (1999F 卯月),58,60,62,64
2026-02-09,P14 (1999F 卯月),54,56,58,60
2026-02-10,P14 (1999F 卯月),66,68,70,72
2026-02-11,P14 (1999F 卯月),52,54,56,58
2026-02-12,P14 (1999F 卯月),54,56,58,60
2026-02-13,P14 (1999F 卯月),60,62,64,66
2026-02-14,P14 (1999F 卯月),74,76,78,80
2026-02-15,P14 (1999F 卯月),63,65,67,69
2026-02-16,P14 (1999F 卯月),55,57,59,61
2026-02-17,P14 (1999F 卯月),68,70,72,74
2026-02-18,P14 (1999F 卯月),61,63,65,67
2026-02-19,P14 (1999F 卯月),51,53,55,57
2026-02-20,P14 (1999F 卯月),61,63,65,67
2026-02-21,P14 (1999F 卯月),53,55,57,59
2026-02-22,P14 (1999F 卯月),71,73,75,77
2026-02-23,P14 (1999F 卯月),57,59,61,63
2026-02-24,P14 (1999F 卯月),57,59,61,63
2026-02-25,P14 (1999F 卯月),58,60,62,64
2026-02-26,P14 (1999F 卯月),63,65,67,69
2026-02-27,P14 (1999F 卯月),62,64,66,68
2026-02-28,P14 (1999F 卯月),55,57,59,61
2026-03-01,P14 (1999F 卯月),63,65,67,69
2026-03-02,P14 (1999F 卯月),61,63,65,67
2026-03-03,P14 (1999F 卯月),48,50,52,54
2026-03-04,P14 (1999F 卯月),62,64,66,68
2026-03-05,P14 (1999F 卯月),54,56,58,60
2026-03-06,P14 (1999F 卯月),88,90,92,94
2026-03-07,P14 (1999F 卯月),76,78,80,82
2026-03-08,P14 (1999F 卯月),64,66,68,70
2026-03-09,P14 (1999F 卯月),79,81,83,85
2026-03-10,P14 (1999F 卯月),79,81,83,85
2026-03-11,P14 (1999F 卯月),77,79,81,83
2026-03-12,P14 (1999F 卯月),69,71,73,75
2026-03-13,P14 (1999F 卯月),80,82,84,86
2026-03-14,P14 (1999F 卯月),77,79,81,83
2026-03-15,P14 (1999F 卯月),73,75,77,79
2026-03-16,P14 (1999F 卯月),83,85,87,89
2026-03-17,P14 (1999F 卯月),68,70,72,74
2026-03-18,P14 (1999F 卯月),82,84,86,88
2026-03-19,P14 (1999F 卯月),75,77,79,81
2026-03-20,P14 (1999F 卯月),65,67,69,71
2026-03-21,P14 (1999F 卯月),72,74,76,78
2026-03-22,P14 (1999F 卯月),79,81,83,85
2026-03-23,P14 (1999F 卯月),73,75,77,79
2026-03-24,P14 (1999F 卯月),69,71,73,75
2026-03-25,P14 (1999F 卯月),84,86,88,90
2026-03-26,P14 (1999F 卯月),84,86,88,90
2026-03-27,P14 (1999F 卯月),72,74,76,78
2026-03-28,P14 (1999F 卯月),75,77,79,81
2026-03-29,P14 (1999F 卯月),72,74,76,78
2026-03-30,P14 (1999F 卯月),79,81,83,85
2026-03-31,P14 (1999F 卯月),73,75,77,79
2026-04-01,P14 (1999F 卯月),67,69,71,73
2026-04-02,P14 (1999F 卯月),71,73,75,77
2026-04-03,P14 (1999F 卯月),83,85,87,89
2026-04-04,P14 (1999F 卯月),78,80,82,84
2026-04-05,P14 (1999F 卯月),57,59,61,63
2026-04-06,P14 (1999F 卯月),70,72,74,76
2026-04-07,P14 (1999F 卯月),57,59,61,63
2026-04-08,P14 (1999F 卯月),56,58,60,62
2026-04-09,P14 (1999F 卯月),55,57,59,61
2026-04-10,P14 (1999F 卯月),52,54,56,58
2026-04-11,P14 (1999F 卯月),67,69,71,73
2026-04-12,P14 (1999F 卯月),57,59,61,63
2026-04-13,P14 (1999F 卯月),58,60,62,64
2026-04-14,P14 (1999F 卯月),64,66,68,70
2026-04-15,P14 (1999F 卯月),79,81,83,85
2026-04-16,P14 (1999F 卯月),65,67,69,71
2026-04-17,P14 (1999F 卯月),55,57,59,61
2026-04-18,P14 (1999F 卯月),75,77,79,81
2026-04-19,P14 (1999F 卯月),60,62,64,66
2026-04-20,P14 (1999F 卯月),57,59,61,63
2026-04-21,P14 (1999F 卯月),61,63,65,67
2026-04-22,P14 (1999F 卯月),50,52,54,56
2026-04-23,P14 (1999F 卯月),75,77,79,81
2026-04-24,P14 (1999F 卯月),63,65,67,69
2026-04-25,P14 (1999F 卯月),60,62,64,66
2026-04-26,P14 (1999F 卯月),65,67,69,71
2026-04-27,P14 (1999F 卯月),70,72,74,76
2026-04-28,P14 (1999F 卯月),69,71,73,75
2026-04-29,P14 (1999F 卯月),55,57,59,61
2026-04-30,P14 (1999F 卯月),69,71,73,75
2026-05-01,P14 (1999F 卯月),60,62,64,66
2026-05-02,P14 (1999F 卯月),52,54,56,58
2026-05-03,P14 (1999F 卯月),67,69,71,73
2026-05-04,P14 (1999F 卯月),56,58,60,62
2026-05-05,P14 (1999F 卯月),78,80,82,84
2026-05-06,P14 (1999F 卯月),50,52,54,56
2026-05-07,P14 (1999F 卯月),50,52,54,56
2026-05-08,P14 (1999F 卯月),53,55,57,59
2026-05-09,P14 (1999F 卯月),64,66,68,70
2026-05-10,P14 (1999F 卯月),56,58,60,62
2026-05-11,P14 (1999F 卯月),55,57,59,61
2026-05-12,P14 (1999F 卯月),59,61,63,65
2026-05-13,P14 (1999F 卯月),58,60,62,64
2026-05-14,P14 (1999F 卯月),48,50,52,54
2026-05-15,P14 (1999F 卯月),60,62,64,66
2026-05-16,P14 (1999F 卯月),52,54,56,58
2026-05-17,P14 (1999F 卯月),64,66,68,70
2026-05-18,P14 (1999F 卯月),54,56,58,60
2026-05-19,P14 (1999F 卯月),54,56,58,60
2026-05-20,P14 (1999F 卯月),55,57,59,61
2026-05-21,P14 (1999F 卯月),63,65,67,69
2026-05-22,P14 (1999F 卯月),52,54,56,58
2026-05-23,P14 (1999F 卯月),54,56,58,60
2026-05-24,P14 (1999F 卯月),62,64,66,68
2026-05-25,P14 (1999F 卯月),64,66,68,70
2026-05-26,P14 (1999F 卯月),48,50,52,54
2026-05-27,P14 (1999F 卯月),54,56,58,60
2026-05-28,P14 (1999F 卯月),55,57,59,61
2026-05-29,P14 (1999F 卯月),65,67,69,71
2026-05-30,P14 (1999F 卯月),52,54,56,58
2026-05-31,P14 (1999F 卯月),54,56,58,60
2025-12-03,P15 (2002M 未月),73,76,78,79
2025-12-04,P15 (2002M 未月),78,81,83,84
2025-12-05,P15 (2002M 未月),68,71,73,74
2025-12-06,P15 (2002M 未月),81,84,86,87
2025-12-07,P15 (2002M 未月),52,55,57,58
2025-12-08,P15 (2002M 未月),52,55,57,58
2025-12-09,P15 (2002M 未月),48,51,53,54
2025-12-10,P15 (2002M 未月),45,48,50,51
2025-12-11,P15 (2002M 未月),48,51,53,54
2025-12-12,P15 (2002M 未月),54,57,59,60
2025-12-13,P15 (2002M 未月),50,53,55,56
2025-12-14,P15 (2002M 未月),57,60,62,63
2025-12-15,P15 (2002M 未月),60,63,65,66
2025-12-16,P15 (2002M 未月),60,63,65,66
2025-12-17,P15 (2002M 未月),54,57,59,60
2025-12-18,P15 (2002M 未月),60,63,65,66
2025-12-19,P15 (2002M 未月),50,53,55,56
2025-12-20,P15 (2002M 未月),53,56,58,59
2025-12-21,P15 (2002M 未月),49,52,54,55
2025-12-22,P15 (2002M 未月),48,51,53,54
2025-12-23,P15 (2002M 未月),48,51,53,54
2025-12-24,P15 (2002M 未月),53,56,58,59
2025-12-25,P15 (2002M 未月),51,54,56,57
2025-12-26,P15 (2002M 未月),60,63,65,66
2025-12-27,P15 (2002M 未月),67,70,72,73
2025-12-28,P15 (2002M 未月),62,65,67,68
2025-12-29,P15 (2002M 未月),51,54,56,57
2025-12-30,P15 (2002M 未月),54,57,59,60
2025-12-31,P15 (2002M 未月),54,57,59,60
2026-01-01,P15 (2002M 未月),56,59,61,62
2026-01-02,P15 (2002M 未月),47,50,52,53
2026-01-03,P15 (2002M 未月),46,49,51,52
2026-01-04,P15 (2002M 未月),50,53,55,56
2026-01-05,P15 (2002M 未月),56,59,61,62
2026-01-06,P15 (2002M 未月),54,57,59,60
2026-01-07,P15 (2002M 未月),60,63,65,66
2026-01-08,P15 (2002M 未月),62,65,67,68
2026-01-09,P15 (2002M 未月),57,60,62,63
2026-01-10,P15 (2002M 未月),56,59,61,62
2026-01-11,P15 (2002M 未月),58,61,63,64
2026-01-12,P15 (2002M 未月),48,51,53,54
2026-01-13,P15 (2002M 未月),53,56,58,59
2026-01-14,P15 (2002M 未月),50,53,55,56
2026-01-15,P15 (2002M 未月),49,52,54,55
2026-01-16,P15 (2002M 未月),48,51,53,54
2026-01-17,P15 (2002M 未月),50,53,55,56
2026-01-18,P15 (2002M 未月),51,54,56,57
2026-01-19,P15 (2002M 未月),52,55,57,58
2026-01-20,P15 (2002M 未月),60,63,65,66
2026-01-21,P15 (2002M 未月),57,60,62,63
2026-01-22,P15 (2002M 未月),47,50,52,53
2026-01-23,P15 (2002M 未月),52,55,57,58
2026-01-24,P15 (2002M 未月),48,51,53,54
2026-01-25,P15 (2002M 未月),50,53,55,56
2026-01-26,P15 (2002M 未月),48,51,53,54
2026-01-27,P15 (2002M 未月),48,51,53,54
2026-01-28,P15 (2002M 未月),49,52,54,55
2026-01-29,P15 (2002M 未月),52,55,57,58
2026-01-30,P15 (2002M 未月),54,57,59,60
2026-01-31,P15 (2002M 未月),60,63,65,66
2026-02-01,P15 (2002M 未月),57,60,62,63
2026-02-02,P15 (2002M 未月),60,63,65,66
2026-02-03,P15 (2002M 未月),53,56,58,59
2026-02-04,P15 (2002M 未月),73,76,78,79
2026-02-05,P15 (2002M 未月),66,69,71,72
2026-02-06,P15 (2002M 未月),62,65,67,68
2026-02-07,P15 (2002M 未月),52,55,57,58
2026-02-08,P15 (2002M 未月),49,52,54,55
2026-02-09,P15 (2002M 未月),56,59,61,62
2026-02-10,P15 (2002M 未月),61,64,66,67
2026-02-11,P15 (2002M 未月),59,62,64,65
2026-02-12,P15 (2002M 未月),71,74,76,77
2026-02-13,P15 (2002M 未月),70,73,75,76
2026-02-14,P15 (2002M 未月),73,76,78,79
2026-02-15,P15 (2002M 未月),63,66,68,69
2026-02-16,P15 (2002M 未月),64,67,69,70
2026-02-17,P15 (2002M 未月),59,62,64,65
2026-02-18,P15 (2002M 未月),57,60,62,63
2026-02-19,P15 (2002M 未月),51,54,56,57
2026-02-20,P15 (2002M 未月),48,51,53,54
2026-02-21,P15 (2002M 未月),50,53,55,56
2026-02-22,P15 (2002M 未月),54,57,59,60
2026-02-23,P15 (2002M 未月),56,59,61,62
2026-02-24,P15 (2002M 未月),72,75,77,78
2026-02-25,P15 (2002M 未月),75,78,80,81
2026-02-26,P15 (2002M 未月),66,69,71,72
2026-02-27,P15 (2002M 未月),59,62,64,65
2026-02-28,P15 (2002M 未月),60,63,65,66
2026-03-01,P15 (2002M 未月),56,59,61,62
2026-03-02,P15 (2002M 未月),61,64,66,67
2026-03-03,P15 (2002M 未月),46,49,51,52
2026-03-04,P15 (2002M 未月),47,50,52,53
2026-03-05,P15 (2002M 未月),50,53,55,56
2026-03-06,P15 (2002M 未月),63,66,68,69
2026-03-07,P15 (2002M 未月),63,66,68,69
2026-03-08,P15 (2002M 未月),66,69,71,72
2026-03-09,P15 (2002M 未月),72,75,77,78
2026-03-10,P15 (2002M 未月),66,69,71,72
2026-03-11,P15 (2002M 未月),59,62,64,65
2026-03-12,P15 (2002M 未月),70,73,75,76
2026-03-13,P15 (2002M 未月),55,58,60,61
2026-03-14,P15 (2002M 未月),64,67,69,70
2026-03-15,P15 (2002M 未月),51,54,56,57
2026-03-16,P15 (2002M 未月),48,51,53,54
2026-03-17,P15 (2002M 未月),61,64,66,67
2026-03-18,P15 (2002M 未月),60,63,65,66
2026-03-19,P15 (2002M 未月),64,67,69,70
2026-03-20,P15 (2002M 未月),69,72,74,75
2026-03-21,P15 (2002M 未月),73,76,78,79
2026-03-22,P15 (2002M 未月),71,74,76,77
2026-03-23,P15 (2002M 未月),57,60,62,63
2026-03-24,P15 (2002M 未月),72,75,77,78
2026-03-25,P15 (2002M 未月),58,61,63,64
2026-03-26,P15 (2002M 未月),65,68,70,71
2026-03-27,P15 (2002M 未月),55,58,60,61
2026-03-28,P15 (2002M 未月),48,51,53,54
2026-03-29,P15 (2002M 未月),57,60,62,63
2026-03-30,P15 (2002M 未月),58,61,63,64
2026-03-31,P15 (2002M 未月),63,66,68,69
2026-04-01,P15 (2002M 未月),75,78,80,81
2026-04-02,P15 (2002M 未月),70,73,75,76
2026-04-03,P15 (2002M 未月),75,78,80,81
2026-04-04,P15 (2002M 未月),59,62,64,65
2026-04-05,P15 (2002M 未月),83,86,88,89
2026-04-06,P15 (2002M 未月),76,79,81,82
2026-04-07,P15 (2002M 未月),71,74,76,77
2026-04-08,P15 (2002M 未月),58,61,63,64
2026-04-09,P15 (2002M 未月),50,53,55,56
2026-04-10,P15 (2002M 未月),65,68,70,71
2026-04-11,P15 (2002M 未月),68,71,73,74
2026-04-12,P15 (2002M 未月),63,66,68,69
2026-04-13,P15 (2002M 未月),85,88,90,91
2026-04-14,P15 (2002M 未月),82,85,87,88
2026-04-15,P15 (2002M 未月),82,85,87,88
2026-04-16,P15 (2002M 未月),82,85,87,88
2026-04-17,P15 (2002M 未月),79,82,84,85
2026-04-18,P15 (2002M 未月),74,77,79,80
2026-04-19,P15 (2002M 未月),72,75,77,78
2026-04-20,P15 (2002M 未月),62,65,67,68
2026-04-21,P15 (2002M 未月),55,58,60,61
2026-04-22,P15 (2002M 未月),60,63,65,66
2026-04-23,P15 (2002M 未月),71,74,76,77
2026-04-24,P15 (2002M 未月),69,72,74,75
2026-04-25,P15 (2002M 未月),87,90,92,93
2026-04-26,P15 (2002M 未月),85,88,90,91
2026-04-27,P15 (2002M 未月),76,79,81,82
2026-04-28,P15 (2002M 未月),75,78,80,81
2026-04-29,P15 (2002M 未月),77,80,82,83
2026-04-30,P15 (2002M 未月),73,76,78,79
2026-05-01,P15 (2002M 未月),76,79,81,82
2026-05-02,P15 (2002M 未月),56,59,61,62
2026-05-03,P15 (2002M 未月),51,54,56,57
2026-05-04,P15 (2002M 未月),65,68,70,71
2026-05-05,P15 (2002M 未月),67,70,72,73
2026-05-06,P15 (2002M 未月),72,75,77,78
2026-05-07,P15 (2002M 未月),76,79,81,82
2026-05-08,P15 (2002M 未月),77,80,82,83
2026-05-09,P15 (2002M 未月),73,76,78,79
2026-05-10,P15 (2002M 未月),70,73,75,76
2026-05-11,P15 (2002M 未月),82,85,87,88
2026-05-12,P15 (2002M 未月),65,68,70,71
2026-05-13,P15 (2002M 未月),77,80,82,83
2026-05-14,P15 (2002M 未月),62,65,67,68
2026-05-15,P15 (2002M 未月),56,59,61,62
2026-05-16,P15 (2002M 未月),70,73,75,76
2026-05-17,P15 (2002M 未月),69,72,74,75
2026-05-18,P15 (2002M 未月),69,72,74,75
2026-05-19,P15 (2002M 未月),76,79,81,82
2026-05-20,P15 (2002M 未月),81,84,86,87
2026-05-21,P15 (2002M 未月),81,84,86,87
2026-05-22,P15 (2002M 未月),69,72,74,75
2026-05-23,P15 (2002M 未月),77,80,82,83
2026-05-24,P15 (2002M 未月),65,68,70,71
2026-05-25,P15 (2002M 未月),72,75,77,78
2026-05-26,P15 (2002M 未月),60,63,65,66
2026-05-27,P15 (2002M 未月),53,56,58,59
2026-05-28,P15 (2002M 未月),67,70,72,73
2026-05-29,P15 (2002M 未月),65,68,70,71
2026-05-30,P15 (2002M 未月),72,75,77,78
2026-05-31,P15 (2002M 未月),86,89,91,92
2025-12-03,P16 (2005F 亥月),52,55,57,58
2025-12-04,P16 (2005F 亥月),56,59,61,62
2025-12-05,P16 (2005F 亥月),66,69,71,72
2025-12-06,P16 (2005F 亥月),55,58,60,61
2025-12-07,P16 (2005F 亥月),69,72,74,75
2025-12-08,P16 (2005F 亥月),73,76,78,79
2025-12-09,P16 (2005F 亥月),64,67,69,70
2025-12-10,P16 (2005F 亥月),73,76,78,79
2025-12-11,P16 (2005F 亥月),62,65,67,68
2025-12-12,P16 (2005F 亥月),60,63,65,66
2025-12-13,P16 (2005F 亥月),59,62,64,65
2025-12-14,P16 (2005F 亥月),73,76,78,79
2025-12-15,P16 (2005F 亥月),52,55,57,58
2025-12-16,P16 (2005F 亥月),55,58,60,61
2025-12-17,P16 (2005F 亥月),70,73,75,76
2025-12-18,P16 (2005F 亥月),57,60,62,63
2025-12-19,P16 (2005F 亥月),66,69,71,72
2025-12-20,P16 (2005F 亥月),72,75,77,78
2025-12-21,P16 (2005F 亥月),69,72,74,75
2025-12-22,P16 (2005F 亥月),71,74,76,77
2025-12-23,P16 (2005F 亥月),63,66,68,69
2025-12-24,P16 (2005F 亥月),62,65,67,68
2025-12-25,P16 (2005F 亥月),54,57,59,60
2025-12-26,P16 (2005F 亥月),69,72,74,75
2025-12-27,P16 (2005F 亥月),52,55,57,58
2025-12-28,P16 (2005F 亥月),59,62,64,65
2025-12-29,P16 (2005F 亥月),65,68,70,71
2025-12-30,P16 (2005F 亥月),57,60,62,63
2025-12-31,P16 (2005F 亥月),69,72,74,75
2026-01-01,P16 (2005F 亥月),65,68,70,71
2026-01-02,P16 (2005F 亥月),68,71,73,74
2026-01-03,P16 (2005F 亥月),73,76,78,79
2026-01-04,P16 (2005F 亥月),56,59,61,62
2026-01-05,P16 (2005F 亥月),57,60,62,63
2026-01-06,P16 (2005F 亥月),59,62,64,65
2026-01-07,P16 (2005F 亥月),76,79,81,82
2026-01-08,P16 (2005F 亥月),55,58,60,61
2026-01-09,P16 (2005F 亥月),60,63,65,66
2026-01-10,P16 (2005F 亥月),70,73,75,76
2026-01-11,P16 (2005F 亥月),59,62,64,65
2026-01-12,P16 (2005F 亥月),76,79,81,82
2026-01-13,P16 (2005F 亥月),76,79,81,82
2026-01-14,P16 (2005F 亥月),72,75,77,78
2026-01-15,P16 (2005F 亥月),71,74,76,77
2026-01-16,P16 (2005F 亥月),64,67,69,70
2026-01-17,P16 (2005F 亥月),66,69,71,72
2026-01-18,P16 (2005F 亥月),58,61,63,64
2026-01-19,P16 (2005F 亥月),76,79,81,82
2026-01-20,P16 (2005F 亥月),56,59,61,62
2026-01-21,P16 (2005F 亥月),60,63,65,66
2026-01-22,P16 (2005F 亥月),76,79,81,82
2026-01-23,P16 (2005F 亥月),60,63,65,66
2026-01-24,P16 (2005F 亥月),70,73,75,76
2026-01-25,P16 (2005F 亥月),69,72,74,75
2026-01-26,P16 (2005F 亥月),66,69,71,72
2026-01-27,P16 (2005F 亥月),75,78,80,81
2026-01-28,P16 (2005F 亥月),56,59,61,62
2026-01-29,P16 (2005F 亥月),63,66,68,69
2026-01-30,P16 (2005F 亥月),56,59,61,62
2026-01-31,P16 (2005F 亥月),69,72,74,75
2026-02-01,P16 (2005F 亥月),59,62,64,65
2026-02-02,P16 (2005F 亥月),65,68,70,71
2026-02-03,P16 (2005F 亥月),74,77,79,80
2026-02-04,P16 (2005F 亥月),56,59,61,62
2026-02-05,P16 (2005F 亥月),70,73,75,76
2026-02-06,P16 (2005F 亥月),73,76,78,79
2026-02-07,P16 (2005F 亥月),66,69,71,72
2026-02-08,P16 (2005F 亥月),74,77,79,80
2026-02-09,P16 (2005F 亥月),62,65,67,68
2026-02-10,P16 (2005F 亥月),62,65,67,68
2026-02-11,P16 (2005F 亥月),62,65,67,68
2026-02-12,P16 (2005F 亥月),75,78,80,81
2026-02-13,P16 (2005F 亥月),54,57,59,60
2026-02-14,P16 (2005F 亥月),55,58,60,61
2026-02-15,P16 (2005F 亥月),70,73,75,76
2026-02-16,P16 (2005F 亥月),59,62,64,65
2026-02-17,P16 (2005F 亥月),68,71,73,74
2026-02-18,P16 (2005F 亥月),74,77,79,80
2026-02-19,P16 (2005F 亥月),70,73,75,76
2026-02-20,P16 (2005F 亥月),72,75,77,78
2026-02-21,P16 (2005F 亥月),67,70,72,73
2026-02-22,P16 (2005F 亥月),62,65,67,68
2026-02-23,P16 (2005F 亥月),55,58,60,61
2026-02-24,P16 (2005F 亥月),68,71,73,74
2026-02-25,P16 (2005F 亥月),52,55,57,58
2026-02-26,P16 (2005F 亥月),56,59,61,62
2026-02-27,P16 (2005F 亥月),63,66,68,69
2026-02-28,P16 (2005F 亥月),54,57,59,60
2026-03-01,P16 (2005F 亥月),68,71,73,74
2026-03-02,P16 (2005F 亥月),69,72,74,75
2026-03-03,P16 (2005F 亥月),70,73,75,76
2026-03-04,P16 (2005F 亥月),72,75,77,78
2026-03-05,P16 (2005F 亥月),61,64,66,67
2026-03-06,P16 (2005F 亥月),61,64,66,67
2026-03-07,P16 (2005F 亥月),57,60,62,63
2026-03-08,P16 (2005F 亥月),68,71,73,74
2026-03-09,P16 (2005F 亥月),53,56,58,59
2026-03-10,P16 (2005F 亥月),59,62,64,65
2026-03-11,P16 (2005F 亥月),64,67,69,70
2026-03-12,P16 (2005F 亥月),55,58,60,61
2026-03-13,P16 (2005F 亥月),62,65,67,68
2026-03-14,P16 (2005F 亥月),63,66,68,69
2026-03-15,P16 (2005F 亥月),59,62,64,65
2026-03-16,P16 (2005F 亥月),65,68,70,71
2026-03-17,P16 (2005F 亥月),58,61,63,64
2026-03-18,P16 (2005F 亥月),66,69,71,72
2026-03-19,P16 (2005F 亥月),57,60,62,63
2026-03-20,P16 (2005F 亥月),67,70,72,73
2026-03-21,P16 (2005F 亥月),51,54,56,57
2026-03-22,P16 (2005F 亥月),56,59,61,62
2026-03-23,P16 (2005F 亥月),64,67,69,70
2026-03-24,P16 (2005F 亥月),59,62,64,65
2026-03-25,P16 (2005F 亥月),61,64,66,67
2026-03-26,P16 (2005F 亥月),66,69,71,72
2026-03-27,P16 (2005F 亥月),63,66,68,69
2026-03-28,P16 (2005F 亥月),68,71,73,74
2026-03-29,P16 (2005F 亥月),55,58,60,61
2026-03-30,P16 (2005F 亥月),59,62,64,65
2026-03-31,P16 (2005F 亥月),55,58,60,61
2026-04-01,P16 (2005F 亥月),62,65,67,68
2026-04-02,P16 (2005F 亥月),51,54,56,57
2026-04-03,P16 (2005F 亥月),59,62,64,65
2026-04-04,P16 (2005F 亥月),61,64,66,67
2026-04-05,P16 (2005F 亥月),53,56,58,59
2026-04-06,P16 (2005F 亥月),63,66,68,69
2026-04-07,P16 (2005F 亥月),65,68,70,71
2026-04-08,P16 (2005F 亥月),59,62,64,65
2026-04-09,P16 (2005F 亥月),61,64,66,67
2026-04-10,P16 (2005F 亥月),51,54,56,57
2026-04-11,P16 (2005F 亥月),54,57,59,60
2026-04-12,P16 (2005F 亥月),51,54,56,57
2026-04-13,P16 (2005F 亥月),61,64,66,67
2026-04-14,P16 (2005F 亥月),47,50,52,53
2026-04-15,P16 (2005F 亥月),53,56,58,59
2026-04-16,P16 (2005F 亥月),61,64,66,67
2026-04-17,P16 (2005F 亥月),57,60,62,63
2026-04-18,P16 (2005F 亥月),62,65,67,68
2026-04-19,P16 (2005F 亥月),62,65,67,68
2026-04-20,P16 (2005F 亥月),58,61,63,64
2026-04-21,P16 (2005F 亥月),61,64,66,67
2026-04-22,P16 (2005F 亥月),54,57,59,60
2026-04-23,P16 (2005F 亥月),59,62,64,65
2026-04-24,P16 (2005F 亥月),51,54,56,57
2026-04-25,P16 (2005F 亥月),61,64,66,67
2026-04-26,P16 (2005F 亥月),50,53,55,56
2026-04-27,P16 (2005F 亥月),57,60,62,63
2026-04-28,P16 (2005F 亥月),61,64,66,67
2026-04-29,P16 (2005F 亥月),53,56,58,59
2026-04-30,P16 (2005F 亥月),63,66,68,69
2026-05-01,P16 (2005F 亥月),61,64,66,67
2026-05-02,P16 (2005F 亥月),57,60,62,63
2026-05-03,P16 (2005F 亥月),60,63,65,66
2026-05-04,P16 (2005F 亥月),48,51,53,54
2026-05-05,P16 (2005F 亥月),58,61,63,64
2026-05-06,P16 (2005F 亥月),61,64,66,67
2026-05-07,P16 (2005F 亥月),73,76,78,79
2026-05-08,P16 (2005F 亥月),55,58,60,61
2026-05-09,P16 (2005F 亥月),61,64,66,67
2026-05-10,P16 (2005F 亥月),68,71,73,74
2026-05-11,P16 (2005F 亥月),60,63,65,66
2026-05-12,P16 (2005F 亥月),74,77,79,80
2026-05-13,P16 (2005F 亥月),72,75,77,78
2026-05-14,P16 (2005F 亥月),66,69,71,72
2026-05-15,P16 (2005F 亥月),65,68,70,71
2026-05-16,P16 (2005F 亥月),58,61,63,64
2026-05-17,P16 (2005F 亥月),64,67,69,70
2026-05-18,P16 (2005F 亥月),56,59,61,62
2026-05-19,P16 (2005F 亥月),69,72,74,75
2026-05-20,P16 (2005F 亥月),52,55,57,58
2026-05-21,P16 (2005F 亥月),56,59,61,62
2026-05-22,P16 (2005F 亥月),71,74,76,77
2026-05-23,P16 (2005F 亥月),61,64,66,67
2026-05-24,P16 (2005F 亥月),69,72,74,75
2026-05-25,P16 (2005F 亥月),68,71,73,74
2026-05-26,P16 (2005F 亥月),68,71,73,74
2026-05-27,P16 (2005F 亥月),74,77,79,80
2026-05-28,P16 (2005F 亥月),58,61,63,64
2026-05-29,P16 (2005F 亥月),62,65,67,68
2026-05-30,P16 (2005F 亥月),55,58,60,61
2026-05-31,P16 (2005F 亥月),65,68,70,71
2025-12-03,P17 (1960M 辰月),50,55,56,56
2025-12-04,P17 (1960M 辰月),49,54,55,55
2025-12-05,P17 (1960M 辰月),59,64,65,65
2025-12-06,P17 (1960M 辰月),59,64,65,65
2025-12-07,P17 (1960M 辰月),58,63,64,64
2025-12-08,P17 (1960M 辰月),65,70,71,71
2025-12-09,P17 (1960M 辰月),82,87,88,88
2025-12-10,P17 (1960M 辰月),72,77,78,78
2025-12-11,P17 (1960M 辰月),67,72,73,73
2025-12-12,P17 (1960M 辰月),68,73,74,74
2025-12-13,P17 (1960M 辰月),61,66,67,67
2025-12-14,P17 (1960M 辰月),66,71,72,72
2025-12-15,P17 (1960M 辰月),65,70,71,71
2025-12-16,P17 (1960M 辰月),65,70,71,71
2025-12-17,P17 (1960M 辰月),74,79,80,80
2025-12-18,P17 (1960M 辰月),70,75,76,76
2025-12-19,P17 (1960M 辰月),63,68,69,69
2025-12-20,P17 (1960M 辰月),69,74,75,75
2025-12-21,P17 (1960M 辰月),78,83,84,84
2025-12-22,P17 (1960M 辰月),76,81,82,82
2025-12-23,P17 (1960M 辰月),66,71,72,72
2025-12-24,P17 (1960M 辰月),68,73,74,74
2025-12-25,P17 (1960M 辰月),65,70,71,71
2025-12-26,P17 (1960M 辰月),71,76,77,77
2025-12-27,P17 (1960M 辰月),61,66,67,67
2025-12-28,P17 (1960M 辰月),58,63,64,64
2025-12-29,P17 (1960M 辰月),81,86,87,87
2025-12-30,P17 (1960M 辰月),74,79,80,80
2025-12-31,P17 (1960M 辰月),61,66,67,67
2026-01-01,P17 (1960M 辰月),66,71,72,72
2026-01-02,P17 (1960M 辰月),75,80,81,81
2026-01-03,P17 (1960M 辰月),73,78,79,79
2026-01-04,P17 (1960M 辰月),66,71,72,72
2026-01-05,P17 (1960M 辰月),69,74,75,75
2026-01-06,P17 (1960M 辰月),53,58,59,59
2026-01-07,P17 (1960M 辰月),58,63,64,64
2026-01-08,P17 (1960M 辰月),62,67,68,68
2026-01-09,P17 (1960M 辰月),57,62,63,63
2026-01-10,P17 (1960M 辰月),75,80,81,81
2026-01-11,P17 (1960M 辰月),71,76,77,77
2026-01-12,P17 (1960M 辰月),54,59,60,60
2026-01-13,P17 (1960M 辰月),63,68,69,69
2026-01-14,P17 (1960M 辰月),72,77,78,78
2026-01-15,P17 (1960M 辰月),71,76,77,77
2026-01-16,P17 (1960M 辰月),60,65,66,66
2026-01-17,P17 (1960M 辰月),58,63,64,64
2026-01-18,P17 (1960M 辰月),59,64,65,65
2026-01-19,P17 (1960M 辰月),59,64,65,65
2026-01-20,P17 (1960M 辰月),57,62,63,63
2026-01-21,P17 (1960M 辰月),61,66,67,67
2026-01-22,P17 (1960M 辰月),70,75,76,76
2026-01-23,P17 (1960M 辰月),66,71,72,72
2026-01-24,P17 (1960M 辰月),51,56,57,57
2026-01-25,P17 (1960M 辰月),63,68,69,69
2026-01-26,P17 (1960M 辰月),68,73,74,74
2026-01-27,P17 (1960M 辰月),63,68,69,69
2026-01-28,P17 (1960M 辰月),64,69,70,70
2026-01-29,P17 (1960M 辰月),59,64,65,65
2026-01-30,P17 (1960M 辰月),51,56,57,57
2026-01-31,P17 (1960M 辰月),58,63,64,64
2026-02-01,P17 (1960M 辰月),52,57,58,58
2026-02-02,P17 (1960M 辰月),56,61,62,62
2026-02-03,P17 (1960M 辰月),70,75,76,76
2026-02-04,P17 (1960M 辰月),59,64,65,65
2026-02-05,P17 (1960M 辰月),47,52,53,53
2026-02-06,P17 (1960M 辰月),51,56,57,57
2026-02-07,P17 (1960M 辰月),67,72,73,73
2026-02-08,P17 (1960M 辰月),58,63,64,64
2026-02-09,P17 (1960M 辰月),51,56,57,57
2026-02-10,P17 (1960M 辰月),54,59,60,60
2026-02-11,P17 (1960M 辰月),49,54,55,55
2026-02-12,P17 (1960M 辰月),53,58,59,59
2026-02-13,P17 (1960M 辰月),52,57,58,58
2026-02-14,P17 (1960M 辰月),52,57,58,58
2026-02-15,P17 (1960M 辰月),60,65,66,66
2026-02-16,P17 (1960M 辰月),58,63,64,64
2026-02-17,P17 (1960M 辰月),49,54,55,55
2026-02-18,P17 (1960M 辰月),57,62,63,63
2026-02-19,P17 (1960M 辰月),63,68,69,69
2026-02-20,P17 (1960M 辰月),60,65,66,66
2026-02-21,P17 (1960M 辰月),53,58,59,59
2026-02-22,P17 (1960M 辰月),55,60,61,61
2026-02-23,P17 (1960M 辰月),49,54,55,55
2026-02-24,P17 (1960M 辰月),53,58,59,59
2026-02-25,P17 (1960M 辰月),48,53,54,54
2026-02-26,P17 (1960M 辰月),47,52,53,53
2026-02-27,P17 (1960M 辰月),67,72,73,73
2026-02-28,P17 (1960M 辰月),58,63,64,64
2026-03-01,P17 (1960M 辰月),48,53,54,54
2026-03-02,P17 (1960M 辰月),54,59,60,60
2026-03-03,P17 (1960M 辰月),63,68,69,69
2026-03-04,P17 (1960M 辰月),62,67,68,68
2026-03-05,P17 (1960M 辰月),55,60,61,61
2026-03-06,P17 (1960M 辰月),66,71,72,72
2026-03-07,P17 (1960M 辰月),53,58,59,59
2026-03-08,P17 (1960M 辰月),57,62,63,63
2026-03-09,P17 (1960M 辰月),60,65,66,66
2026-03-10,P17 (1960M 辰月),55,60,61,61
2026-03-11,P17 (1960M 辰月),73,78,79,79
2026-03-12,P17 (1960M 辰月),69,74,75,75
2026-03-13,P17 (1960M 辰月),53,58,59,59
2026-03-14,P17 (1960M 辰月),61,66,67,67
2026-03-15,P17 (1960M 辰月),69,74,75,75
2026-03-16,P17 (1960M 辰月),70,75,76,76
2026-03-17,P17 (1960M 辰月),57,62,63,63
2026-03-18,P17 (1960M 辰月),59,64,65,65
2026-03-19,P17 (1960M 辰月),61,66,67,67
2026-03-20,P17 (1960M 辰月),61,66,67,67
2026-03-21,P17 (1960M 辰月),58,63,64,64
2026-03-22,P17 (1960M 辰月),60,65,66,66
2026-03-23,P17 (1960M 辰月),72,77,78,78
2026-03-24,P17 (1960M 辰月),69,74,75,75
2026-03-25,P17 (1960M 辰月),52,57,58,58
2026-03-26,P17 (1960M 辰月),62,67,68,68
2026-03-27,P17 (1960M 辰月),64,69,70,70
2026-03-28,P17 (1960M 辰月),61,66,67,67
2026-03-29,P17 (1960M 辰月),66,71,72,72
2026-03-30,P17 (1960M 辰月),60,65,66,66
2026-03-31,P17 (1960M 辰月),52,57,58,58
2026-04-01,P17 (1960M 辰月),60,65,66,66
2026-04-02,P17 (1960M 辰月),55,60,61,61
2026-04-03,P17 (1960M 辰月),56,61,62,62
2026-04-04,P17 (1960M 辰月),68,73,74,74
2026-04-05,P17 (1960M 辰月),59,64,65,65
2026-04-06,P17 (1960M 辰月),48,53,54,54
2026-04-07,P17 (1960M 辰月),57,62,63,63
2026-04-08,P17 (1960M 辰月),63,68,69,69
2026-04-09,P17 (1960M 辰月),56,61,62,62
2026-04-10,P17 (1960M 辰月),52,57,58,58
2026-04-11,P17 (1960M 辰月),49,54,55,55
2026-04-12,P17 (1960M 辰月),50,55,56,56
2026-04-13,P17 (1960M 辰月),55,60,61,61
2026-04-14,P17 (1960M 辰月),55,60,61,61
2026-04-15,P17 (1960M 辰月),50,55,56,56
2026-04-16,P17 (1960M 辰月),62,67,68,68
2026-04-17,P17 (1960M 辰月),57,62,63,63
2026-04-18,P17 (1960M 辰月),50,55,56,56
2026-04-19,P17 (1960M 辰月),59,64,65,65
2026-04-20,P17 (1960M 辰月),64,69,70,70
2026-04-21,P17 (1960M 辰月),56,61,62,62
2026-04-22,P17 (1960M 辰月),56,61,62,62
2026-04-23,P17 (1960M 辰月),53,58,59,59
2026-04-24,P17 (1960M 辰月),55,60,61,61
2026-04-25,P17 (1960M 辰月),59,64,65,65
2026-04-26,P17 (1960M 辰月),51,56,57,57
2026-04-27,P17 (1960M 辰月),48,53,54,54
2026-04-28,P17 (1960M 辰月),64,69,70,70
2026-04-29,P17 (1960M 辰月),60,65,66,66
2026-04-30,P17 (1960M 辰月),52,57,58,58
2026-05-01,P17 (1960M 辰月),58,63,64,64
2026-05-02,P17 (1960M 辰月),64,69,70,70
2026-05-03,P17 (1960M 辰月),57,62,63,63
2026-05-04,P17 (1960M 辰月),55,60,61,61
2026-05-05,P17 (1960M 辰月),55,60,61,61
2026-05-06,P17 (1960M 辰月),54,59,60,60
2026-05-07,P17 (1960M 辰月),59,64,65,65
2026-05-08,P17 (1960M 辰月),64,69,70,70
2026-05-09,P17 (1960M 辰月),58,63,64,64
2026-05-10,P17 (1960M 辰月),72,77,78,78
2026-05-11,P17 (1960M 辰月),70,75,76,76
2026-05-12,P17 (1960M 辰月),53,58,59,59
2026-05-13,P17 (1960M 辰月),63,68,69,69
2026-05-14,P17 (1960M 辰月),73,78,79,79
2026-05-15,P17 (1960M 辰月),71,76,77,77
2026-05-16,P17 (1960M 辰月),59,64,65,65
2026-05-17,P17 (1960M 辰月),59,64,65,65
2026-05-18,P17 (1960M 辰月),61,66,67,67
2026-05-19,P17 (1960M 辰月),58,63,64,64
2026-05-20,P17 (1960M 辰月),56,61,62,62
2026-05-21,P17 (1960M 辰月),61,66,67,67
2026-05-22,P17 (1960M 辰月),70,75,76,76
2026-05-23,P17 (1960M 辰月),69,74,75,75
2026-05-24,P17 (1960M 辰月),54,59,60,60
2026-05-25,P17 (1960M 辰月),63,68,69,69
2026-05-26,P17 (1960M 辰月),66,71,72,72
2026-05-27,P17 (1960M 辰月),60,65,66,66
2026-05-28,P17 (1960M 辰月),66,71,72,72
2026-05-29,P17 (1960M 辰月),61,66,67,67
2026-05-30,P17 (1960M 辰月),56,61,62,62
2026-05-31,P17 (1960M 辰月),62,67,68,68
2025-12-03,P18 (1967F 申月),79,83,85,85
2025-12-04,P18 (1967F 申月),84,88,90,90
2025-12-05,P18 (1967F 申月),63,67,69,69
2025-12-06,P18 (1967F 申月),74,78,80,80
2025-12-07,P18 (1967F 申月),53,57,59,59
2025-12-08,P18 (1967F 申月),59,63,65,65
2025-12-09,P18 (1967F 申月),45,49,51,51
2025-12-10,P18 (1967F 申月),47,51,53,53
2025-12-11,P18 (1967F 申月),46,50,52,52
2025-12-12,P18 (1967F 申月),49,53,55,55
2025-12-13,P18 (1967F 申月),60,64,66,66
2025-12-14,P18 (1967F 申月),67,71,73,73
2025-12-15,P18 (1967F 申月),58,62,64,64
2025-12-16,P18 (1967F 申月),65,69,71,71
2025-12-17,P18 (1967F 申月),58,62,64,64
2025-12-18,P18 (1967F 申月),58,62,64,64
2025-12-19,P18 (1967F 申月),52,56,58,58
2025-12-20,P18 (1967F 申月),60,64,66,66
2025-12-21,P18 (1967F 申月),46,50,52,52
2025-12-22,P18 (1967F 申月),48,52,54,54
2025-12-23,P18 (1967F 申月),49,53,55,55
2025-12-24,P18 (1967F 申月),49,53,55,55
2025-12-25,P18 (1967F 申月),57,61,63,63
2025-12-26,P18 (1967F 申月),64,68,70,70
2025-12-27,P18 (1967F 申月),60,64,66,66
2025-12-28,P18 (1967F 申月),61,65,67,67
2025-12-29,P18 (1967F 申月),56,60,62,62
2025-12-30,P18 (1967F 申月),58,62,64,64
2025-12-31,P18 (1967F 申月),52,56,58,58
2026-01-01,P18 (1967F 申月),64,68,70,70
2026-01-02,P18 (1967F 申月),46,50,52,52
2026-01-03,P18 (1967F 申月),49,53,55,55
2026-01-04,P18 (1967F 申月),49,53,55,55
2026-01-05,P18 (1967F 申月),48,52,54,54
2026-01-06,P18 (1967F 申月),56,60,62,62
2026-01-07,P18 (1967F 申月),58,62,64,64
2026-01-08,P18 (1967F 申月),60,64,66,66
2026-01-09,P18 (1967F 申月),62,66,68,68
2026-01-10,P18 (1967F 申月),51,55,57,57
2026-01-11,P18 (1967F 申月),60,64,66,66
2026-01-12,P18 (1967F 申月),56,60,62,62
2026-01-13,P18 (1967F 申月),64,68,70,70
2026-01-14,P18 (1967F 申月),47,51,53,53
2026-01-15,P18 (1967F 申月),49,53,55,55
2026-01-16,P18 (1967F 申月),50,54,56,56
2026-01-17,P18 (1967F 申月),49,53,55,55
2026-01-18,P18 (1967F 申月),55,59,61,61
2026-01-19,P18 (1967F 申月),59,63,65,65
2026-01-20,P18 (1967F 申月),53,57,59,59
2026-01-21,P18 (1967F 申月),66,70,72,72
2026-01-22,P18 (1967F 申月),53,57,59,59
2026-01-23,P18 (1967F 申月),62,66,68,68
2026-01-24,P18 (1967F 申月),51,55,57,57
2026-01-25,P18 (1967F 申月),58,62,64,64
2026-01-26,P18 (1967F 申月),46,50,52,52
2026-01-27,P18 (1967F 申月),48,52,54,54
2026-01-28,P18 (1967F 申月),49,53,55,55
2026-01-29,P18 (1967F 申月),49,53,55,55
2026-01-30,P18 (1967F 申月),52,56,58,58
2026-01-31,P18 (1967F 申月),62,66,68,68
2026-02-01,P18 (1967F 申月),59,63,65,65
2026-02-02,P18 (1967F 申月),63,67,69,69
2026-02-03,P18 (1967F 申月),50,54,56,56
2026-02-04,P18 (1967F 申月),57,61,63,63
2026-02-05,P18 (1967F 申月),49,53,55,55
2026-02-06,P18 (1967F 申月),54,58,60,60
2026-02-07,P18 (1967F 申月),48,52,54,54
2026-02-08,P18 (1967F 申月),49,53,55,55
2026-02-09,P18 (1967F 申月),48,52,54,54
2026-02-10,P18 (1967F 申月),49,53,55,55
2026-02-11,P18 (1967F 申月),60,64,66,66
2026-02-12,P18 (1967F 申月),64,68,70,70
2026-02-13,P18 (1967F 申月),56,60,62,62
2026-02-14,P18 (1967F 申月),62,66,68,68
2026-02-15,P18 (1967F 申月),54,58,60,60
2026-02-16,P18 (1967F 申月),55,59,61,61
2026-02-17,P18 (1967F 申月),49,53,55,55
2026-02-18,P18 (1967F 申月),57,61,63,63
2026-02-19,P18 (1967F 申月),50,54,56,56
2026-02-20,P18 (1967F 申月),48,52,54,54
2026-02-21,P18 (1967F 申月),49,53,55,55
2026-02-22,P18 (1967F 申月),50,54,56,56
2026-02-23,P18 (1967F 申月),54,58,60,60
2026-02-24,P18 (1967F 申月),63,67,69,69
2026-02-25,P18 (1967F 申月),62,66,68,68
2026-02-26,P18 (1967F 申月),63,67,69,69
2026-02-27,P18 (1967F 申月),57,61,63,63
2026-02-28,P18 (1967F 申月),59,63,65,65
2026-03-01,P18 (1967F 申月),52,56,58,58
2026-03-02,P18 (1967F 申月),64,68,70,70
2026-03-03,P18 (1967F 申月),48,52,54,54
2026-03-04,P18 (1967F 申月),50,54,56,56
2026-03-05,P18 (1967F 申月),49,53,55,55
2026-03-06,P18 (1967F 申月),49,53,55,55
2026-03-07,P18 (1967F 申月),60,64,66,66
2026-03-08,P18 (1967F 申月),63,67,69,69
2026-03-09,P18 (1967F 申月),64,68,70,70
2026-03-10,P18 (1967F 申月),65,69,71,71
2026-03-11,P18 (1967F 申月),55,59,61,61
2026-03-12,P18 (1967F 申月),65,69,71,71
2026-03-13,P18 (1967F 申月),60,64,66,66
2026-03-14,P18 (1967F 申月),69,73,75,75
2026-03-15,P18 (1967F 申月),47,51,53,53
2026-03-16,P18 (1967F 申月),48,52,54,54
2026-03-17,P18 (1967F 申月),51,55,57,57
2026-03-18,P18 (1967F 申月),50,54,56,56
2026-03-19,P18 (1967F 申月),59,63,65,65
2026-03-20,P18 (1967F 申月),64,68,70,70
2026-03-21,P18 (1967F 申月),59,63,65,65
2026-03-22,P18 (1967F 申月),68,72,74,74
2026-03-23,P18 (1967F 申月),57,61,63,63
2026-03-24,P18 (1967F 申月),65,69,71,71
2026-03-25,P18 (1967F 申月),52,56,58,58
2026-03-26,P18 (1967F 申月),62,66,68,68
2026-03-27,P18 (1967F 申月),47,51,53,53
2026-03-28,P18 (1967F 申月),48,52,54,54
2026-03-29,P18 (1967F 申月),51,55,57,57
2026-03-30,P18 (1967F 申月),50,54,56,56
2026-03-31,P18 (1967F 申月),57,61,63,63
2026-04-01,P18 (1967F 申月),68,72,74,74
2026-04-02,P18 (1967F 申月),66,70,72,72
2026-04-03,P18 (1967F 申月),71,75,77,77
2026-04-04,P18 (1967F 申月),57,61,63,63
2026-04-05,P18 (1967F 申月),84,88,90,90
2026-04-06,P18 (1967F 申月),73,77,79,79
2026-04-07,P18 (1967F 申月),81,85,87,87
2026-04-08,P18 (1967F 申月),58,62,64,64
2026-04-09,P18 (1967F 申月),59,63,65,65
2026-04-10,P18 (1967F 申月),59,63,65,65
2026-04-11,P18 (1967F 申月),67,71,73,73
2026-04-12,P18 (1967F 申月),81,85,87,87
2026-04-13,P18 (1967F 申月),85,89,91,91
2026-04-14,P18 (1967F 申月),80,84,86,86
2026-04-15,P18 (1967F 申月),85,89,91,91
2026-04-16,P18 (1967F 申月),73,77,79,79
2026-04-17,P18 (1967F 申月),79,83,85,85
2026-04-18,P18 (1967F 申月),76,80,82,82
2026-04-19,P18 (1967F 申月),82,86,88,88
2026-04-20,P18 (1967F 申月),55,59,61,61
2026-04-21,P18 (1967F 申月),60,64,66,66
2026-04-22,P18 (1967F 申月),68,72,74,74
2026-04-23,P18 (1967F 申月),69,73,75,75
2026-04-24,P18 (1967F 申月),76,80,82,82
2026-04-25,P18 (1967F 申月),85,89,91,91
2026-04-26,P18 (1967F 申月),82,86,88,88
2026-04-27,P18 (1967F 申月),84,88,90,90
2026-04-28,P18 (1967F 申月),72,76,78,78
2026-04-29,P18 (1967F 申月),78,82,84,84
2026-04-30,P18 (1967F 申月),71,75,77,77
2026-05-01,P18 (1967F 申月),84,88,90,90
2026-05-02,P18 (1967F 申月),64,68,70,70
2026-05-03,P18 (1967F 申月),64,68,70,70
2026-05-04,P18 (1967F 申月),62,66,68,68
2026-05-05,P18 (1967F 申月),64,68,70,70
2026-05-06,P18 (1967F 申月),72,76,78,78
2026-05-07,P18 (1967F 申月),74,78,80,80
2026-05-08,P18 (1967F 申月),75,79,81,81
2026-05-09,P18 (1967F 申月),79,83,85,85
2026-05-10,P18 (1967F 申月),64,68,70,70
2026-05-11,P18 (1967F 申月),76,80,82,82
2026-05-12,P18 (1967F 申月),74,78,80,80
2026-05-13,P18 (1967F 申月),83,87,89,89
2026-05-14,P18 (1967F 申月),58,62,64,64
2026-05-15,P18 (1967F 申月),56,60,62,62
2026-05-16,P18 (1967F 申月),61,65,67,67
2026-05-17,P18 (1967F 申月),59,63,65,65
2026-05-18,P18 (1967F 申月),73,77,79,79
2026-05-19,P18 (1967F 申月),78,82,84,84
2026-05-20,P18 (1967F 申月),74,78,80,80
2026-05-21,P18 (1967F 申月),83,87,89,89
2026-05-22,P18 (1967F 申月),73,77,79,79
2026-05-23,P18 (1967F 申月),81,85,87,87
2026-05-24,P18 (1967F 申月),67,71,73,73
2026-05-25,P18 (1967F 申月),76,80,82,82
2026-05-26,P18 (1967F 申月),57,61,63,63
2026-05-27,P18 (1967F 申月),56,60,62,62
2026-05-28,P18 (1967F 申月),60,64,66,66
2026-05-29,P18 (1967F 申月),60,64,66,66
2026-05-30,P18 (1967F 申月),68,72,74,74
2026-05-31,P18 (1967F 申月),82,86,88,88
2025-12-03,P19 (1974M 子月),49,55,55,55
2025-12-04,P19 (1974M 子月),49,55,55,55
2025-12-05,P19 (1974M 子月),49,55,55,55
2025-12-06,P19 (1974M 子月),53,59,59,59
2025-12-07,P19 (1974M 子月),62,68,68,68
2025-12-08,P19 (1974M 子月),56,62,62,62
2025-12-09,P19 (1974M 子月),72,78,78,78
2025-12-10,P19 (1974M 子月),82,88,88,88
2025-12-11,P19 (1974M 子月),72,78,78,78
2025-12-12,P19 (1974M 子月),59,65,65,65
2025-12-13,P19 (1974M 子月),64,70,70,70
2025-12-14,P19 (1974M 子月),49,55,55,55
2025-12-15,P19 (1974M 子月),57,63,63,63
2025-12-16,P19 (1974M 子月),68,74,74,74
2025-12-17,P19 (1974M 子月),53,59,59,59
2025-12-18,P19 (1974M 子月),67,73,73,73
2025-12-19,P19 (1974M 子月),65,71,71,71
2025-12-20,P19 (1974M 子月),57,63,63,63
2025-12-21,P19 (1974M 子月),76,82,82,82
2025-12-22,P19 (1974M 子月),73,79,79,79
2025-12-23,P19 (1974M 子月),70,76,76,76
2025-12-24,P19 (1974M 子月),54,60,60,60
2025-12-25,P19 (1974M 子月),65,71,71,71
2025-12-26,P19 (1974M 子月),56,62,62,62
2025-12-27,P19 (1974M 子月),55,61,61,61
2025-12-28,P19 (1974M 子月),65,71,71,71
2025-12-29,P19 (1974M 子月),54,60,60,60
2025-12-30,P19 (1974M 子月),67,73,73,73
2025-12-31,P19 (1974M 子月),66,72,72,72
2026-01-01,P19 (1974M 子月),52,58,58,58
2026-01-02,P19 (1974M 子月),71,77,77,77
2026-01-03,P19 (1974M 子月),66,72,72,72
2026-01-04,P19 (1974M 子月),70,76,76,76
2026-01-05,P19 (1974M 子月),63,69,69,69
2026-01-06,P19 (1974M 子月),58,64,64,64
2026-01-07,P19 (1974M 子月),53,59,59,59
2026-01-08,P19 (1974M 子月),50,56,56,56
2026-01-09,P19 (1974M 子月),64,70,70,70
2026-01-10,P19 (1974M 子月),50,56,56,56
2026-01-11,P19 (1974M 子月),56,62,62,62
2026-01-12,P19 (1974M 子月),59,65,65,65
2026-01-13,P19 (1974M 子月),51,57,57,57
2026-01-14,P19 (1974M 子月),67,73,73,73
2026-01-15,P19 (1974M 子月),77,83,83,83
2026-01-16,P19 (1974M 子月),65,71,71,71
2026-01-17,P19 (1974M 子月),60,66,66,66
2026-01-18,P19 (1974M 子月),59,65,65,65
2026-01-19,P19 (1974M 子月),53,59,59,59
2026-01-20,P19 (1974M 子月),54,60,60,60
2026-01-21,P19 (1974M 子月),58,64,64,64
2026-01-22,P19 (1974M 子月),52,58,58,58
2026-01-23,P19 (1974M 子月),57,63,63,63
2026-01-24,P19 (1974M 子月),65,71,71,71
2026-01-25,P19 (1974M 子月),63,69,69,69
2026-01-26,P19 (1974M 子月),70,76,76,76
2026-01-27,P19 (1974M 子月),79,85,85,85
2026-01-28,P19 (1974M 子月),70,76,76,76
2026-01-29,P19 (1974M 子月),68,74,74,74
2026-01-30,P19 (1974M 子月),67,73,73,73
2026-01-31,P19 (1974M 子月),58,64,64,64
2026-02-01,P19 (1974M 子月),58,64,64,64
2026-02-02,P19 (1974M 子月),61,67,67,67
2026-02-03,P19 (1974M 子月),62,68,68,68
2026-02-04,P19 (1974M 子月),59,65,65,65
2026-02-05,P19 (1974M 子月),56,62,62,62
2026-02-06,P19 (1974M 子月),55,61,61,61
2026-02-07,P19 (1974M 子月),66,72,72,72
2026-02-08,P19 (1974M 子月),76,82,82,82
2026-02-09,P19 (1974M 子月),66,72,72,72
2026-02-10,P19 (1974M 子月),54,60,60,60
2026-02-11,P19 (1974M 子月),57,63,63,63
2026-02-12,P19 (1974M 子月),48,54,54,54
2026-02-13,P19 (1974M 子月),51,57,57,57
2026-02-14,P19 (1974M 子月),53,59,59,59
2026-02-15,P19 (1974M 子月),46,52,52,52
2026-02-16,P19 (1974M 子月),56,62,62,62
2026-02-17,P19 (1974M 子月),58,64,64,64
2026-02-18,P19 (1974M 子月),51,57,57,57
2026-02-19,P19 (1974M 子月),67,73,73,73
2026-02-20,P19 (1974M 子月),71,77,77,77
2026-02-21,P19 (1974M 子月),63,69,69,69
2026-02-22,P19 (1974M 子月),50,56,56,56
2026-02-23,P19 (1974M 子月),56,62,62,62
2026-02-24,P19 (1974M 子月),49,55,55,55
2026-02-25,P19 (1974M 子月),48,54,54,54
2026-02-26,P19 (1974M 子月),55,61,61,61
2026-02-27,P19 (1974M 子月),47,53,53,53
2026-02-28,P19 (1974M 子月),62,68,68,68
2026-03-01,P19 (1974M 子月),60,66,66,66
2026-03-02,P19 (1974M 子月),52,58,58,58
2026-03-03,P19 (1974M 子月),61,67,67,67
2026-03-04,P19 (1974M 子月),63,69,69,69
2026-03-05,P19 (1974M 子月),65,71,71,71
2026-03-06,P19 (1974M 子月),52,58,58,58
2026-03-07,P19 (1974M 子月),51,57,57,57
2026-03-08,P19 (1974M 子月),49,55,55,55
2026-03-09,P19 (1974M 子月),47,53,53,53
2026-03-10,P19 (1974M 子月),57,63,63,63
2026-03-11,P19 (1974M 子月),47,53,53,53
2026-03-12,P19 (1974M 子月),51,57,57,57
2026-03-13,P19 (1974M 子月),52,58,58,58
2026-03-14,P19 (1974M 子月),48,54,54,54
2026-03-15,P19 (1974M 子月),62,68,68,68
2026-03-16,P19 (1974M 子月),70,76,76,76
2026-03-17,P19 (1974M 子月),56,62,62,62
2026-03-18,P19 (1974M 子月),51,57,57,57
2026-03-19,P19 (1974M 子月),51,57,57,57
2026-03-20,P19 (1974M 子月),47,53,53,53
2026-03-21,P19 (1974M 子月),48,54,54,54
2026-03-22,P19 (1974M 子月),52,58,58,58
2026-03-23,P19 (1974M 子月),48,54,54,54
2026-03-24,P19 (1974M 子月),50,56,56,56
2026-03-25,P19 (1974M 子月),55,61,61,61
2026-03-26,P19 (1974M 子月),52,58,58,58
2026-03-27,P19 (1974M 子月),58,64,64,64
2026-03-28,P19 (1974M 子月),70,76,76,76
2026-03-29,P19 (1974M 子月),63,69,69,69
2026-03-30,P19 (1974M 子月),57,63,63,63
2026-03-31,P19 (1974M 子月),57,63,63,63
2026-04-01,P19 (1974M 子月),50,56,56,56
2026-04-02,P19 (1974M 子月),49,55,55,55
2026-04-03,P19 (1974M 子月),52,58,58,58
2026-04-04,P19 (1974M 子月),51,57,57,57
2026-04-05,P19 (1974M 子月),56,62,62,62
2026-04-06,P19 (1974M 子月),52,58,58,58
2026-04-07,P19 (1974M 子月),51,57,57,57
2026-04-08,P19 (1974M 子月),62,68,68,68
2026-04-09,P19 (1974M 子月),70,76,76,76
2026-04-10,P19 (1974M 子月),62,68,68,68
2026-04-11,P19 (1974M 子月),52,58,58,58
2026-04-12,P19 (1974M 子月),54,60,60,60
2026-04-13,P19 (1974M 子月),49,55,55,55
2026-04-14,P19 (1974M 子月),49,55,55,55
2026-04-15,P19 (1974M 子月),53,59,59,59
2026-04-16,P19 (1974M 子月),47,53,53,53
2026-04-17,P19 (1974M 子月),54,60,60,60
2026-04-18,P19 (1974M 子月),55,61,61,61
2026-04-19,P19 (1974M 子月),51,57,57,57
2026-04-20,P19 (1974M 子月),62,68,68,68
2026-04-21,P19 (1974M 子月),67,73,73,73
2026-04-22,P19 (1974M 子月),61,67,67,67
2026-04-23,P19 (1974M 子月),51,57,57,57
2026-04-24,P19 (1974M 子月),54,60,60,60
2026-04-25,P19 (1974M 子月),49,55,55,55
2026-04-26,P19 (1974M 子月),47,53,53,53
2026-04-27,P19 (1974M 子月),52,58,58,58
2026-04-28,P19 (1974M 子月),49,55,55,55
2026-04-29,P19 (1974M 子月),57,63,63,63
2026-04-30,P19 (1974M 子月),53,59,59,59
2026-05-01,P19 (1974M 子月),50,56,56,56
2026-05-02,P19 (1974M 子月),59,65,65,65
2026-05-03,P19 (1974M 子月),61,67,67,67
2026-05-04,P19 (1974M 子月),60,66,66,66
2026-05-05,P19 (1974M 子月),54,60,60,60
2026-05-06,P19 (1974M 子月),49,55,55,55
2026-05-07,P19 (1974M 子月),48,54,54,54
2026-05-08,P19 (1974M 子月),49,55,55,55
2026-05-09,P19 (1974M 子月),51,57,57,57
2026-05-10,P19 (1974M 子月),48,54,54,54
2026-05-11,P19 (1974M 子月),51,57,57,57
2026-05-12,P19 (1974M 子月),50,56,56,56
2026-05-13,P19 (1974M 子月),48,54,54,54
2026-05-14,P19 (1974M 子月),55,61,61,61
2026-05-15,P19 (1974M 子月),61,67,67,67
2026-05-16,P19 (1974M 子月),49,55,55,55
2026-05-17,P19 (1974M 子月),48,54,54,54
2026-05-18,P19 (1974M 子月),48,54,54,54
2026-05-19,P19 (1974M 子月),48,54,54,54
2026-05-20,P19 (1974M 子月),48,54,54,54
2026-05-21,P19 (1974M 子月),48,54,54,54
2026-05-22,P19 (1974M 子月),48,54,54,54
2026-05-23,P19 (1974M 子月),49,55,55,55
2026-05-24,P19 (1974M 子月),50,56,56,56
2026-05-25,P19 (1974M 子月),49,55,55,55
2026-05-26,P19 (1974M 子月),53,59,59,59
2026-05-27,P19 (1974M 子月),59,65,65,65
2026-05-28,P19 (1974M 子月),50,56,56,56
2026-05-29,P19 (1974M 子月),50,56,56,56
2026-05-30,P19 (1974M 子月),50,56,56,56
2026-05-31,P19 (1974M 子月),50,56,56,56
2025-12-03,P20 (1980F 寅月),77,81,83,83
2025-12-04,P20 (1980F 寅月),70,74,76,76
2025-12-05,P20 (1980F 寅月),62,66,68,68
2025-12-06,P20 (1980F 寅月),71,75,77,77
2025-12-07,P20 (1980F 寅月),64,68,70,70
2025-12-08,P20 (1980F 寅月),56,60,62,62
2025-12-09,P20 (1980F 寅月),52,56,58,58
2025-12-10,P20 (1980F 寅月),47,51,53,53
2025-12-11,P20 (1980F 寅月),51,55,57,57
2025-12-12,P20 (1980F 寅月),54,58,60,60
2025-12-13,P20 (1980F 寅月),62,66,68,68
2025-12-14,P20 (1980F 寅月),51,55,57,57
2025-12-15,P20 (1980F 寅月),69,73,75,75
2025-12-16,P20 (1980F 寅月),62,66,68,68
2025-12-17,P20 (1980F 寅月),50,54,56,56
2025-12-18,P20 (1980F 寅月),51,55,57,57
2025-12-19,P20 (1980F 寅月),63,67,69,69
2025-12-20,P20 (1980F 寅月),57,61,63,63
2025-12-21,P20 (1980F 寅月),55,59,61,61
2025-12-22,P20 (1980F 寅月),48,52,54,54
2025-12-23,P20 (1980F 寅月),50,54,56,56
2025-12-24,P20 (1980F 寅月),53,57,59,59
2025-12-25,P20 (1980F 寅月),64,68,70,70
2025-12-26,P20 (1980F 寅月),55,59,61,61
2025-12-27,P20 (1980F 寅月),64,68,70,70
2025-12-28,P20 (1980F 寅月),63,67,69,69
2025-12-29,P20 (1980F 寅月),52,56,58,58
2025-12-30,P20 (1980F 寅月),55,59,61,61
2025-12-31,P20 (1980F 寅月),67,71,73,73
2026-01-01,P20 (1980F 寅月),56,60,62,62
2026-01-02,P20 (1980F 寅月),52,56,58,58
2026-01-03,P20 (1980F 寅月),49,53,55,55
2026-01-04,P20 (1980F 寅月),54,58,60,60
2026-01-05,P20 (1980F 寅月),57,61,63,63
2026-01-06,P20 (1980F 寅月),51,55,57,57
2026-01-07,P20 (1980F 寅月),48,52,54,54
2026-01-08,P20 (1980F 寅月),59,63,65,65
2026-01-09,P20 (1980F 寅月),57,61,63,63
2026-01-10,P20 (1980F 寅月),48,52,54,54
2026-01-11,P20 (1980F 寅月),48,52,54,54
2026-01-12,P20 (1980F 寅月),55,59,61,61
2026-01-13,P20 (1980F 寅月),49,53,55,55
2026-01-14,P20 (1980F 寅月),49,53,55,55
2026-01-15,P20 (1980F 寅月),48,52,54,54
2026-01-16,P20 (1980F 寅月),48,52,54,54
2026-01-17,P20 (1980F 寅月),47,51,53,53
2026-01-18,P20 (1980F 寅月),54,58,60,60
2026-01-19,P20 (1980F 寅月),50,54,56,56
2026-01-20,P20 (1980F 寅月),61,65,67,67
2026-01-21,P20 (1980F 寅月),53,57,59,59
2026-01-22,P20 (1980F 寅月),48,52,54,54
2026-01-23,P20 (1980F 寅月),48,52,54,54
2026-01-24,P20 (1980F 寅月),55,59,61,61
2026-01-25,P20 (1980F 寅月),49,53,55,55
2026-01-26,P20 (1980F 寅月),48,52,54,54
2026-01-27,P20 (1980F 寅月),48,52,54,54
2026-01-28,P20 (1980F 寅月),49,53,55,55
2026-01-29,P20 (1980F 寅月),49,53,55,55
2026-01-30,P20 (1980F 寅月),55,59,61,61
2026-01-31,P20 (1980F 寅月),49,53,55,55
2026-02-01,P20 (1980F 寅月),62,66,68,68
2026-02-02,P20 (1980F 寅月),58,62,64,64
2026-02-03,P20 (1980F 寅月),52,56,58,58
2026-02-04,P20 (1980F 寅月),59,63,65,65
2026-02-05,P20 (1980F 寅月),63,67,69,69
2026-02-06,P20 (1980F 寅月),58,62,64,64
2026-02-07,P20 (1980F 寅月),53,57,59,59
2026-02-08,P20 (1980F 寅月),51,55,57,57
2026-02-09,P20 (1980F 寅月),52,56,58,58
2026-02-10,P20 (1980F 寅月),55,59,61,61
2026-02-11,P20 (1980F 寅月),62,66,68,68
2026-02-12,P20 (1980F 寅月),55,59,61,61
2026-02-13,P20 (1980F 寅月),73,77,79,79
2026-02-14,P20 (1980F 寅月),70,74,76,76
2026-02-15,P20 (1980F 寅月),53,57,59,59
2026-02-16,P20 (1980F 寅月),57,61,63,63
2026-02-17,P20 (1980F 寅月),67,71,73,73
2026-02-18,P20 (1980F 寅月),62,66,68,68
2026-02-19,P20 (1980F 寅月),55,59,61,61
2026-02-20,P20 (1980F 寅月),51,55,57,57
2026-02-21,P20 (1980F 寅月),54,58,60,60
2026-02-22,P20 (1980F 寅月),53,57,59,59
2026-02-23,P20 (1980F 寅月),63,67,69,69
2026-02-24,P20 (1980F 寅月),58,62,64,64
2026-02-25,P20 (1980F 寅月),65,69,71,71
2026-02-26,P20 (1980F 寅月),68,72,74,74
2026-02-27,P20 (1980F 寅月),54,58,60,60
2026-02-28,P20 (1980F 寅月),60,64,66,66
2026-03-01,P20 (1980F 寅月),66,70,72,72
2026-03-02,P20 (1980F 寅月),55,59,61,61
2026-03-03,P20 (1980F 寅月),52,56,58,58
2026-03-04,P20 (1980F 寅月),49,53,55,55
2026-03-05,P20 (1980F 寅月),51,55,57,57
2026-03-06,P20 (1980F 寅月),69,73,75,75
2026-03-07,P20 (1980F 寅月),61,65,67,67
2026-03-08,P20 (1980F 寅月),64,68,70,70
2026-03-09,P20 (1980F 寅月),76,80,82,82
2026-03-10,P20 (1980F 寅月),77,81,83,83
2026-03-11,P20 (1980F 寅月),57,61,63,63
2026-03-12,P20 (1980F 寅月),63,67,69,69
2026-03-13,P20 (1980F 寅月),73,77,79,79
2026-03-14,P20 (1980F 寅月),61,65,67,67
2026-03-15,P20 (1980F 寅月),54,58,60,60
2026-03-16,P20 (1980F 寅月),54,58,60,60
2026-03-17,P20 (1980F 寅月),50,54,56,56
2026-03-18,P20 (1980F 寅月),68,72,74,74
2026-03-19,P20 (1980F 寅月),64,68,70,70
2026-03-20,P20 (1980F 寅月),68,72,74,74
2026-03-21,P20 (1980F 寅月),75,79,81,81
2026-03-22,P20 (1980F 寅月),74,78,80,80
2026-03-23,P20 (1980F 寅月),56,60,62,62
2026-03-24,P20 (1980F 寅月),60,64,66,66
2026-03-25,P20 (1980F 寅月),73,77,79,79
2026-03-26,P20 (1980F 寅月),71,75,77,77
2026-03-27,P20 (1980F 寅月),52,56,58,58
2026-03-28,P20 (1980F 寅月),53,57,59,59
2026-03-29,P20 (1980F 寅月),53,57,59,59
2026-03-30,P20 (1980F 寅月),71,75,77,77
2026-03-31,P20 (1980F 寅月),65,69,71,71
2026-04-01,P20 (1980F 寅月),62,66,68,68
2026-04-02,P20 (1980F 寅月),76,80,82,82
2026-04-03,P20 (1980F 寅月),71,75,77,77
2026-04-04,P20 (1980F 寅月),56,60,62,62
2026-04-05,P20 (1980F 寅月),70,74,76,76
2026-04-06,P20 (1980F 寅月),74,78,80,80
2026-04-07,P20 (1980F 寅月),72,76,78,78
2026-04-08,P20 (1980F 寅月),56,60,62,62
2026-04-09,P20 (1980F 寅月),57,61,63,63
2026-04-10,P20 (1980F 寅月),56,60,62,62
2026-04-11,P20 (1980F 寅月),67,71,73,73
2026-04-12,P20 (1980F 寅月),66,70,72,72
2026-04-13,P20 (1980F 寅月),62,66,68,68
2026-04-14,P20 (1980F 寅月),80,84,86,86
2026-04-15,P20 (1980F 寅月),79,83,85,85
2026-04-16,P20 (1980F 寅月),55,59,61,61
2026-04-17,P20 (1980F 寅月),68,72,74,74
2026-04-18,P20 (1980F 寅月),76,80,82,82
2026-04-19,P20 (1980F 寅月),72,76,78,78
2026-04-20,P20 (1980F 寅月),59,63,65,65
2026-04-21,P20 (1980F 寅月),52,56,58,58
2026-04-22,P20 (1980F 寅月),56,60,62,62
2026-04-23,P20 (1980F 寅月),64,68,70,70
2026-04-24,P20 (1980F 寅月),69,73,75,75
2026-04-25,P20 (1980F 寅月),71,75,77,77
2026-04-26,P20 (1980F 寅月),76,80,82,82
2026-04-27,P20 (1980F 寅月),78,82,84,84
2026-04-28,P20 (1980F 寅月),57,61,63,63
2026-04-29,P20 (1980F 寅月),70,74,76,76
2026-04-30,P20 (1980F 寅月),74,78,80,80
2026-05-01,P20 (1980F 寅月),68,72,74,74
2026-05-02,P20 (1980F 寅月),58,62,64,64
2026-05-03,P20 (1980F 寅月),52,56,58,58
2026-05-04,P20 (1980F 寅月),57,61,63,63
2026-05-05,P20 (1980F 寅月),74,78,80,80
2026-05-06,P20 (1980F 寅月),67,71,73,73
2026-05-07,P20 (1980F 寅月),70,74,76,76
2026-05-08,P20 (1980F 寅月),79,83,85,85
2026-05-09,P20 (1980F 寅月),81,85,87,87
2026-05-10,P20 (1980F 寅月),61,65,67,67
2026-05-11,P20 (1980F 寅月),65,69,71,71
2026-05-12,P20 (1980F 寅月),76,80,82,82
2026-05-13,P20 (1980F 寅月),65,69,71,71
2026-05-14,P20 (1980F 寅月),59,63,65,65
2026-05-15,P20 (1980F 寅月),57,61,63,63
2026-05-16,P20 (1980F 寅月),52,56,58,58
2026-05-17,P20 (1980F 寅月),67,71,73,73
2026-05-18,P20 (1980F 寅月),67,71,73,73
2026-05-19,P20 (1980F 寅月),69,73,75,75
2026-05-20,P20 (1980F 寅月),74,78,80,80
2026-05-21,P20 (1980F 寅月),77,81,83,83
2026-05-22,P20 (1980F 寅月),58,62,64,64
2026-05-23,P20 (1980F 寅月),65,69,71,71
2026-05-24,P20 (1980F 寅月),81,85,87,87
2026-05-25,P20 (1980F 寅月),74,78,80,80
2026-05-26,P20 (1980F 寅月),56,60,62,62
2026-05-27,P20 (1980F 寅月),55,59,61,61
2026-05-28,P20 (1980F 寅月),55,59,61,61
2026-05-29,P20 (1980F 寅月),70,74,76,76
2026-05-30,P20 (1980F 寅月),70,74,76,76
2026-05-31,P20 (1980F 寅月),66,70,72,72
2025-12-03,P21 (1985M 酉月),54,58,60,60
2025-12-04,P21 (1985M 酉月),46,50,52,52
2025-12-05,P21 (1985M 酉月),61,65,67,67
2025-12-06,P21 (1985M 酉月),48,52,54,54
2025-12-07,P21 (1985M 酉月),48,52,54,54
2025-12-08,P21 (1985M 酉月),45,49,51,51
2025-12-09,P21 (1985M 酉月),68,72,74,74
2025-12-10,P21 (1985M 酉月),72,76,78,78
2025-12-11,P21 (1985M 酉月),67,71,73,73
2025-12-12,P21 (1985M 酉月),51,55,57,57
2025-12-13,P21 (1985M 酉月),71,75,77,77
2025-12-14,P21 (1985M 酉月),71,75,77,77
2025-12-15,P21 (1985M 酉月),62,66,68,68
2025-12-16,P21 (1985M 酉月),49,53,55,55
2025-12-17,P21 (1985M 酉月),68,72,74,74
2025-12-18,P21 (1985M 酉月),52,56,58,58
2025-12-19,P21 (1985M 酉月),54,58,60,60
2025-12-20,P21 (1985M 酉月),55,59,61,61
2025-12-21,P21 (1985M 酉月),68,72,74,74
2025-12-22,P21 (1985M 酉月),66,70,72,72
2025-12-23,P21 (1985M 酉月),69,73,75,75
2025-12-24,P21 (1985M 酉月),53,57,59,59
2025-12-25,P21 (1985M 酉月),74,78,80,80
2025-12-26,P21 (1985M 酉月),72,76,78,78
2025-12-27,P21 (1985M 酉月),58,62,64,64
2025-12-28,P21 (1985M 酉月),48,52,54,54
2025-12-29,P21 (1985M 酉月),69,73,75,75
2025-12-30,P21 (1985M 酉月),60,64,66,66
2025-12-31,P21 (1985M 酉月),49,53,55,55
2026-01-01,P21 (1985M 酉月),52,56,58,58
2026-01-02,P21 (1985M 酉月),69,73,75,75
2026-01-03,P21 (1985M 酉月),66,70,72,72
2026-01-04,P21 (1985M 酉月),71,75,77,77
2026-01-05,P21 (1985M 酉月),52,56,58,58
2026-01-06,P21 (1985M 酉月),81,85,87,87
2026-01-07,P21 (1985M 酉月),76,80,82,82
2026-01-08,P21 (1985M 酉月),72,76,78,78
2026-01-09,P21 (1985M 酉月),63,67,69,69
2026-01-10,P21 (1985M 酉月),75,79,81,81
2026-01-11,P21 (1985M 酉月),61,65,67,67
2026-01-12,P21 (1985M 酉月),58,62,64,64
2026-01-13,P21 (1985M 酉月),58,62,64,64
2026-01-14,P21 (1985M 酉月),77,81,83,83
2026-01-15,P21 (1985M 酉月),74,78,80,80
2026-01-16,P21 (1985M 酉月),76,80,82,82
2026-01-17,P21 (1985M 酉月),56,60,62,62
2026-01-18,P21 (1985M 酉月),81,85,87,87
2026-01-19,P21 (1985M 酉月),78,82,84,84
2026-01-20,P21 (1985M 酉月),62,66,68,68
2026-01-21,P21 (1985M 酉月),49,53,55,55
2026-01-22,P21 (1985M 酉月),69,73,75,75
2026-01-23,P21 (1985M 酉月),60,64,66,66
2026-01-24,P21 (1985M 酉月),59,63,65,65
2026-01-25,P21 (1985M 酉月),58,62,64,64
2026-01-26,P21 (1985M 酉月),74,78,80,80
2026-01-27,P21 (1985M 酉月),66,70,72,72
2026-01-28,P21 (1985M 酉月),78,82,84,84
2026-01-29,P21 (1985M 酉月),65,69,71,71
2026-01-30,P21 (1985M 酉月),77,81,83,83
2026-01-31,P21 (1985M 酉月),73,77,79,79
2026-02-01,P21 (1985M 酉月),62,66,68,68
2026-02-02,P21 (1985M 酉月),55,59,61,61
2026-02-03,P21 (1985M 酉月),71,75,77,77
2026-02-04,P21 (1985M 酉月),51,55,57,57
2026-02-05,P21 (1985M 酉月),48,52,54,54
2026-02-06,P21 (1985M 酉月),46,50,52,52
2026-02-07,P21 (1985M 酉月),67,71,73,73
2026-02-08,P21 (1985M 酉月),68,72,74,74
2026-02-09,P21 (1985M 酉月),62,66,68,68
2026-02-10,P21 (1985M 酉月),50,54,56,56
2026-02-11,P21 (1985M 酉月),70,74,76,76
2026-02-12,P21 (1985M 酉月),69,73,75,75
2026-02-13,P21 (1985M 酉月),58,62,64,64
2026-02-14,P21 (1985M 酉月),47,51,53,53
2026-02-15,P21 (1985M 酉月),60,64,66,66
2026-02-16,P21 (1985M 酉月),45,49,51,51
2026-02-17,P21 (1985M 酉月),45,49,51,51
2026-02-18,P21 (1985M 酉月),48,52,54,54
2026-02-19,P21 (1985M 酉月),59,63,65,65
2026-02-20,P21 (1985M 酉月),57,61,63,63
2026-02-21,P21 (1985M 酉月),64,68,70,70
2026-02-22,P21 (1985M 酉月),50,54,56,56
2026-02-23,P21 (1985M 酉月),69,73,75,75
2026-02-24,P21 (1985M 酉月),66,70,72,72
2026-02-25,P21 (1985M 酉月),56,60,62,62
2026-02-26,P21 (1985M 酉月),46,50,52,52
2026-02-27,P21 (1985M 酉月),68,72,74,74
2026-02-28,P21 (1985M 酉月),56,60,62,62
2026-03-01,P21 (1985M 酉月),46,50,52,52
2026-03-02,P21 (1985M 酉月),49,53,55,55
2026-03-03,P21 (1985M 酉月),65,69,71,71
2026-03-04,P21 (1985M 酉月),64,68,70,70
2026-03-05,P21 (1985M 酉月),64,68,70,70
2026-03-06,P21 (1985M 酉月),46,50,52,52
2026-03-07,P21 (1985M 酉月),53,57,59,59
2026-03-08,P21 (1985M 酉月),51,55,57,57
2026-03-09,P21 (1985M 酉月),46,50,52,52
2026-03-10,P21 (1985M 酉月),45,49,51,51
2026-03-11,P21 (1985M 酉月),47,51,53,53
2026-03-12,P21 (1985M 酉月),48,52,54,54
2026-03-13,P21 (1985M 酉月),46,50,52,52
2026-03-14,P21 (1985M 酉月),49,53,55,55
2026-03-15,P21 (1985M 酉月),53,57,59,59
2026-03-16,P21 (1985M 酉月),51,55,57,57
2026-03-17,P21 (1985M 酉月),53,57,59,59
2026-03-18,P21 (1985M 酉月),48,52,54,54
2026-03-19,P21 (1985M 酉月),60,64,66,66
2026-03-20,P21 (1985M 酉月),64,68,70,70
2026-03-21,P21 (1985M 酉月),48,52,54,54
2026-03-22,P21 (1985M 酉月),47,51,53,53
2026-03-23,P21 (1985M 酉月),50,54,56,56
2026-03-24,P21 (1985M 酉月),49,53,55,55
2026-03-25,P21 (1985M 酉月),47,51,53,53
2026-03-26,P21 (1985M 酉月),48,52,54,54
2026-03-27,P21 (1985M 酉月),57,61,63,63
2026-03-28,P21 (1985M 酉月),52,56,58,58
2026-03-29,P21 (1985M 酉月),59,63,65,65
2026-03-30,P21 (1985M 酉月),50,54,56,56
2026-03-31,P21 (1985M 酉月),56,60,62,62
2026-04-01,P21 (1985M 酉月),59,63,65,65
2026-04-02,P21 (1985M 酉月),50,54,56,56
2026-04-03,P21 (1985M 酉月),49,53,55,55
2026-04-04,P21 (1985M 酉月),53,57,59,59
2026-04-05,P21 (1985M 酉月),61,65,67,67
2026-04-06,P21 (1985M 酉月),56,60,62,62
2026-04-07,P21 (1985M 酉月),54,58,60,60
2026-04-08,P21 (1985M 酉月),78,82,84,84
2026-04-09,P21 (1985M 酉月),80,84,86,86
2026-04-10,P21 (1985M 酉月),73,77,79,79
2026-04-11,P21 (1985M 酉月),56,60,62,62
2026-04-12,P21 (1985M 酉月),79,83,85,85
2026-04-13,P21 (1985M 酉月),75,79,81,81
2026-04-14,P21 (1985M 酉月),65,69,71,71
2026-04-15,P21 (1985M 酉月),53,57,59,59
2026-04-16,P21 (1985M 酉月),71,75,77,77
2026-04-17,P21 (1985M 酉月),55,59,61,61
2026-04-18,P21 (1985M 酉月),58,62,64,64
2026-04-19,P21 (1985M 酉月),62,66,68,68
2026-04-20,P21 (1985M 酉月),74,78,80,80
2026-04-21,P21 (1985M 酉月),70,74,76,76
2026-04-22,P21 (1985M 酉月),73,77,79,79
2026-04-23,P21 (1985M 酉月),61,65,67,67
2026-04-24,P21 (1985M 酉月),78,82,84,84
2026-04-25,P21 (1985M 酉月),79,83,85,85
2026-04-26,P21 (1985M 酉月),68,72,74,74
2026-04-27,P21 (1985M 酉月),52,56,58,58
2026-04-28,P21 (1985M 酉月),76,80,82,82
2026-04-29,P21 (1985M 酉月),65,69,71,71
2026-04-30,P21 (1985M 酉月),57,61,63,63
2026-05-01,P21 (1985M 酉月),57,61,63,63
2026-05-02,P21 (1985M 酉月),74,78,80,80
2026-05-03,P21 (1985M 酉月),75,79,81,81
2026-05-04,P21 (1985M 酉月),75,79,81,81
2026-05-05,P21 (1985M 酉月),58,62,64,64
2026-05-06,P21 (1985M 酉月),74,78,80,80
2026-05-07,P21 (1985M 酉月),67,71,73,73
2026-05-08,P21 (1985M 酉月),63,67,69,69
2026-05-09,P21 (1985M 酉月),54,58,60,60
2026-05-10,P21 (1985M 酉月),62,66,68,68
2026-05-11,P21 (1985M 酉月),57,61,63,63
2026-05-12,P21 (1985M 酉月),50,54,56,56
2026-05-13,P21 (1985M 酉月),52,56,58,58
2026-05-14,P21 (1985M 酉月),67,71,73,73
2026-05-15,P21 (1985M 酉月),64,68,70,70
2026-05-16,P21 (1985M 酉月),66,70,72,72
2026-05-17,P21 (1985M 酉月),49,53,55,55
2026-05-18,P21 (1985M 酉月),72,76,78,78
2026-05-19,P21 (1985M 酉月),76,80,82,82
2026-05-20,P21 (1985M 酉月),58,62,64,64
2026-05-21,P21 (1985M 酉月),51,55,57,57
2026-05-22,P21 (1985M 酉月),65,69,71,71
2026-05-23,P21 (1985M 酉月),56,60,62,62
2026-05-24,P21 (1985M 酉月),50,54,56,56
2026-05-25,P21 (1985M 酉月),54,58,60,60
2026-05-26,P21 (1985M 酉月),68,72,74,74
2026-05-27,P21 (1985M 酉月),63,67,69,69
2026-05-28,P21 (1985M 酉月),72,76,78,78
2026-05-29,P21 (1985M 酉月),57,61,63,63
2026-05-30,P21 (1985M 酉月),72,76,78,78
2026-05-31,P21 (1985M 酉月),70,74,76,76
2025-12-03,P22 (1991F 午月),68,73,74,74
2025-12-04,P22 (1991F 午月),71,76,77,77
2025-12-05,P22 (1991F 午月),72,77,78,78
2025-12-06,P22 (1991F 午月),68,73,74,74
2025-12-07,P22 (1991F 午月),51,56,57,57
2025-12-08,P22 (1991F 午月),47,52,53,53
2025-12-09,P22 (1991F 午月),50,55,56,56
2025-12-10,P22 (1991F 午月),46,51,52,52
2025-12-11,P22 (1991F 午月),48,53,54,54
2025-12-12,P22 (1991F 午月),47,52,53,53
2025-12-13,P22 (1991F 午月),54,59,60,60
2025-12-14,P22 (1991F 午月),58,63,64,64
2025-12-15,P22 (1991F 午月),65,70,71,71
2025-12-16,P22 (1991F 午月),61,66,67,67
2025-12-17,P22 (1991F 午月),60,65,66,66
2025-12-18,P22 (1991F 午月),50,55,56,56
2025-12-19,P22 (1991F 午月),49,54,55,55
2025-12-20,P22 (1991F 午月),49,54,55,55
2025-12-21,P22 (1991F 午月),49,54,55,55
2025-12-22,P22 (1991F 午月),48,53,54,54
2025-12-23,P22 (1991F 午月),49,54,55,55
2025-12-24,P22 (1991F 午月),49,54,55,55
2025-12-25,P22 (1991F 午月),58,63,64,64
2025-12-26,P22 (1991F 午月),61,66,67,67
2025-12-27,P22 (1991F 午月),61,66,67,67
2025-12-28,P22 (1991F 午月),58,63,64,64
2025-12-29,P22 (1991F 午月),63,68,69,69
2025-12-30,P22 (1991F 午月),52,57,58,58
2025-12-31,P22 (1991F 午月),50,55,56,56
2026-01-01,P22 (1991F 午月),50,55,56,56
2026-01-02,P22 (1991F 午月),48,53,54,54
2026-01-03,P22 (1991F 午月),47,52,53,53
2026-01-04,P22 (1991F 午月),50,55,56,56
2026-01-05,P22 (1991F 午月),51,56,57,57
2026-01-06,P22 (1991F 午月),57,62,63,63
2026-01-07,P22 (1991F 午月),59,64,65,65
2026-01-08,P22 (1991F 午月),67,72,73,73
2026-01-09,P22 (1991F 午月),59,64,65,65
2026-01-10,P22 (1991F 午月),64,69,70,70
2026-01-11,P22 (1991F 午月),53,58,59,59
2026-01-12,P22 (1991F 午月),51,56,57,57
2026-01-13,P22 (1991F 午月),53,58,59,59
2026-01-14,P22 (1991F 午月),51,56,57,57
2026-01-15,P22 (1991F 午月),49,54,55,55
2026-01-16,P22 (1991F 午月),48,53,54,54
2026-01-17,P22 (1991F 午月),49,54,55,55
2026-01-18,P22 (1991F 午月),58,63,64,64
2026-01-19,P22 (1991F 午月),58,63,64,64
2026-01-20,P22 (1991F 午月),61,66,67,67
2026-01-21,P22 (1991F 午月),60,65,66,66
2026-01-22,P22 (1991F 午月),58,63,64,64
2026-01-23,P22 (1991F 午月),56,61,62,62
2026-01-24,P22 (1991F 午月),52,57,58,58
2026-01-25,P22 (1991F 午月),51,56,57,57
2026-01-26,P22 (1991F 午月),49,54,55,55
2026-01-27,P22 (1991F 午月),47,52,53,53
2026-01-28,P22 (1991F 午月),47,52,53,53
2026-01-29,P22 (1991F 午月),47,52,53,53
2026-01-30,P22 (1991F 午月),52,57,58,58
2026-01-31,P22 (1991F 午月),52,57,58,58
2026-02-01,P22 (1991F 午月),54,59,60,60
2026-02-02,P22 (1991F 午月),57,62,63,63
2026-02-03,P22 (1991F 午月),60,65,66,66
2026-02-04,P22 (1991F 午月),57,62,63,63
2026-02-05,P22 (1991F 午月),51,56,57,57
2026-02-06,P22 (1991F 午月),51,56,57,57
2026-02-07,P22 (1991F 午月),50,55,56,56
2026-02-08,P22 (1991F 午月),48,53,54,54
2026-02-09,P22 (1991F 午月),50,55,56,56
2026-02-10,P22 (1991F 午月),49,54,55,55
2026-02-11,P22 (1991F 午月),59,64,65,65
2026-02-12,P22 (1991F 午月),63,68,69,69
2026-02-13,P22 (1991F 午月),67,72,73,73
2026-02-14,P22 (1991F 午月),65,70,71,71
2026-02-15,P22 (1991F 午月),63,68,69,69
2026-02-16,P22 (1991F 午月),53,58,59,59
2026-02-17,P22 (1991F 午月),55,60,61,61
2026-02-18,P22 (1991F 午月),54,59,60,60
2026-02-19,P22 (1991F 午月),54,59,60,60
2026-02-20,P22 (1991F 午月),49,54,55,55
2026-02-21,P22 (1991F 午月),51,56,57,57
2026-02-22,P22 (1991F 午月),52,57,58,58
2026-02-23,P22 (1991F 午月),62,67,68,68
2026-02-24,P22 (1991F 午月),67,72,73,73
2026-02-25,P22 (1991F 午月),66,71,72,72
2026-02-26,P22 (1991F 午月),63,68,69,69
2026-02-27,P22 (1991F 午月),66,71,72,72
2026-02-28,P22 (1991F 午月),57,62,63,63
2026-03-01,P22 (1991F 午月),54,59,60,60
2026-03-02,P22 (1991F 午月),53,58,59,59
2026-03-03,P22 (1991F 午月),49,54,55,55
2026-03-04,P22 (1991F 午月),49,54,55,55
2026-03-05,P22 (1991F 午月),52,57,58,58
2026-03-06,P22 (1991F 午月),57,62,63,63
2026-03-07,P22 (1991F 午月),69,74,75,75
2026-03-08,P22 (1991F 午月),65,70,71,71
2026-03-09,P22 (1991F 午月),81,86,87,87
2026-03-10,P22 (1991F 午月),70,75,76,76
2026-03-11,P22 (1991F 午月),70,75,76,76
2026-03-12,P22 (1991F 午月),62,67,68,68
2026-03-13,P22 (1991F 午月),56,61,62,62
2026-03-14,P22 (1991F 午月),59,64,65,65
2026-03-15,P22 (1991F 午月),51,56,57,57
2026-03-16,P22 (1991F 午月),49,54,55,55
2026-03-17,P22 (1991F 午月),49,54,55,55
2026-03-18,P22 (1991F 午月),48,53,54,54
2026-03-19,P22 (1991F 午月),69,74,75,75
2026-03-20,P22 (1991F 午月),68,73,74,74
2026-03-21,P22 (1991F 午月),71,76,77,77
2026-03-22,P22 (1991F 午月),67,72,73,73
2026-03-23,P22 (1991F 午月),67,72,73,73
2026-03-24,P22 (1991F 午月),63,68,69,69
2026-03-25,P22 (1991F 午月),60,65,66,66
2026-03-26,P22 (1991F 午月),64,69,70,70
2026-03-27,P22 (1991F 午月),48,53,54,54
2026-03-28,P22 (1991F 午月),44,49,50,50
2026-03-29,P22 (1991F 午月),49,54,55,55
2026-03-30,P22 (1991F 午月),47,52,53,53
2026-03-31,P22 (1991F 午月),67,72,73,73
2026-04-01,P22 (1991F 午月),70,75,76,76
2026-04-02,P22 (1991F 午月),71,76,77,77
2026-04-03,P22 (1991F 午月),71,76,77,77
2026-04-04,P22 (1991F 午月),70,75,76,76
2026-04-05,P22 (1991F 午月),73,78,79,79
2026-04-06,P22 (1991F 午月),59,64,65,65
2026-04-07,P22 (1991F 午月),57,62,63,63
2026-04-08,P22 (1991F 午月),52,57,58,58
2026-04-09,P22 (1991F 午月),47,52,53,53
2026-04-10,P22 (1991F 午月),53,58,59,59
2026-04-11,P22 (1991F 午月),51,56,57,57
2026-04-12,P22 (1991F 午月),61,66,67,67
2026-04-13,P22 (1991F 午月),67,72,73,73
2026-04-14,P22 (1991F 午月),73,78,79,79
2026-04-15,P22 (1991F 午月),75,80,81,81
2026-04-16,P22 (1991F 午月),72,77,78,78
2026-04-17,P22 (1991F 午月),60,65,66,66
2026-04-18,P22 (1991F 午月),66,71,72,72
2026-04-19,P22 (1991F 午月),60,65,66,66
2026-04-20,P22 (1991F 午月),58,63,64,64
2026-04-21,P22 (1991F 午月),50,55,56,56
2026-04-22,P22 (1991F 午月),54,59,60,60
2026-04-23,P22 (1991F 午月),56,61,62,62
2026-04-24,P22 (1991F 午月),71,76,77,77
2026-04-25,P22 (1991F 午月),76,81,82,82
2026-04-26,P22 (1991F 午月),73,78,79,79
2026-04-27,P22 (1991F 午月),68,73,74,74
2026-04-28,P22 (1991F 午月),76,81,82,82
2026-04-29,P22 (1991F 午月),64,69,70,70
2026-04-30,P22 (1991F 午月),60,65,66,66
2026-05-01,P22 (1991F 午月),59,64,65,65
2026-05-02,P22 (1991F 午月),53,58,59,59
2026-05-03,P22 (1991F 午月),49,54,55,55
2026-05-04,P22 (1991F 午月),55,60,61,61
2026-05-05,P22 (1991F 午月),54,59,60,60
2026-05-06,P22 (1991F 午月),73,78,79,79
2026-05-07,P22 (1991F 午月),76,81,82,82
2026-05-08,P22 (1991F 午月),83,88,89,89
2026-05-09,P22 (1991F 午月),74,79,80,80
2026-05-10,P22 (1991F 午月),78,83,84,84
2026-05-11,P22 (1991F 午月),74,79,80,80
2026-05-12,P22 (1991F 午月),70,75,76,76
2026-05-13,P22 (1991F 午月),71,76,77,77
2026-05-14,P22 (1991F 午月),64,69,70,70
2026-05-15,P22 (1991F 午月),61,66,67,67
2026-05-16,P22 (1991F 午月),61,66,67,67
2026-05-17,P22 (1991F 午月),59,64,65,65
2026-05-18,P22 (1991F 午月),83,88,89,89
2026-05-19,P22 (1991F 午月),79,84,85,85
2026-05-20,P22 (1991F 午月),85,90,91,91
2026-05-21,P22 (1991F 午月),82,87,88,88
2026-05-22,P22 (1991F 午月),79,84,85,85
2026-05-23,P22 (1991F 午月),77,82,83,83
2026-05-24,P22 (1991F 午月),73,78,79,79
2026-05-25,P22 (1991F 午月),75,80,81,81
2026-05-26,P22 (1991F 午月),59,64,65,65
2026-05-27,P22 (1991F 午月),50,55,56,56
2026-05-28,P22 (1991F 午月),61,66,67,67
2026-05-29,P22 (1991F 午月),58,63,64,64
2026-05-30,P22 (1991F 午月),78,83,84,84
2026-05-31,P22 (1991F 午月),79,84,85,85
2025-12-03,P23 (1997M 卯月),68,62,64,67
2025-12-04,P23 (1997M 卯月),69,63,65,68
2025-12-05,P23 (1997M 卯月),74,68,70,73
2025-12-06,P23 (1997M 卯月),70,64,66,69
2025-12-07,P23 (1997M 卯月),87,81,83,86
2025-12-08,P23 (1997M 卯月),81,75,77,80
2025-12-09,P23 (1997M 卯月),87,81,83,86
2025-12-10,P23 (1997M 卯月),84,78,80,83
2025-12-11,P23 (1997M 卯月),79,73,75,78
2025-12-12,P23 (1997M 卯月),83,77,79,82
2025-12-13,P23 (1997M 卯月),66,60,62,65
2025-12-14,P23 (1997M 卯月),73,67,69,72
2025-12-15,P23 (1997M 卯月),71,65,67,70
2025-12-16,P23 (1997M 卯月),66,60,62,65
2025-12-17,P23 (1997M 卯月),77,71,73,76
2025-12-18,P23 (1997M 卯月),70,64,66,69
2025-12-19,P23 (1997M 卯月),82,76,78,81
2025-12-20,P23 (1997M 卯月),82,76,78,81
2025-12-21,P23 (1997M 卯月),83,77,79,82
2025-12-22,P23 (1997M 卯月),83,77,79,82
2025-12-23,P23 (1997M 卯月),84,78,80,83
2025-12-24,P23 (1997M 卯月),84,78,80,83
2025-12-25,P23 (1997M 卯月),72,66,68,71
2025-12-26,P23 (1997M 卯月),70,64,66,69
2025-12-27,P23 (1997M 卯月),72,66,68,71
2025-12-28,P23 (1997M 卯月),64,58,60,63
2025-12-29,P23 (1997M 卯月),72,66,68,71
2025-12-30,P23 (1997M 卯月),67,61,63,66
2025-12-31,P23 (1997M 卯月),71,65,67,70
2026-01-01,P23 (1997M 卯月),85,79,81,84
2026-01-02,P23 (1997M 卯月),86,80,82,85
2026-01-03,P23 (1997M 卯月),82,76,78,81
2026-01-04,P23 (1997M 卯月),86,80,82,85
2026-01-05,P23 (1997M 卯月),79,73,75,78
2026-01-06,P23 (1997M 卯月),73,67,69,72
2026-01-07,P23 (1997M 卯月),74,68,70,73
2026-01-08,P23 (1997M 卯月),69,63,65,68
2026-01-09,P23 (1997M 卯月),67,61,63,66
2026-01-10,P23 (1997M 卯月),64,58,60,63
2026-01-11,P23 (1997M 卯月),69,63,65,68
2026-01-12,P23 (1997M 卯月),78,72,74,77
2026-01-13,P23 (1997M 卯月),85,79,81,84
2026-01-14,P23 (1997M 卯月),87,81,83,86
2026-01-15,P23 (1997M 卯月),82,76,78,81
2026-01-16,P23 (1997M 卯月),88,82,84,87
2026-01-17,P23 (1997M 卯月),80,74,76,79
2026-01-18,P23 (1997M 卯月),70,64,66,69
2026-01-19,P23 (1997M 卯月),74,68,70,73
2026-01-20,P23 (1997M 卯月),66,60,62,65
2026-01-21,P23 (1997M 卯月),67,61,63,66
2026-01-22,P23 (1997M 卯月),67,61,63,66
2026-01-23,P23 (1997M 卯月),77,71,73,76
2026-01-24,P23 (1997M 卯月),84,78,80,83
2026-01-25,P23 (1997M 卯月),83,77,79,82
2026-01-26,P23 (1997M 卯月),86,80,82,85
2026-01-27,P23 (1997M 卯月),84,78,80,83
2026-01-28,P23 (1997M 卯月),85,79,81,84
2026-01-29,P23 (1997M 卯月),82,76,78,81
2026-01-30,P23 (1997M 卯月),63,57,59,62
2026-01-31,P23 (1997M 卯月),73,67,69,72
2026-02-01,P23 (1997M 卯月),69,63,65,68
2026-02-02,P23 (1997M 卯月),69,63,65,68
2026-02-03,P23 (1997M 卯月),72,66,68,71
2026-02-04,P23 (1997M 卯月),64,58,60,63
2026-02-05,P23 (1997M 卯月),79,73,75,78
2026-02-06,P23 (1997M 卯月),74,68,70,73
2026-02-07,P23 (1997M 卯月),84,78,80,83
2026-02-08,P23 (1997M 卯月),80,74,76,79
2026-02-09,P23 (1997M 卯月),71,65,67,70
2026-02-10,P23 (1997M 卯月),79,73,75,78
2026-02-11,P23 (1997M 卯月),60,54,56,59
2026-02-12,P23 (1997M 卯月),68,62,64,67
2026-02-13,P23 (1997M 卯月),67,61,63,66
2026-02-14,P23 (1997M 卯月),61,55,57,60
2026-02-15,P23 (1997M 卯月),71,65,67,70
2026-02-16,P23 (1997M 卯月),64,58,60,63
2026-02-17,P23 (1997M 卯月),76,70,72,75
2026-02-18,P23 (1997M 卯月),77,71,73,76
2026-02-19,P23 (1997M 卯月),80,74,76,79
2026-02-20,P23 (1997M 卯月),80,74,76,79
2026-02-21,P23 (1997M 卯月),76,70,72,75
2026-02-22,P23 (1997M 卯月),79,73,75,78
2026-02-23,P23 (1997M 卯月),64,58,60,63
2026-02-24,P23 (1997M 卯月),65,59,61,64
2026-02-25,P23 (1997M 卯月),70,64,66,69
2026-02-26,P23 (1997M 卯月),59,53,55,58
2026-02-27,P23 (1997M 卯月),65,59,61,64
2026-02-28,P23 (1997M 卯月),62,56,58,61
2026-03-01,P23 (1997M 卯月),71,65,67,70
2026-03-02,P23 (1997M 卯月),81,75,77,80
2026-03-03,P23 (1997M 卯月),85,79,81,84
2026-03-04,P23 (1997M 卯月),83,77,79,82
2026-03-05,P23 (1997M 卯月),82,76,78,81
2026-03-06,P23 (1997M 卯月),76,70,72,75
2026-03-07,P23 (1997M 卯月),63,57,59,62
2026-03-08,P23 (1997M 卯月),69,63,65,68
2026-03-09,P23 (1997M 卯月),62,56,58,61
2026-03-10,P23 (1997M 卯月),65,59,61,64
2026-03-11,P23 (1997M 卯月),60,54,56,59
2026-03-12,P23 (1997M 卯月),68,62,64,67
2026-03-13,P23 (1997M 卯月),73,67,69,72
2026-03-14,P23 (1997M 卯月),83,77,79,82
2026-03-15,P23 (1997M 卯月),88,82,84,87
2026-03-16,P23 (1997M 卯月),84,78,80,83
2026-03-17,P23 (1997M 卯月),83,77,79,82
2026-03-18,P23 (1997M 卯月),76,70,72,75
2026-03-19,P23 (1997M 卯月),61,55,57,60
2026-03-20,P23 (1997M 卯月),69,63,65,68
2026-03-21,P23 (1997M 卯月),62,56,58,61
2026-03-22,P23 (1997M 卯月),65,59,61,64
2026-03-23,P23 (1997M 卯月),64,58,60,63
2026-03-24,P23 (1997M 卯月),75,69,71,74
2026-03-25,P23 (1997M 卯月),77,71,73,76
2026-03-26,P23 (1997M 卯月),80,74,76,79
2026-03-27,P23 (1997M 卯月),88,82,84,87
2026-03-28,P23 (1997M 卯月),82,76,78,81
2026-03-29,P23 (1997M 卯月),77,71,73,76
2026-03-30,P23 (1997M 卯月),75,69,71,74
2026-03-31,P23 (1997M 卯月),55,49,51,54
2026-04-01,P23 (1997M 卯月),70,64,66,69
2026-04-02,P23 (1997M 卯月),67,61,63,66
2026-04-03,P23 (1997M 卯月),69,63,65,68
2026-04-04,P23 (1997M 卯月),68,62,64,67
2026-04-05,P23 (1997M 卯月),56,50,52,55
2026-04-06,P23 (1997M 卯月),73,67,69,72
2026-04-07,P23 (1997M 卯月),67,61,63,66
2026-04-08,P23 (1997M 卯月),79,73,75,78
2026-04-09,P23 (1997M 卯月),72,66,68,71
2026-04-10,P23 (1997M 卯月),64,58,60,63
2026-04-11,P23 (1997M 卯月),71,65,67,70
2026-04-12,P23 (1997M 卯月),54,48,50,53
2026-04-13,P23 (1997M 卯月),59,53,55,58
2026-04-14,P23 (1997M 卯月),57,51,53,56
2026-04-15,P23 (1997M 卯月),53,47,49,52
2026-04-16,P23 (1997M 卯月),63,57,59,62
2026-04-17,P23 (1997M 卯月),56,50,52,55
2026-04-18,P23 (1997M 卯月),68,62,64,67
2026-04-19,P23 (1997M 卯月),71,65,67,70
2026-04-20,P23 (1997M 卯月),74,68,70,73
2026-04-21,P23 (1997M 卯月),78,72,74,77
2026-04-22,P23 (1997M 卯月),69,63,65,68
2026-04-23,P23 (1997M 卯月),76,70,72,75
2026-04-24,P23 (1997M 卯月),60,54,56,59
2026-04-25,P23 (1997M 卯月),60,54,56,59
2026-04-26,P23 (1997M 卯月),61,55,57,60
2026-04-27,P23 (1997M 卯月),53,47,49,52
2026-04-28,P23 (1997M 卯月),59,53,55,58
2026-04-29,P23 (1997M 卯月),54,48,50,53
2026-04-30,P23 (1997M 卯月),62,56,58,61
2026-05-01,P23 (1997M 卯月),73,67,69,72
2026-05-02,P23 (1997M 卯月),76,70,72,75
2026-05-03,P23 (1997M 卯月),78,72,74,77
2026-05-04,P23 (1997M 卯月),76,70,72,75
2026-05-05,P23 (1997M 卯月),64,58,60,63
2026-05-06,P23 (1997M 卯月),53,47,49,52
2026-05-07,P23 (1997M 卯月),60,54,56,59
2026-05-08,P23 (1997M 卯月),58,52,54,57
2026-05-09,P23 (1997M 卯月),57,51,53,56
2026-05-10,P23 (1997M 卯月),51,45,47,50
2026-05-11,P23 (1997M 卯月),59,53,55,58
2026-05-12,P23 (1997M 卯月),64,58,60,63
2026-05-13,P23 (1997M 卯月),73,67,69,72
2026-05-14,P23 (1997M 卯月),78,72,74,77
2026-05-15,P23 (1997M 卯月),73,67,69,72
2026-05-16,P23 (1997M 卯月),68,62,64,67
2026-05-17,P23 (1997M 卯月),68,62,64,67
2026-05-18,P23 (1997M 卯月),52,46,48,51
2026-05-19,P23 (1997M 卯月),62,56,58,61
2026-05-20,P23 (1997M 卯月),55,49,51,54
2026-05-21,P23 (1997M 卯月),56,50,52,55
2026-05-22,P23 (1997M 卯月),55,49,51,54
2026-05-23,P23 (1997M 卯月),64,58,60,63
2026-05-24,P23 (1997M 卯月),65,59,61,64
2026-05-25,P23 (1997M 卯月),70,64,66,69
2026-05-26,P23 (1997M 卯月),79,73,75,78
2026-05-27,P23 (1997M 卯月),72,66,68,71
2026-05-28,P23 (1997M 卯月),68,62,64,67
2026-05-29,P23 (1997M 卯月),67,61,63,66
2026-05-30,P23 (1997M 卯月),50,44,46,49
2026-05-31,P23 (1997M 卯月),62,56,58,61
2025-12-03,P24 (2000F 丑月),49,52,54,55
2025-12-04,P24 (2000F 丑月),50,53,55,56
2025-12-05,P24 (2000F 丑月),57,60,62,63
2025-12-06,P24 (2000F 丑月),55,58,60,61
2025-12-07,P24 (2000F 丑月),67,70,72,73
2025-12-08,P24 (2000F 丑月),61,64,66,67
2025-12-09,P24 (2000F 丑月),71,74,76,77
2025-12-10,P24 (2000F 丑月),64,67,69,70
2025-12-11,P24 (2000F 丑月),63,66,68,69
2025-12-12,P24 (2000F 丑月),75,78,80,81
2025-12-13,P24 (2000F 丑月),60,63,65,66
2025-12-14,P24 (2000F 丑月),66,69,71,72
2025-12-15,P24 (2000F 丑月),59,62,64,65
2025-12-16,P24 (2000F 丑月),51,54,56,57
2025-12-17,P24 (2000F 丑月),66,69,71,72
2025-12-18,P24 (2000F 丑月),58,61,63,64
2025-12-19,P24 (2000F 丑月),65,68,70,71
2025-12-20,P24 (2000F 丑月),58,61,63,64
2025-12-21,P24 (2000F 丑月),71,74,76,77
2025-12-22,P24 (2000F 丑月),72,75,77,78
2025-12-23,P24 (2000F 丑月),59,62,64,65
2025-12-24,P24 (2000F 丑月),74,77,79,80
2025-12-25,P24 (2000F 丑月),58,61,63,64
2025-12-26,P24 (2000F 丑月),63,66,68,69
2025-12-27,P24 (2000F 丑月),61,64,66,67
2025-12-28,P24 (2000F 丑月),51,54,56,57
2025-12-29,P24 (2000F 丑月),65,68,70,71
2025-12-30,P24 (2000F 丑月),56,59,61,62
2025-12-31,P24 (2000F 丑月),65,68,70,71
2026-01-01,P24 (2000F 丑月),67,70,72,73
2026-01-02,P24 (2000F 丑月),63,66,68,69
2026-01-03,P24 (2000F 丑月),74,77,79,80
2026-01-04,P24 (2000F 丑月),63,66,68,69
2026-01-05,P24 (2000F 丑月),75,78,80,81
2026-01-06,P24 (2000F 丑月),65,68,70,71
2026-01-07,P24 (2000F 丑月),60,63,65,66
2026-01-08,P24 (2000F 丑月),61,64,66,67
2026-01-09,P24 (2000F 丑月),51,54,56,57
2026-01-10,P24 (2000F 丑月),61,64,66,67
2026-01-11,P24 (2000F 丑月),57,60,62,63
2026-01-12,P24 (2000F 丑月),56,59,61,62
2026-01-13,P24 (2000F 丑月),67,70,72,73
2026-01-14,P24 (2000F 丑月),70,73,75,76
2026-01-15,P24 (2000F 丑月),74,77,79,80
2026-01-16,P24 (2000F 丑月),71,74,76,77
2026-01-17,P24 (2000F 丑月),75,78,80,81
2026-01-18,P24 (2000F 丑月),64,67,69,70
2026-01-19,P24 (2000F 丑月),58,61,63,64
2026-01-20,P24 (2000F 丑月),65,68,70,71
2026-01-21,P24 (2000F 丑月),56,59,61,62
2026-01-22,P24 (2000F 丑月),60,63,65,66
2026-01-23,P24 (2000F 丑月),64,67,69,70
2026-01-24,P24 (2000F 丑月),70,73,75,76
2026-01-25,P24 (2000F 丑月),73,76,78,79
2026-01-26,P24 (2000F 丑月),73,76,78,79
2026-01-27,P24 (2000F 丑月),74,77,79,80
2026-01-28,P24 (2000F 丑月),73,76,78,79
2026-01-29,P24 (2000F 丑月),71,74,76,77
2026-01-30,P24 (2000F 丑月),64,67,69,70
2026-01-31,P24 (2000F 丑月),66,69,71,72
2026-02-01,P24 (2000F 丑月),53,56,58,59
2026-02-02,P24 (2000F 丑月),50,53,55,56
2026-02-03,P24 (2000F 丑月),65,68,70,71
2026-02-04,P24 (2000F 丑月),57,60,62,63
2026-02-05,P24 (2000F 丑月),66,69,71,72
2026-02-06,P24 (2000F 丑月),64,67,69,70
2026-02-07,P24 (2000F 丑月),69,72,74,75
2026-02-08,P24 (2000F 丑月),56,59,61,62
2026-02-09,P24 (2000F 丑月),61,64,66,67
2026-02-10,P24 (2000F 丑月),74,77,79,80
2026-02-11,P24 (2000F 丑月),56,59,61,62
2026-02-12,P24 (2000F 丑月),65,68,70,71
2026-02-13,P24 (2000F 丑月),56,59,61,62
2026-02-14,P24 (2000F 丑月),49,52,54,55
2026-02-15,P24 (2000F 丑月),63,66,68,69
2026-02-16,P24 (2000F 丑月),52,55,57,58
2026-02-17,P24 (2000F 丑月),62,65,67,68
2026-02-18,P24 (2000F 丑月),54,57,59,60
2026-02-19,P24 (2000F 丑月),65,68,70,71
2026-02-20,P24 (2000F 丑月),71,74,76,77
2026-02-21,P24 (2000F 丑月),56,59,61,62
2026-02-22,P24 (2000F 丑月),71,74,76,77
2026-02-23,P24 (2000F 丑月),59,62,64,65
2026-02-24,P24 (2000F 丑月),65,68,70,71
2026-02-25,P24 (2000F 丑月),60,63,65,66
2026-02-26,P24 (2000F 丑月),49,52,54,55
2026-02-27,P24 (2000F 丑月),62,65,67,68
2026-02-28,P24 (2000F 丑月),49,52,54,55
2026-03-01,P24 (2000F 丑月),59,62,64,65
2026-03-02,P24 (2000F 丑月),66,69,71,72
2026-03-03,P24 (2000F 丑月),63,66,68,69
2026-03-04,P24 (2000F 丑月),71,74,76,77
2026-03-05,P24 (2000F 丑月),67,70,72,73
2026-03-06,P24 (2000F 丑月),82,85,87,88
2026-03-07,P24 (2000F 丑月),72,75,77,78
2026-03-08,P24 (2000F 丑月),70,73,75,76
2026-03-09,P24 (2000F 丑月),69,72,74,75
2026-03-10,P24 (2000F 丑月),56,59,61,62
2026-03-11,P24 (2000F 丑月),70,73,75,76
2026-03-12,P24 (2000F 丑月),65,68,70,71
2026-03-13,P24 (2000F 丑月),69,72,74,75
2026-03-14,P24 (2000F 丑月),76,79,81,82
2026-03-15,P24 (2000F 丑月),77,80,82,83
2026-03-16,P24 (2000F 丑月),79,82,84,85
2026-03-17,P24 (2000F 丑月),77,80,82,83
2026-03-18,P24 (2000F 丑月),81,84,86,87
2026-03-19,P24 (2000F 丑月),74,77,79,80
2026-03-20,P24 (2000F 丑月),65,68,70,71
2026-03-21,P24 (2000F 丑月),66,69,71,72
2026-03-22,P24 (2000F 丑月),61,64,66,67
2026-03-23,P24 (2000F 丑月),68,71,73,74
2026-03-24,P24 (2000F 丑月),67,70,72,73
2026-03-25,P24 (2000F 丑月),75,78,80,81
2026-03-26,P24 (2000F 丑月),80,83,85,86
2026-03-27,P24 (2000F 丑月),80,83,85,86
2026-03-28,P24 (2000F 丑月),78,81,83,84
2026-03-29,P24 (2000F 丑月),74,77,79,80
2026-03-30,P24 (2000F 丑月),73,76,78,79
2026-03-31,P24 (2000F 丑月),65,68,70,71
2026-04-01,P24 (2000F 丑月),69,72,74,75
2026-04-02,P24 (2000F 丑月),61,64,66,67
2026-04-03,P24 (2000F 丑月),53,56,58,59
2026-04-04,P24 (2000F 丑月),66,69,71,72
2026-04-05,P24 (2000F 丑月),51,54,56,57
2026-04-06,P24 (2000F 丑月),57,60,62,63
2026-04-07,P24 (2000F 丑月),54,57,59,60
2026-04-08,P24 (2000F 丑月),63,66,68,69
2026-04-09,P24 (2000F 丑月),58,61,63,64
2026-04-10,P24 (2000F 丑月),50,53,55,56
2026-04-11,P24 (2000F 丑月),64,67,69,70
2026-04-12,P24 (2000F 丑月),52,55,57,58
2026-04-13,P24 (2000F 丑月),54,57,59,60
2026-04-14,P24 (2000F 丑月),51,54,56,57
2026-04-15,P24 (2000F 丑月),48,51,53,54
2026-04-16,P24 (2000F 丑月),59,62,64,65
2026-04-17,P24 (2000F 丑月),55,58,60,61
2026-04-18,P24 (2000F 丑月),56,59,61,62
2026-04-19,P24 (2000F 丑月),52,55,57,58
2026-04-20,P24 (2000F 丑月),59,62,64,65
2026-04-21,P24 (2000F 丑月),60,63,65,66
2026-04-22,P24 (2000F 丑月),51,54,56,57
2026-04-23,P24 (2000F 丑月),69,72,74,75
2026-04-24,P24 (2000F 丑月),54,57,59,60
2026-04-25,P24 (2000F 丑月),57,60,62,63
2026-04-26,P24 (2000F 丑月),55,58,60,61
2026-04-27,P24 (2000F 丑月),46,49,51,52
2026-04-28,P24 (2000F 丑月),54,57,59,60
2026-04-29,P24 (2000F 丑月),53,56,58,59
2026-04-30,P24 (2000F 丑月),61,64,66,67
2026-05-01,P24 (2000F 丑月),54,57,59,60
2026-05-02,P24 (2000F 丑月),54,57,59,60
2026-05-03,P24 (2000F 丑月),61,64,66,67
2026-05-04,P24 (2000F 丑月),53,56,58,59
2026-05-05,P24 (2000F 丑月),64,67,69,70
2026-05-06,P24 (2000F 丑月),55,58,60,61
2026-05-07,P24 (2000F 丑月),54,57,59,60
2026-05-08,P24 (2000F 丑月),53,56,58,59
2026-05-09,P24 (2000F 丑月),49,52,54,55
2026-05-10,P24 (2000F 丑月),52,55,57,58
2026-05-11,P24 (2000F 丑月),52,55,57,58
2026-05-12,P24 (2000F 丑月),56,59,61,62
2026-05-13,P24 (2000F 丑月),62,65,67,68
2026-05-14,P24 (2000F 丑月),62,65,67,68
2026-05-15,P24 (2000F 丑月),65,68,70,71
2026-05-16,P24 (2000F 丑月),61,64,66,67
2026-05-17,P24 (2000F 丑月),70,73,75,76
2026-05-18,P24 (2000F 丑月),56,59,61,62
2026-05-19,P24 (2000F 丑月),49,52,54,55
2026-05-20,P24 (2000F 丑月),50,53,55,56
2026-05-21,P24 (2000F 丑月),46,49,51,52
2026-05-22,P24 (2000F 丑月),48,51,53,54
2026-05-23,P24 (2000F 丑月),49,52,54,55
2026-05-24,P24 (2000F 丑月),54,57,59,60
2026-05-25,P24 (2000F 丑月),61,64,66,67
2026-05-26,P24 (2000F 丑月),66,69,71,72
2026-05-27,P24 (2000F 丑月),61,64,66,67
2026-05-28,P24 (2000F 丑月),55,58,60,61
2026-05-29,P24 (2000F 丑月),60,63,65,66
2026-05-30,P24 (2000F 丑月),54,57,59,60
2026-05-31,P24 (2000F 丑月),53,56,58,59
2025-12-03,P25 (1963M 戌月),82,87,88,88
2025-12-04,P25 (1963M 戌月),80,85,86,86
2025-12-05,P25 (1963M 戌月),67,72,73,73
2025-12-06,P25 (1963M 戌月),67,72,73,73
2025-12-07,P25 (1963M 戌月),49,54,55,55
2025-12-08,P25 (1963M 戌月),56,61,62,62
2025-12-09,P25 (1963M 戌月),46,51,52,52
2025-12-10,P25 (1963M 戌月),46,51,52,52
2025-12-11,P25 (1963M 戌月),52,57,58,58
2025-12-12,P25 (1963M 戌月),68,73,74,74
2025-12-13,P25 (1963M 戌月),47,52,53,53
2025-12-14,P25 (1963M 戌月),48,53,54,54
2025-12-15,P25 (1963M 戌月),58,63,64,64
2025-12-16,P25 (1963M 戌月),57,62,63,63
2025-12-17,P25 (1963M 戌月),47,52,53,53
2025-12-18,P25 (1963M 戌月),49,54,55,55
2025-12-19,P25 (1963M 戌月),50,55,56,56
2025-12-20,P25 (1963M 戌月),53,58,59,59
2025-12-21,P25 (1963M 戌月),48,53,54,54
2025-12-22,P25 (1963M 戌月),46,51,52,52
2025-12-23,P25 (1963M 戌月),48,53,54,54
2025-12-24,P25 (1963M 戌月),67,72,73,73
2025-12-25,P25 (1963M 戌月),50,55,56,56
2025-12-26,P25 (1963M 戌月),49,54,55,55
2025-12-27,P25 (1963M 戌月),61,66,67,67
2025-12-28,P25 (1963M 戌月),58,63,64,64
2025-12-29,P25 (1963M 戌月),49,54,55,55
2025-12-30,P25 (1963M 戌月),50,55,56,56
2025-12-31,P25 (1963M 戌月),52,57,58,58
2026-01-01,P25 (1963M 戌月),62,67,68,68
2026-01-02,P25 (1963M 戌月),46,51,52,52
2026-01-03,P25 (1963M 戌月),48,53,54,54
2026-01-04,P25 (1963M 戌月),50,55,56,56
2026-01-05,P25 (1963M 戌月),66,71,72,72
2026-01-06,P25 (1963M 戌月),58,63,64,64
2026-01-07,P25 (1963M 戌月),53,58,59,59
2026-01-08,P25 (1963M 戌月),64,69,70,70
2026-01-09,P25 (1963M 戌月),61,66,67,67
2026-01-10,P25 (1963M 戌月),52,57,58,58
2026-01-11,P25 (1963M 戌月),60,65,66,66
2026-01-12,P25 (1963M 戌月),56,61,62,62
2026-01-13,P25 (1963M 戌月),62,67,68,68
2026-01-14,P25 (1963M 戌月),48,53,54,54
2026-01-15,P25 (1963M 戌月),52,57,58,58
2026-01-16,P25 (1963M 戌月),55,60,61,61
2026-01-17,P25 (1963M 戌月),72,77,78,78
2026-01-18,P25 (1963M 戌月),53,58,59,59
2026-01-19,P25 (1963M 戌月),50,55,56,56
2026-01-20,P25 (1963M 戌月),68,73,74,74
2026-01-21,P25 (1963M 戌月),64,69,70,70
2026-01-22,P25 (1963M 戌月),50,55,56,56
2026-01-23,P25 (1963M 戌月),58,63,64,64
2026-01-24,P25 (1963M 戌月),53,58,59,59
2026-01-25,P25 (1963M 戌月),60,65,66,66
2026-01-26,P25 (1963M 戌月),47,52,53,53
2026-01-27,P25 (1963M 戌月),52,57,58,58
2026-01-28,P25 (1963M 戌月),52,57,58,58
2026-01-29,P25 (1963M 戌月),65,70,71,71
2026-01-30,P25 (1963M 戌月),58,63,64,64
2026-01-31,P25 (1963M 戌月),54,59,60,60
2026-02-01,P25 (1963M 戌月),66,71,72,72
2026-02-02,P25 (1963M 戌月),63,68,69,69
2026-02-03,P25 (1963M 戌月),49,54,55,55
2026-02-04,P25 (1963M 戌月),59,64,65,65
2026-02-05,P25 (1963M 戌月),59,64,65,65
2026-02-06,P25 (1963M 戌月),66,71,72,72
2026-02-07,P25 (1963M 戌月),49,54,55,55
2026-02-08,P25 (1963M 戌月),50,55,56,56
2026-02-09,P25 (1963M 戌月),63,68,69,69
2026-02-10,P25 (1963M 戌月),80,85,86,86
2026-02-11,P25 (1963M 戌月),55,60,61,61
2026-02-12,P25 (1963M 戌月),57,62,63,63
2026-02-13,P25 (1963M 戌月),69,74,75,75
2026-02-14,P25 (1963M 戌月),66,71,72,72
2026-02-15,P25 (1963M 戌月),57,62,63,63
2026-02-16,P25 (1963M 戌月),59,64,65,65
2026-02-17,P25 (1963M 戌月),57,62,63,63
2026-02-18,P25 (1963M 戌月),63,68,69,69
2026-02-19,P25 (1963M 戌月),52,57,58,58
2026-02-20,P25 (1963M 戌月),52,57,58,58
2026-02-21,P25 (1963M 戌月),55,60,61,61
2026-02-22,P25 (1963M 戌月),74,79,80,80
2026-02-23,P25 (1963M 戌月),55,60,61,61
2026-02-24,P25 (1963M 戌月),56,61,62,62
2026-02-25,P25 (1963M 戌月),70,75,76,76
2026-02-26,P25 (1963M 戌月),68,73,74,74
2026-02-27,P25 (1963M 戌月),53,58,59,59
2026-02-28,P25 (1963M 戌月),56,61,62,62
2026-03-01,P25 (1963M 戌月),61,66,67,67
2026-03-02,P25 (1963M 戌月),72,77,78,78
2026-03-03,P25 (1963M 戌月),47,52,53,53
2026-03-04,P25 (1963M 戌月),51,56,57,57
2026-03-05,P25 (1963M 戌月),55,60,61,61
2026-03-06,P25 (1963M 戌月),86,91,92,92
2026-03-07,P25 (1963M 戌月),72,77,78,78
2026-03-08,P25 (1963M 戌月),73,78,79,79
2026-03-09,P25 (1963M 戌月),83,88,89,89
2026-03-10,P25 (1963M 戌月),79,84,85,85
2026-03-11,P25 (1963M 戌月),78,83,84,84
2026-03-12,P25 (1963M 戌月),75,80,81,81
2026-03-13,P25 (1963M 戌月),73,78,79,79
2026-03-14,P25 (1963M 戌月),83,88,89,89
2026-03-15,P25 (1963M 戌月),60,65,66,66
2026-03-16,P25 (1963M 戌月),66,71,72,72
2026-03-17,P25 (1963M 戌月),72,77,78,78
2026-03-18,P25 (1963M 戌月),88,93,94,94
2026-03-19,P25 (1963M 戌月),71,76,77,77
2026-03-20,P25 (1963M 戌月),67,72,73,73
2026-03-21,P25 (1963M 戌月),88,93,94,94
2026-03-22,P25 (1963M 戌月),86,91,92,92
2026-03-23,P25 (1963M 戌月),70,75,76,76
2026-03-24,P25 (1963M 戌月),74,79,80,80
2026-03-25,P25 (1963M 戌月),71,76,77,77
2026-03-26,P25 (1963M 戌月),81,86,87,87
2026-03-27,P25 (1963M 戌月),62,67,68,68
2026-03-28,P25 (1963M 戌月),67,72,73,73
2026-03-29,P25 (1963M 戌月),69,74,75,75
2026-03-30,P25 (1963M 戌月),84,89,90,90
2026-03-31,P25 (1963M 戌月),73,78,79,79
2026-04-01,P25 (1963M 戌月),77,82,83,83
2026-04-02,P25 (1963M 戌月),83,88,89,89
2026-04-03,P25 (1963M 戌月),82,87,88,88
2026-04-04,P25 (1963M 戌月),66,71,72,72
2026-04-05,P25 (1963M 戌月),56,61,62,62
2026-04-06,P25 (1963M 戌月),56,61,62,62
2026-04-07,P25 (1963M 戌月),65,70,71,71
2026-04-08,P25 (1963M 戌月),48,53,54,54
2026-04-09,P25 (1963M 戌月),51,56,57,57
2026-04-10,P25 (1963M 戌月),61,66,67,67
2026-04-11,P25 (1963M 戌月),78,83,84,84
2026-04-12,P25 (1963M 戌月),54,59,60,60
2026-04-13,P25 (1963M 戌月),53,58,59,59
2026-04-14,P25 (1963M 戌月),65,70,71,71
2026-04-15,P25 (1963M 戌月),63,68,69,69
2026-04-16,P25 (1963M 戌月),52,57,58,58
2026-04-17,P25 (1963M 戌月),58,63,64,64
2026-04-18,P25 (1963M 戌月),55,60,61,61
2026-04-19,P25 (1963M 戌月),59,64,65,65
2026-04-20,P25 (1963M 戌月),48,53,54,54
2026-04-21,P25 (1963M 戌月),52,57,58,58
2026-04-22,P25 (1963M 戌月),52,57,58,58
2026-04-23,P25 (1963M 戌月),72,77,78,78
2026-04-24,P25 (1963M 戌月),54,59,60,60
2026-04-25,P25 (1963M 戌月),53,58,59,59
2026-04-26,P25 (1963M 戌月),69,74,75,75
2026-04-27,P25 (1963M 戌月),66,71,72,72
2026-04-28,P25 (1963M 戌月),52,57,58,58
2026-04-29,P25 (1963M 戌月),55,60,61,61
2026-04-30,P25 (1963M 戌月),58,63,64,64
2026-05-01,P25 (1963M 戌月),69,74,75,75
2026-05-02,P25 (1963M 戌月),46,51,52,52
2026-05-03,P25 (1963M 戌月),52,57,58,58
2026-05-04,P25 (1963M 戌月),52,57,58,58
2026-05-05,P25 (1963M 戌月),71,76,77,77
2026-05-06,P25 (1963M 戌月),55,60,61,61
2026-05-07,P25 (1963M 戌月),54,59,60,60
2026-05-08,P25 (1963M 戌月),68,73,74,74
2026-05-09,P25 (1963M 戌月),62,67,68,68
2026-05-10,P25 (1963M 戌月),59,64,65,65
2026-05-11,P25 (1963M 戌月),56,61,62,62
2026-05-12,P25 (1963M 戌月),53,58,59,59
2026-05-13,P25 (1963M 戌月),64,69,70,70
2026-05-14,P25 (1963M 戌月),47,52,53,53
2026-05-15,P25 (1963M 戌月),49,54,55,55
2026-05-16,P25 (1963M 戌月),54,59,60,60
2026-05-17,P25 (1963M 戌月),71,76,77,77
2026-05-18,P25 (1963M 戌月),54,59,60,60
2026-05-19,P25 (1963M 戌月),50,55,56,56
2026-05-20,P25 (1963M 戌月),76,81,82,82
2026-05-21,P25 (1963M 戌月),69,74,75,75
2026-05-22,P25 (1963M 戌月),50,55,56,56
2026-05-23,P25 (1963M 戌月),57,62,63,63
2026-05-24,P25 (1963M 戌月),54,59,60,60
2026-05-25,P25 (1963M 戌月),65,70,71,71
2026-05-26,P25 (1963M 戌月),48,53,54,54
2026-05-27,P25 (1963M 戌月),51,56,57,57
2026-05-28,P25 (1963M 戌月),53,58,59,59
2026-05-29,P25 (1963M 戌月),68,73,74,74
2026-05-30,P25 (1963M 戌月),56,61,62,62
2026-05-31,P25 (1963M 戌月),60,65,66,66
2025-12-03,P26 (1971F 巳月),65,70,71,71
2025-12-04,P26 (1971F 巳月),68,73,74,74
2025-12-05,P26 (1971F 巳月),57,62,63,63
2025-12-06,P26 (1971F 巳月),54,59,60,60
2025-12-07,P26 (1971F 巳月),70,75,76,76
2025-12-08,P26 (1971F 巳月),58,63,64,64
2025-12-09,P26 (1971F 巳月),59,64,65,65
2025-12-10,P26 (1971F 巳月),70,75,76,76
2025-12-11,P26 (1971F 巳月),60,65,66,66
2025-12-12,P26 (1971F 巳月),77,82,83,83
2025-12-13,P26 (1971F 巳月),56,61,62,62
2025-12-14,P26 (1971F 巳月),58,63,64,64
2025-12-15,P26 (1971F 巳月),71,76,77,77
2025-12-16,P26 (1971F 巳月),68,73,74,74
2025-12-17,P26 (1971F 巳月),63,68,69,69
2025-12-18,P26 (1971F 巳月),60,65,66,66
2025-12-19,P26 (1971F 巳月),61,66,67,67
2025-12-20,P26 (1971F 巳月),56,61,62,62
2025-12-21,P26 (1971F 巳月),57,62,63,63
2025-12-22,P26 (1971F 巳月),63,68,69,69
2025-12-23,P26 (1971F 巳月),64,69,70,70
2025-12-24,P26 (1971F 巳月),70,75,76,76
2025-12-25,P26 (1971F 巳月),52,57,58,58
2025-12-26,P26 (1971F 巳月),54,59,60,60
2025-12-27,P26 (1971F 巳月),66,71,72,72
2025-12-28,P26 (1971F 巳月),71,76,77,77
2025-12-29,P26 (1971F 巳月),51,56,57,57
2025-12-30,P26 (1971F 巳月),51,56,57,57
2025-12-31,P26 (1971F 巳月),56,61,62,62
2026-01-01,P26 (1971F 巳月),51,56,57,57
2026-01-02,P26 (1971F 巳月),59,64,65,65
2026-01-03,P26 (1971F 巳月),52,57,58,58
2026-01-04,P26 (1971F 巳月),59,64,65,65
2026-01-05,P26 (1971F 巳月),65,70,71,71
2026-01-06,P26 (1971F 巳月),50,55,56,56
2026-01-07,P26 (1971F 巳月),56,61,62,62
2026-01-08,P26 (1971F 巳月),55,60,61,61
2026-01-09,P26 (1971F 巳月),66,71,72,72
2026-01-10,P26 (1971F 巳月),49,54,55,55
2026-01-11,P26 (1971F 巳月),54,59,60,60
2026-01-12,P26 (1971F 巳月),60,65,66,66
2026-01-13,P26 (1971F 巳月),58,63,64,64
2026-01-14,P26 (1971F 巳月),63,68,69,69
2026-01-15,P26 (1971F 巳月),63,68,69,69
2026-01-16,P26 (1971F 巳月),65,70,71,71
2026-01-17,P26 (1971F 巳月),78,83,84,84
2026-01-18,P26 (1971F 巳月),54,59,60,60
2026-01-19,P26 (1971F 巳月),66,71,72,72
2026-01-20,P26 (1971F 巳月),65,70,71,71
2026-01-21,P26 (1971F 巳月),71,76,77,77
2026-01-22,P26 (1971F 巳月),62,67,68,68
2026-01-23,P26 (1971F 巳月),62,67,68,68
2026-01-24,P26 (1971F 巳月),69,74,75,75
2026-01-25,P26 (1971F 巳月),62,67,68,68
2026-01-26,P26 (1971F 巳月),66,71,72,72
2026-01-27,P26 (1971F 巳月),70,75,76,76
2026-01-28,P26 (1971F 巳月),58,63,64,64
2026-01-29,P26 (1971F 巳月),78,83,84,84
2026-01-30,P26 (1971F 巳月),53,58,59,59
2026-01-31,P26 (1971F 巳月),64,69,70,70
2026-02-01,P26 (1971F 巳月),69,74,75,75
2026-02-02,P26 (1971F 巳月),71,76,77,77
2026-02-03,P26 (1971F 巳月),62,67,68,68
2026-02-04,P26 (1971F 巳月),51,56,57,57
2026-02-05,P26 (1971F 巳月),70,75,76,76
2026-02-06,P26 (1971F 巳月),54,59,60,60
2026-02-07,P26 (1971F 巳月),53,58,59,59
2026-02-08,P26 (1971F 巳月),61,66,67,67
2026-02-09,P26 (1971F 巳月),51,56,57,57
2026-02-10,P26 (1971F 巳月),71,76,77,77
2026-02-11,P26 (1971F 巳月),50,55,56,56
2026-02-12,P26 (1971F 巳月),52,57,58,58
2026-02-13,P26 (1971F 巳月),62,67,68,68
2026-02-14,P26 (1971F 巳月),62,67,68,68
2026-02-15,P26 (1971F 巳月),60,65,66,66
2026-02-16,P26 (1971F 巳月),56,61,62,62
2026-02-17,P26 (1971F 巳月),57,62,63,63
2026-02-18,P26 (1971F 巳月),50,55,56,56
2026-02-19,P26 (1971F 巳月),53,58,59,59
2026-02-20,P26 (1971F 巳月),63,68,69,69
2026-02-21,P26 (1971F 巳月),61,66,67,67
2026-02-22,P26 (1971F 巳月),64,69,70,70
2026-02-23,P26 (1971F 巳月),52,57,58,58
2026-02-24,P26 (1971F 巳月),51,56,57,57
2026-02-25,P26 (1971F 巳月),68,73,74,74
2026-02-26,P26 (1971F 巳月),68,73,74,74
2026-02-27,P26 (1971F 巳月),48,53,54,54
2026-02-28,P26 (1971F 巳月),52,57,58,58
2026-03-01,P26 (1971F 巳月),56,61,62,62
2026-03-02,P26 (1971F 巳月),50,55,56,56
2026-03-03,P26 (1971F 巳月),59,64,65,65
2026-03-04,P26 (1971F 巳月),56,61,62,62
2026-03-05,P26 (1971F 巳月),63,68,69,69
2026-03-06,P26 (1971F 巳月),73,78,79,79
2026-03-07,P26 (1971F 巳月),56,61,62,62
2026-03-08,P26 (1971F 巳月),64,69,70,70
2026-03-09,P26 (1971F 巳月),61,66,67,67
2026-03-10,P26 (1971F 巳月),77,82,83,83
2026-03-11,P26 (1971F 巳月),59,64,65,65
2026-03-12,P26 (1971F 巳月),59,64,65,65
2026-03-13,P26 (1971F 巳月),66,71,72,72
2026-03-14,P26 (1971F 巳月),60,65,66,66
2026-03-15,P26 (1971F 巳月),66,71,72,72
2026-03-16,P26 (1971F 巳月),64,69,70,70
2026-03-17,P26 (1971F 巳月),67,72,73,73
2026-03-18,P26 (1971F 巳月),79,84,85,85
2026-03-19,P26 (1971F 巳月),51,56,57,57
2026-03-20,P26 (1971F 巳月),63,68,69,69
2026-03-21,P26 (1971F 巳月),65,70,71,71
2026-03-22,P26 (1971F 巳月),73,78,79,79
2026-03-23,P26 (1971F 巳月),67,72,73,73
2026-03-24,P26 (1971F 巳月),62,67,68,68
2026-03-25,P26 (1971F 巳月),71,76,77,77
2026-03-26,P26 (1971F 巳月),59,64,65,65
2026-03-27,P26 (1971F 巳月),68,73,74,74
2026-03-28,P26 (1971F 巳月),71,76,77,77
2026-03-29,P26 (1971F 巳月),57,62,63,63
2026-03-30,P26 (1971F 巳月),76,81,82,82
2026-03-31,P26 (1971F 巳月),53,58,59,59
2026-04-01,P26 (1971F 巳月),66,71,72,72
2026-04-02,P26 (1971F 巳月),71,76,77,77
2026-04-03,P26 (1971F 巳月),68,73,74,74
2026-04-04,P26 (1971F 巳月),65,70,71,71
2026-04-05,P26 (1971F 巳月),47,52,53,53
2026-04-06,P26 (1971F 巳月),66,71,72,72
2026-04-07,P26 (1971F 巳月),53,58,59,59
2026-04-08,P26 (1971F 巳月),53,58,59,59
2026-04-09,P26 (1971F 巳月),64,69,70,70
2026-04-10,P26 (1971F 巳月),55,60,61,61
2026-04-11,P26 (1971F 巳月),73,78,79,79
2026-04-12,P26 (1971F 巳月),52,57,58,58
2026-04-13,P26 (1971F 巳月),52,57,58,58
2026-04-14,P26 (1971F 巳月),63,68,69,69
2026-04-15,P26 (1971F 巳月),63,68,69,69
2026-04-16,P26 (1971F 巳月),61,66,67,67
2026-04-17,P26 (1971F 巳月),56,61,62,62
2026-04-18,P26 (1971F 巳月),57,62,63,63
2026-04-19,P26 (1971F 巳月),51,56,57,57
2026-04-20,P26 (1971F 巳月),54,59,60,60
2026-04-21,P26 (1971F 巳月),58,63,64,64
2026-04-22,P26 (1971F 巳月),55,60,61,61
2026-04-23,P26 (1971F 巳月),62,67,68,68
2026-04-24,P26 (1971F 巳月),51,56,57,57
2026-04-25,P26 (1971F 巳月),49,54,55,55
2026-04-26,P26 (1971F 巳月),62,67,68,68
2026-04-27,P26 (1971F 巳月),70,75,76,76
2026-04-28,P26 (1971F 巳月),52,57,58,58
2026-04-29,P26 (1971F 巳月),52,57,58,58
2026-04-30,P26 (1971F 巳月),56,61,62,62
2026-05-01,P26 (1971F 巳月),50,55,56,56
2026-05-02,P26 (1971F 巳月),57,62,63,63
2026-05-03,P26 (1971F 巳月),57,62,63,63
2026-05-04,P26 (1971F 巳月),62,67,68,68
2026-05-05,P26 (1971F 巳月),67,72,73,73
2026-05-06,P26 (1971F 巳月),54,59,60,60
2026-05-07,P26 (1971F 巳月),60,65,66,66
2026-05-08,P26 (1971F 巳月),59,64,65,65
2026-05-09,P26 (1971F 巳月),70,75,76,76
2026-05-10,P26 (1971F 巳月),55,60,61,61
2026-05-11,P26 (1971F 巳月),57,62,63,63
2026-05-12,P26 (1971F 巳月),65,70,71,71
2026-05-13,P26 (1971F 巳月),59,64,65,65
2026-05-14,P26 (1971F 巳月),64,69,70,70
2026-05-15,P26 (1971F 巳月),58,63,64,64
2026-05-16,P26 (1971F 巳月),63,68,69,69
2026-05-17,P26 (1971F 巳月),75,80,81,81
2026-05-18,P26 (1971F 巳月),48,53,54,54
2026-05-19,P26 (1971F 巳月),54,59,60,60
2026-05-20,P26 (1971F 巳月),55,60,61,61
2026-05-21,P26 (1971F 巳月),63,68,69,69
2026-05-22,P26 (1971F 巳月),55,60,61,61
2026-05-23,P26 (1971F 巳月),55,60,61,61
2026-05-24,P26 (1971F 巳月),64,69,70,70
2026-05-25,P26 (1971F 巳月),56,61,62,62
2026-05-26,P26 (1971F 巳月),63,68,69,69
2026-05-27,P26 (1971F 巳月),63,68,69,69
2026-05-28,P26 (1971F 巳月),54,59,60,60
2026-05-29,P26 (1971F 巳月),71,76,77,77
2026-05-30,P26 (1971F 巳月),48,53,54,54
2026-05-31,P26 (1971F 巳月),58,63,64,64
2025-12-03,P27 (1979M 未月),77,82,83,83
2025-12-04,P27 (1979M 未月),72,77,78,78
2025-12-05,P27 (1979M 未月),66,71,72,72
2025-12-06,P27 (1979M 未月),65,70,71,71
2025-12-07,P27 (1979M 未月),50,55,56,56
2025-12-08,P27 (1979M 未月),75,80,81,81
2025-12-09,P27 (1979M 未月),63,68,69,69
2025-12-10,P27 (1979M 未月),53,58,59,59
2025-12-11,P27 (1979M 未月),60,65,66,66
2025-12-12,P27 (1979M 未月),59,64,65,65
2025-12-13,P27 (1979M 未月),69,74,75,75
2025-12-14,P27 (1979M 未月),50,55,56,56
2025-12-15,P27 (1979M 未月),76,81,82,82
2025-12-16,P27 (1979M 未月),78,83,84,84
2025-12-17,P27 (1979M 未月),57,62,63,63
2025-12-18,P27 (1979M 未月),64,69,70,70
2025-12-19,P27 (1979M 未月),56,61,62,62
2025-12-20,P27 (1979M 未月),73,78,79,79
2025-12-21,P27 (1979M 未月),66,71,72,72
2025-12-22,P27 (1979M 未月),51,56,57,57
2025-12-23,P27 (1979M 未月),63,68,69,69
2025-12-24,P27 (1979M 未月),63,68,69,69
2025-12-25,P27 (1979M 未月),64,69,70,70
2025-12-26,P27 (1979M 未月),55,60,61,61
2025-12-27,P27 (1979M 未月),66,71,72,72
2025-12-28,P27 (1979M 未月),75,80,81,81
2025-12-29,P27 (1979M 未月),60,65,66,66
2025-12-30,P27 (1979M 未月),65,70,71,71
2025-12-31,P27 (1979M 未月),62,67,68,68
2026-01-01,P27 (1979M 未月),68,73,74,74
2026-01-02,P27 (1979M 未月),69,74,75,75
2026-01-03,P27 (1979M 未月),51,56,57,57
2026-01-04,P27 (1979M 未月),55,60,61,61
2026-01-05,P27 (1979M 未月),68,73,74,74
2026-01-06,P27 (1979M 未月),52,57,58,58
2026-01-07,P27 (1979M 未月),50,55,56,56
2026-01-08,P27 (1979M 未月),68,73,74,74
2026-01-09,P27 (1979M 未月),69,74,75,75
2026-01-10,P27 (1979M 未月),58,63,64,64
2026-01-11,P27 (1979M 未月),49,54,55,55
2026-01-12,P27 (1979M 未月),50,55,56,56
2026-01-13,P27 (1979M 未月),61,66,67,67
2026-01-14,P27 (1979M 未月),51,56,57,57
2026-01-15,P27 (1979M 未月),49,54,55,55
2026-01-16,P27 (1979M 未月),48,53,54,54
2026-01-17,P27 (1979M 未月),52,57,58,58
2026-01-18,P27 (1979M 未月),52,57,58,58
2026-01-19,P27 (1979M 未月),51,56,57,57
2026-01-20,P27 (1979M 未月),66,71,72,72
2026-01-21,P27 (1979M 未月),66,71,72,72
2026-01-22,P27 (1979M 未月),59,64,65,65
2026-01-23,P27 (1979M 未月),53,58,59,59
2026-01-24,P27 (1979M 未月),50,55,56,56
2026-01-25,P27 (1979M 未月),64,69,70,70
2026-01-26,P27 (1979M 未月),50,55,56,56
2026-01-27,P27 (1979M 未月),47,52,53,53
2026-01-28,P27 (1979M 未月),52,57,58,58
2026-01-29,P27 (1979M 未月),59,64,65,65
2026-01-30,P27 (1979M 未月),55,60,61,61
2026-01-31,P27 (1979M 未月),50,55,56,56
2026-02-01,P27 (1979M 未月),68,73,74,74
2026-02-02,P27 (1979M 未月),64,69,70,70
2026-02-03,P27 (1979M 未月),58,63,64,64
2026-02-04,P27 (1979M 未月),53,58,59,59
2026-02-05,P27 (1979M 未月),49,54,55,55
2026-02-06,P27 (1979M 未月),63,68,69,69
2026-02-07,P27 (1979M 未月),53,58,59,59
2026-02-08,P27 (1979M 未月),49,54,55,55
2026-02-09,P27 (1979M 未月),51,56,57,57
2026-02-10,P27 (1979M 未月),54,59,60,60
2026-02-11,P27 (1979M 未月),55,60,61,61
2026-02-12,P27 (1979M 未月),47,52,53,53
2026-02-13,P27 (1979M 未月),65,70,71,71
2026-02-14,P27 (1979M 未月),64,69,70,70
2026-02-15,P27 (1979M 未月),52,57,58,58
2026-02-16,P27 (1979M 未月),50,55,56,56
2026-02-17,P27 (1979M 未月),48,53,54,54
2026-02-18,P27 (1979M 未月),64,69,70,70
2026-02-19,P27 (1979M 未月),53,58,59,59
2026-02-20,P27 (1979M 未月),48,53,54,54
2026-02-21,P27 (1979M 未月),57,62,63,63
2026-02-22,P27 (1979M 未月),55,60,61,61
2026-02-23,P27 (1979M 未月),55,60,61,61
2026-02-24,P27 (1979M 未月),51,56,57,57
2026-02-25,P27 (1979M 未月),65,70,71,71
2026-02-26,P27 (1979M 未月),64,69,70,70
2026-02-27,P27 (1979M 未月),60,65,66,66
2026-02-28,P27 (1979M 未月),54,59,60,60
2026-03-01,P27 (1979M 未月),51,56,57,57
2026-03-02,P27 (1979M 未月),64,69,70,70
2026-03-03,P27 (1979M 未月),56,61,62,62
2026-03-04,P27 (1979M 未月),49,54,55,55
2026-03-05,P27 (1979M 未月),53,58,59,59
2026-03-06,P27 (1979M 未月),76,81,82,82
2026-03-07,P27 (1979M 未月),61,66,67,67
2026-03-08,P27 (1979M 未月),62,67,68,68
2026-03-09,P27 (1979M 未月),82,87,88,88
2026-03-10,P27 (1979M 未月),80,85,86,86
2026-03-11,P27 (1979M 未月),72,77,78,78
2026-03-12,P27 (1979M 未月),65,70,71,71
2026-03-13,P27 (1979M 未月),72,77,78,78
2026-03-14,P27 (1979M 未月),75,80,81,81
2026-03-15,P27 (1979M 未月),65,70,71,71
2026-03-16,P27 (1979M 未月),55,60,61,61
2026-03-17,P27 (1979M 未月),56,61,62,62
2026-03-18,P27 (1979M 未月),71,76,77,77
2026-03-19,P27 (1979M 未月),68,73,74,74
2026-03-20,P27 (1979M 未月),59,64,65,65
2026-03-21,P27 (1979M 未月),82,87,88,88
2026-03-22,P27 (1979M 未月),76,81,82,82
2026-03-23,P27 (1979M 未月),69,74,75,75
2026-03-24,P27 (1979M 未月),62,67,68,68
2026-03-25,P27 (1979M 未月),61,66,67,67
2026-03-26,P27 (1979M 未月),80,85,86,86
2026-03-27,P27 (1979M 未月),56,61,62,62
2026-03-28,P27 (1979M 未月),54,59,60,60
2026-03-29,P27 (1979M 未月),62,67,68,68
2026-03-30,P27 (1979M 未月),72,77,78,78
2026-03-31,P27 (1979M 未月),72,77,78,78
2026-04-01,P27 (1979M 未月),56,61,62,62
2026-04-02,P27 (1979M 未月),85,90,91,91
2026-04-03,P27 (1979M 未月),78,83,84,84
2026-04-04,P27 (1979M 未月),68,73,74,74
2026-04-05,P27 (1979M 未月),63,68,69,69
2026-04-06,P27 (1979M 未月),50,55,56,56
2026-04-07,P27 (1979M 未月),70,75,76,76
2026-04-08,P27 (1979M 未月),57,62,63,63
2026-04-09,P27 (1979M 未月),54,59,60,60
2026-04-10,P27 (1979M 未月),56,61,62,62
2026-04-11,P27 (1979M 未月),57,62,63,63
2026-04-12,P27 (1979M 未月),65,70,71,71
2026-04-13,P27 (1979M 未月),49,54,55,55
2026-04-14,P27 (1979M 未月),68,73,74,74
2026-04-15,P27 (1979M 未月),73,78,79,79
2026-04-16,P27 (1979M 未月),56,61,62,62
2026-04-17,P27 (1979M 未月),61,66,67,67
2026-04-18,P27 (1979M 未月),53,58,59,59
2026-04-19,P27 (1979M 未月),71,76,77,77
2026-04-20,P27 (1979M 未月),61,66,67,67
2026-04-21,P27 (1979M 未月),48,53,54,54
2026-04-22,P27 (1979M 未月),55,60,61,61
2026-04-23,P27 (1979M 未月),57,62,63,63
2026-04-24,P27 (1979M 未月),59,64,65,65
2026-04-25,P27 (1979M 未月),52,57,58,58
2026-04-26,P27 (1979M 未月),64,69,70,70
2026-04-27,P27 (1979M 未月),73,78,79,79
2026-04-28,P27 (1979M 未月),61,66,67,67
2026-04-29,P27 (1979M 未月),61,66,67,67
2026-04-30,P27 (1979M 未月),58,63,64,64
2026-05-01,P27 (1979M 未月),66,71,72,72
2026-05-02,P27 (1979M 未月),64,69,70,70
2026-05-03,P27 (1979M 未月),50,55,56,56
2026-05-04,P27 (1979M 未月),54,59,60,60
2026-05-05,P27 (1979M 未月),63,68,69,69
2026-05-06,P27 (1979M 未月),53,58,59,59
2026-05-07,P27 (1979M 未月),50,55,56,56
2026-05-08,P27 (1979M 未月),70,75,76,76
2026-05-09,P27 (1979M 未月),67,72,73,73
2026-05-10,P27 (1979M 未月),58,63,64,64
2026-05-11,P27 (1979M 未月),52,57,58,58
2026-05-12,P27 (1979M 未月),56,61,62,62
2026-05-13,P27 (1979M 未月),64,69,70,70
2026-05-14,P27 (1979M 未月),55,60,61,61
2026-05-15,P27 (1979M 未月),52,57,58,58
2026-05-16,P27 (1979M 未月),52,57,58,58
2026-05-17,P27 (1979M 未月),59,64,65,65
2026-05-18,P27 (1979M 未月),57,62,63,63
2026-05-19,P27 (1979M 未月),52,57,58,58
2026-05-20,P27 (1979M 未月),71,76,77,77
2026-05-21,P27 (1979M 未月),65,70,71,71
2026-05-22,P27 (1979M 未月),60,65,66,66
2026-05-23,P27 (1979M 未月),54,59,60,60
2026-05-24,P27 (1979M 未月),54,59,60,60
2026-05-25,P27 (1979M 未月),71,76,77,77
2026-05-26,P27 (1979M 未月),52,57,58,58
2026-05-27,P27 (1979M 未月),52,57,58,58
2026-05-28,P27 (1979M 未月),57,62,63,63
2026-05-29,P27 (1979M 未月),59,64,65,65
2026-05-30,P27 (1979M 未月),60,65,66,66
2026-05-31,P27 (1979M 未月),48,53,54,54
2025-12-03,P28 (1988F 亥月),48,54,54,54
2025-12-04,P28 (1988F 亥月),47,53,53,53
2025-12-05,P28 (1988F 亥月),45,51,51,51
2025-12-06,P28 (1988F 亥月),46,52,52,52
2025-12-07,P28 (1988F 亥月),48,54,54,54
2025-12-08,P28 (1988F 亥月),50,56,56,56
2025-12-09,P28 (1988F 亥月),52,58,58,58
2025-12-10,P28 (1988F 亥月),54,60,60,60
2025-12-11,P28 (1988F 亥月),61,67,67,67
2025-12-12,P28 (1988F 亥月),65,71,71,71
2025-12-13,P28 (1988F 亥月),51,57,57,57
2025-12-14,P28 (1988F 亥月),53,59,59,59
2025-12-15,P28 (1988F 亥月),64,70,70,70
2025-12-16,P28 (1988F 亥月),58,64,64,64
2025-12-17,P28 (1988F 亥月),61,67,67,67
2025-12-18,P28 (1988F 亥月),67,73,73,73
2025-12-19,P28 (1988F 亥月),49,55,55,55
2025-12-20,P28 (1988F 亥月),53,59,59,59
2025-12-21,P28 (1988F 亥月),62,68,68,68
2025-12-22,P28 (1988F 亥月),55,61,61,61
2025-12-23,P28 (1988F 亥月),61,67,67,67
2025-12-24,P28 (1988F 亥月),64,70,70,70
2025-12-25,P28 (1988F 亥月),50,56,56,56
2025-12-26,P28 (1988F 亥月),50,56,56,56
2025-12-27,P28 (1988F 亥月),67,73,73,73
2025-12-28,P28 (1988F 亥月),63,69,69,69
2025-12-29,P28 (1988F 亥月),53,59,59,59
2025-12-30,P28 (1988F 亥月),64,70,70,70
2025-12-31,P28 (1988F 亥月),51,57,57,57
2026-01-01,P28 (1988F 亥月),58,64,64,64
2026-01-02,P28 (1988F 亥月),62,68,68,68
2026-01-03,P28 (1988F 亥月),56,62,62,62
2026-01-04,P28 (1988F 亥月),60,66,66,66
2026-01-05,P28 (1988F 亥月),57,63,63,63
2026-01-06,P28 (1988F 亥月),47,53,53,53
2026-01-07,P28 (1988F 亥月),50,56,56,56
2026-01-08,P28 (1988F 亥月),56,62,62,62
2026-01-09,P28 (1988F 亥月),52,58,58,58
2026-01-10,P28 (1988F 亥月),51,57,57,57
2026-01-11,P28 (1988F 亥月),58,64,64,64
2026-01-12,P28 (1988F 亥月),48,54,54,54
2026-01-13,P28 (1988F 亥月),48,54,54,54
2026-01-14,P28 (1988F 亥月),51,57,57,57
2026-01-15,P28 (1988F 亥月),48,54,54,54
2026-01-16,P28 (1988F 亥月),59,65,65,65
2026-01-17,P28 (1988F 亥月),61,67,67,67
2026-01-18,P28 (1988F 亥月),47,53,53,53
2026-01-19,P28 (1988F 亥月),48,54,54,54
2026-01-20,P28 (1988F 亥月),58,64,64,64
2026-01-21,P28 (1988F 亥月),58,64,64,64
2026-01-22,P28 (1988F 亥月),55,61,61,61
2026-01-23,P28 (1988F 亥月),61,67,67,67
2026-01-24,P28 (1988F 亥月),50,56,56,56
2026-01-25,P28 (1988F 亥月),50,56,56,56
2026-01-26,P28 (1988F 亥月),61,67,67,67
2026-01-27,P28 (1988F 亥月),48,54,54,54
2026-01-28,P28 (1988F 亥月),49,55,55,55
2026-01-29,P28 (1988F 亥月),52,58,58,58
2026-01-30,P28 (1988F 亥月),47,53,53,53
2026-01-31,P28 (1988F 亥月),49,55,55,55
2026-02-01,P28 (1988F 亥月),56,62,62,62
2026-02-02,P28 (1988F 亥月),52,58,58,58
2026-02-03,P28 (1988F 亥月),51,57,57,57
2026-02-04,P28 (1988F 亥月),57,63,63,63
2026-02-05,P28 (1988F 亥月),52,58,58,58
2026-02-06,P28 (1988F 亥月),54,60,60,60
2026-02-07,P28 (1988F 亥月),57,63,63,63
2026-02-08,P28 (1988F 亥月),50,56,56,56
2026-02-09,P28 (1988F 亥月),57,63,63,63
2026-02-10,P28 (1988F 亥月),62,68,68,68
2026-02-11,P28 (1988F 亥月),49,55,55,55
2026-02-12,P28 (1988F 亥月),53,59,59,59
2026-02-13,P28 (1988F 亥月),61,67,67,67
2026-02-14,P28 (1988F 亥月),56,62,62,62
2026-02-15,P28 (1988F 亥月),63,69,69,69
2026-02-16,P28 (1988F 亥月),68,74,74,74
2026-02-17,P28 (1988F 亥月),51,57,57,57
2026-02-18,P28 (1988F 亥月),54,60,60,60
2026-02-19,P28 (1988F 亥月),61,67,67,67
2026-02-20,P28 (1988F 亥月),55,61,61,61
2026-02-21,P28 (1988F 亥月),59,65,65,65
2026-02-22,P28 (1988F 亥月),63,69,69,69
2026-02-23,P28 (1988F 亥月),50,56,56,56
2026-02-24,P28 (1988F 亥月),50,56,56,56
2026-02-25,P28 (1988F 亥月),70,76,76,76
2026-02-26,P28 (1988F 亥月),61,67,67,67
2026-02-27,P28 (1988F 亥月),55,61,61,61
2026-02-28,P28 (1988F 亥月),59,65,65,65
2026-03-01,P28 (1988F 亥月),50,56,56,56
2026-03-02,P28 (1988F 亥月),55,61,61,61
2026-03-03,P28 (1988F 亥月),60,66,66,66
2026-03-04,P28 (1988F 亥月),53,59,59,59
2026-03-05,P28 (1988F 亥月),57,63,63,63
2026-03-06,P28 (1988F 亥月),59,65,65,65
2026-03-07,P28 (1988F 亥月),51,57,57,57
2026-03-08,P28 (1988F 亥月),53,59,59,59
2026-03-09,P28 (1988F 亥月),59,65,65,65
2026-03-10,P28 (1988F 亥月),56,62,62,62
2026-03-11,P28 (1988F 亥月),54,60,60,60
2026-03-12,P28 (1988F 亥月),62,68,68,68
2026-03-13,P28 (1988F 亥月),52,58,58,58
2026-03-14,P28 (1988F 亥月),53,59,59,59
2026-03-15,P28 (1988F 亥月),58,64,64,64
2026-03-16,P28 (1988F 亥月),51,57,57,57
2026-03-17,P28 (1988F 亥月),64,70,70,70
2026-03-18,P28 (1988F 亥月),68,74,74,74
2026-03-19,P28 (1988F 亥月),48,54,54,54
2026-03-20,P28 (1988F 亥月),50,56,56,56
2026-03-21,P28 (1988F 亥月),62,68,68,68
2026-03-22,P28 (1988F 亥月),55,61,61,61
2026-03-23,P28 (1988F 亥月),54,60,60,60
2026-03-24,P28 (1988F 亥月),59,65,65,65
2026-03-25,P28 (1988F 亥月),51,57,57,57
2026-03-26,P28 (1988F 亥月),51,57,57,57
2026-03-27,P28 (1988F 亥月),63,69,69,69
2026-03-28,P28 (1988F 亥月),53,59,59,59
2026-03-29,P28 (1988F 亥月),55,61,61,61
2026-03-30,P28 (1988F 亥月),62,68,68,68
2026-03-31,P28 (1988F 亥月),50,56,56,56
2026-04-01,P28 (1988F 亥月),50,56,56,56
2026-04-02,P28 (1988F 亥月),59,65,65,65
2026-04-03,P28 (1988F 亥月),58,64,64,64
2026-04-04,P28 (1988F 亥月),57,63,63,63
2026-04-05,P28 (1988F 亥月),51,57,57,57
2026-04-06,P28 (1988F 亥月),49,55,55,55
2026-04-07,P28 (1988F 亥月),49,55,55,55
2026-04-08,P28 (1988F 亥月),49,55,55,55
2026-04-09,P28 (1988F 亥月),48,54,54,54
2026-04-10,P28 (1988F 亥月),51,57,57,57
2026-04-11,P28 (1988F 亥月),54,60,60,60
2026-04-12,P28 (1988F 亥月),47,53,53,53
2026-04-13,P28 (1988F 亥月),47,53,53,53
2026-04-14,P28 (1988F 亥月),51,57,57,57
2026-04-15,P28 (1988F 亥月),48,54,54,54
2026-04-16,P28 (1988F 亥月),50,56,56,56
2026-04-17,P28 (1988F 亥月),58,64,64,64
2026-04-18,P28 (1988F 亥月),49,55,55,55
2026-04-19,P28 (1988F 亥月),48,54,54,54
2026-04-20,P28 (1988F 亥月),50,56,56,56
2026-04-21,P28 (1988F 亥月),48,54,54,54
2026-04-22,P28 (1988F 亥月),49,55,55,55
2026-04-23,P28 (1988F 亥月),51,57,57,57
2026-04-24,P28 (1988F 亥月),49,55,55,55
2026-04-25,P28 (1988F 亥月),49,55,55,55
2026-04-26,P28 (1988F 亥月),60,66,66,66
2026-04-27,P28 (1988F 亥月),55,61,61,61
2026-04-28,P28 (1988F 亥月),50,56,56,56
2026-04-29,P28 (1988F 亥月),54,60,60,60
2026-04-30,P28 (1988F 亥月),49,55,55,55
2026-05-01,P28 (1988F 亥月),51,57,57,57
2026-05-02,P28 (1988F 亥月),53,59,59,59
2026-05-03,P28 (1988F 亥月),52,58,58,58
2026-05-04,P28 (1988F 亥月),51,57,57,57
2026-05-05,P28 (1988F 亥月),51,57,57,57
2026-05-06,P28 (1988F 亥月),50,56,56,56
2026-05-07,P28 (1988F 亥月),51,57,57,57
2026-05-08,P28 (1988F 亥月),53,59,59,59
2026-05-09,P28 (1988F 亥月),49,55,55,55
2026-05-10,P28 (1988F 亥月),49,55,55,55
2026-05-11,P28 (1988F 亥月),52,58,58,58
2026-05-12,P28 (1988F 亥月),49,55,55,55
2026-05-13,P28 (1988F 亥月),49,55,55,55
2026-05-14,P28 (1988F 亥月),50,56,56,56
2026-05-15,P28 (1988F 亥月),50,56,56,56
2026-05-16,P28 (1988F 亥月),54,60,60,60
2026-05-17,P28 (1988F 亥月),61,67,67,67
2026-05-18,P28 (1988F 亥月),50,56,56,56
2026-05-19,P28 (1988F 亥月),51,57,57,57
2026-05-20,P28 (1988F 亥月),55,61,61,61
2026-05-21,P28 (1988F 亥月),52,58,58,58
2026-05-22,P28 (1988F 亥月),49,55,55,55
2026-05-23,P28 (1988F 亥月),56,62,62,62
2026-05-24,P28 (1988F 亥月),51,57,57,57
2026-05-25,P28 (1988F 亥月),50,56,56,56
2026-05-26,P28 (1988F 亥月),58,64,64,64
2026-05-27,P28 (1988F 亥月),52,58,58,58
2026-05-28,P28 (1988F 亥月),53,59,59,59
2026-05-29,P28 (1988F 亥月),57,63,63,63
2026-05-30,P28 (1988F 亥月),51,57,57,57
2026-05-31,P28 (1988F 亥月),50,56,56,56
2025-12-03,P29 (1995M 卯月),69,69,71,74
2025-12-04,P29 (1995M 卯月),69,69,71,74
2025-12-05,P29 (1995M 卯月),52,52,54,57
2025-12-06,P29 (1995M 卯月),65,65,67,70
2025-12-07,P29 (1995M 卯月),55,55,57,60
2025-12-08,P29 (1995M 卯月),69,69,71,74
2025-12-09,P29 (1995M 卯月),54,54,56,59
2025-12-10,P29 (1995M 卯月),65,65,67,70
2025-12-11,P29 (1995M 卯月),78,78,80,83
2025-12-12,P29 (1995M 卯月),70,70,72,75
2025-12-13,P29 (1995M 卯月),63,63,65,68
2025-12-14,P29 (1995M 卯月),52,52,54,57
2025-12-15,P29 (1995M 卯月),65,65,67,70
2025-12-16,P29 (1995M 卯月),63,63,65,68
2025-12-17,P29 (1995M 卯月),46,46,48,51
2025-12-18,P29 (1995M 卯月),57,57,59,62
2025-12-19,P29 (1995M 卯月),52,52,54,57
2025-12-20,P29 (1995M 卯月),70,70,72,75
2025-12-21,P29 (1995M 卯月),62,62,64,67
2025-12-22,P29 (1995M 卯月),66,66,68,71
2025-12-23,P29 (1995M 卯月),76,76,78,81
2025-12-24,P29 (1995M 卯月),69,69,71,74
2025-12-25,P29 (1995M 卯月),65,65,67,70
2025-12-26,P29 (1995M 卯月),49,49,51,54
2025-12-27,P29 (1995M 卯月),58,58,60,63
2025-12-28,P29 (1995M 卯月),61,61,63,66
2025-12-29,P29 (1995M 卯月),44,44,46,49
2025-12-30,P29 (1995M 卯月),57,57,59,62
2025-12-31,P29 (1995M 卯月),60,60,62,65
2026-01-01,P29 (1995M 卯月),68,68,70,73
2026-01-02,P29 (1995M 卯月),62,62,64,67
2026-01-03,P29 (1995M 卯月),65,65,67,70
2026-01-04,P29 (1995M 卯月),82,82,84,87
2026-01-05,P29 (1995M 卯月),70,70,72,75
2026-01-06,P29 (1995M 卯月),59,59,61,64
2026-01-07,P29 (1995M 卯月),53,53,55,58
2026-01-08,P29 (1995M 卯月),60,60,62,65
2026-01-09,P29 (1995M 卯月),64,64,66,69
2026-01-10,P29 (1995M 卯月),46,46,48,51
2026-01-11,P29 (1995M 卯月),55,55,57,60
2026-01-12,P29 (1995M 卯月),61,61,63,66
2026-01-13,P29 (1995M 卯月),74,74,76,79
2026-01-14,P29 (1995M 卯月),71,71,73,76
2026-01-15,P29 (1995M 卯月),67,67,69,72
2026-01-16,P29 (1995M 卯月),75,75,77,80
2026-01-17,P29 (1995M 卯月),75,75,77,80
2026-01-18,P29 (1995M 卯月),57,57,59,62
2026-01-19,P29 (1995M 卯月),53,53,55,58
2026-01-20,P29 (1995M 卯月),66,66,68,71
2026-01-21,P29 (1995M 卯月),64,64,66,69
2026-01-22,P29 (1995M 卯月),47,47,49,52
2026-01-23,P29 (1995M 卯月),58,58,60,63
2026-01-24,P29 (1995M 卯月),63,63,65,68
2026-01-25,P29 (1995M 卯月),70,70,72,75
2026-01-26,P29 (1995M 卯月),55,55,57,60
2026-01-27,P29 (1995M 卯月),67,67,69,72
2026-01-28,P29 (1995M 卯月),70,70,72,75
2026-01-29,P29 (1995M 卯月),72,72,74,77
2026-01-30,P29 (1995M 卯月),66,66,68,71
2026-01-31,P29 (1995M 卯月),50,50,52,55
2026-02-01,P29 (1995M 卯月),61,61,63,66
2026-02-02,P29 (1995M 卯月),61,61,63,66
2026-02-03,P29 (1995M 卯月),48,48,50,53
2026-02-04,P29 (1995M 卯月),75,75,77,80
2026-02-05,P29 (1995M 卯月),75,75,77,80
2026-02-06,P29 (1995M 卯月),86,86,88,91
2026-02-07,P29 (1995M 卯月),72,72,74,77
2026-02-08,P29 (1995M 卯月),81,81,83,86
2026-02-09,P29 (1995M 卯月),84,84,86,89
2026-02-10,P29 (1995M 卯月),83,83,85,88
2026-02-11,P29 (1995M 卯月),79,79,81,84
2026-02-12,P29 (1995M 卯月),69,69,71,74
2026-02-13,P29 (1995M 卯月),85,85,87,90
2026-02-14,P29 (1995M 卯月),80,80,82,85
2026-02-15,P29 (1995M 卯月),59,59,61,64
2026-02-16,P29 (1995M 卯月),73,73,75,78
2026-02-17,P29 (1995M 卯月),72,72,74,77
2026-02-18,P29 (1995M 卯月),87,87,89,92
2026-02-19,P29 (1995M 卯月),80,80,82,85
2026-02-20,P29 (1995M 卯月),81,81,83,86
2026-02-21,P29 (1995M 卯月),82,82,84,87
2026-02-22,P29 (1995M 卯月),81,81,83,86
2026-02-23,P29 (1995M 卯月),81,81,83,86
2026-02-24,P29 (1995M 卯月),69,69,71,74
2026-02-25,P29 (1995M 卯月),79,79,81,84
2026-02-26,P29 (1995M 卯月),80,80,82,85
2026-02-27,P29 (1995M 卯月),56,56,58,61
2026-02-28,P29 (1995M 卯月),74,74,76,79
2026-03-01,P29 (1995M 卯月),76,76,78,81
2026-03-02,P29 (1995M 卯月),82,82,84,87
2026-03-03,P29 (1995M 卯月),77,77,79,82
2026-03-04,P29 (1995M 卯月),79,79,81,84
2026-03-05,P29 (1995M 卯月),83,83,85,88
2026-03-06,P29 (1995M 卯月),77,77,79,82
2026-03-07,P29 (1995M 卯月),65,65,67,70
2026-03-08,P29 (1995M 卯月),61,61,63,66
2026-03-09,P29 (1995M 卯月),68,68,70,73
2026-03-10,P29 (1995M 卯月),66,66,68,71
2026-03-11,P29 (1995M 卯月),48,48,50,53
2026-03-12,P29 (1995M 卯月),63,63,65,68
2026-03-13,P29 (1995M 卯月),61,61,63,66
2026-03-14,P29 (1995M 卯月),75,75,77,80
2026-03-15,P29 (1995M 卯月),72,72,74,77
2026-03-16,P29 (1995M 卯月),70,70,72,75
2026-03-17,P29 (1995M 卯月),81,81,83,86
2026-03-18,P29 (1995M 卯月),77,77,79,82
2026-03-19,P29 (1995M 卯月),64,64,66,69
2026-03-20,P29 (1995M 卯月),62,62,64,67
2026-03-21,P29 (1995M 卯月),72,72,74,77
2026-03-22,P29 (1995M 卯月),69,69,71,74
2026-03-23,P29 (1995M 卯月),52,52,54,57
2026-03-24,P29 (1995M 卯月),65,65,67,70
2026-03-25,P29 (1995M 卯月),69,69,71,74
2026-03-26,P29 (1995M 卯月),78,78,80,83
2026-03-27,P29 (1995M 卯月),65,65,67,70
2026-03-28,P29 (1995M 卯月),71,71,73,76
2026-03-29,P29 (1995M 卯月),78,78,80,83
2026-03-30,P29 (1995M 卯月),77,77,79,82
2026-03-31,P29 (1995M 卯月),69,69,71,74
2026-04-01,P29 (1995M 卯月),62,62,64,67
2026-04-02,P29 (1995M 卯月),70,70,72,75
2026-04-03,P29 (1995M 卯月),71,71,73,76
2026-04-04,P29 (1995M 卯月),56,56,58,61
2026-04-05,P29 (1995M 卯月),63,63,65,68
2026-04-06,P29 (1995M 卯月),64,64,66,69
2026-04-07,P29 (1995M 卯月),73,73,75,78
2026-04-08,P29 (1995M 卯月),60,60,62,65
2026-04-09,P29 (1995M 卯月),69,69,71,74
2026-04-10,P29 (1995M 卯月),80,80,82,85
2026-04-11,P29 (1995M 卯月),71,71,73,76
2026-04-12,P29 (1995M 卯月),66,66,68,71
2026-04-13,P29 (1995M 卯月),56,56,58,61
2026-04-14,P29 (1995M 卯月),70,70,72,75
2026-04-15,P29 (1995M 卯月),65,65,67,70
2026-04-16,P29 (1995M 卯月),50,50,52,55
2026-04-17,P29 (1995M 卯月),63,63,65,68
2026-04-18,P29 (1995M 卯月),61,61,63,66
2026-04-19,P29 (1995M 卯月),74,74,76,79
2026-04-20,P29 (1995M 卯月),64,64,66,69
2026-04-21,P29 (1995M 卯月),64,64,66,69
2026-04-22,P29 (1995M 卯月),78,78,80,83
2026-04-23,P29 (1995M 卯月),73,73,75,78
2026-04-24,P29 (1995M 卯月),71,71,73,76
2026-04-25,P29 (1995M 卯月),58,58,60,63
2026-04-26,P29 (1995M 卯月),67,67,69,72
2026-04-27,P29 (1995M 卯月),65,65,67,70
2026-04-28,P29 (1995M 卯月),46,46,48,51
2026-04-29,P29 (1995M 卯月),62,62,64,67
2026-04-30,P29 (1995M 卯月),59,59,61,64
2026-05-01,P29 (1995M 卯月),71,71,73,76
2026-05-02,P29 (1995M 卯月),64,64,66,69
2026-05-03,P29 (1995M 卯月),65,65,67,70
2026-05-04,P29 (1995M 卯月),80,80,82,85
2026-05-05,P29 (1995M 卯月),70,70,72,75
2026-05-06,P29 (1995M 卯月),50,50,52,55
2026-05-07,P29 (1995M 卯月),49,49,51,54
2026-05-08,P29 (1995M 卯月),55,55,57,60
2026-05-09,P29 (1995M 卯月),51,51,53,56
2026-05-10,P29 (1995M 卯月),44,44,46,49
2026-05-11,P29 (1995M 卯月),53,53,55,58
2026-05-12,P29 (1995M 卯月),50,50,52,55
2026-05-13,P29 (1995M 卯月),58,58,60,63
2026-05-14,P29 (1995M 卯月),54,54,56,59
2026-05-15,P29 (1995M 卯月),55,55,57,60
2026-05-16,P29 (1995M 卯月),65,65,67,70
2026-05-17,P29 (1995M 卯月),61,61,63,66
2026-05-18,P29 (1995M 卯月),49,49,51,54
2026-05-19,P29 (1995M 卯月),49,49,51,54
2026-05-20,P29 (1995M 卯月),54,54,56,59
2026-05-21,P29 (1995M 卯月),50,50,52,55
2026-05-22,P29 (1995M 卯月),45,45,47,50
2026-05-23,P29 (1995M 卯月),49,49,51,54
2026-05-24,P29 (1995M 卯月),53,53,55,58
2026-05-25,P29 (1995M 卯月),59,59,61,64
2026-05-26,P29 (1995M 卯月),49,49,51,54
2026-05-27,P29 (1995M 卯月),55,55,57,60
2026-05-28,P29 (1995M 卯月),61,61,63,66
2026-05-29,P29 (1995M 卯月),59,59,61,64
2026-05-30,P29 (1995M 卯月),51,51,53,56
2026-05-31,P29 (1995M 卯月),48,48,50,53
2025-12-03,P30 (2003F 申月),56,62,62,62
2025-12-04,P30 (2003F 申月),56,62,62,62
2025-12-05,P30 (2003F 申月),53,59,59,59
2025-12-06,P30 (2003F 申月),60,66,66,66
2025-12-07,P30 (2003F 申月),47,53,53,53
2025-12-08,P30 (2003F 申月),46,52,52,52
2025-12-09,P30 (2003F 申月),50,56,56,56
2025-12-10,P30 (2003F 申月),49,55,55,55
2025-12-11,P30 (2003F 申月),50,56,56,56
2025-12-12,P30 (2003F 申月),52,58,58,58
2025-12-13,P30 (2003F 申月),59,65,65,65
2025-12-14,P30 (2003F 申月),66,72,72,72
2025-12-15,P30 (2003F 申月),61,67,67,67
2025-12-16,P30 (2003F 申月),61,67,67,67
2025-12-17,P30 (2003F 申月),58,64,64,64
2025-12-18,P30 (2003F 申月),61,67,67,67
2025-12-19,P30 (2003F 申月),54,60,60,60
2025-12-20,P30 (2003F 申月),50,56,56,56
2025-12-21,P30 (2003F 申月),52,58,58,58
2025-12-22,P30 (2003F 申月),50,56,56,56
2025-12-23,P30 (2003F 申月),48,54,54,54
2025-12-24,P30 (2003F 申月),52,58,58,58
2025-12-25,P30 (2003F 申月),61,67,67,67
2025-12-26,P30 (2003F 申月),65,71,71,71
2025-12-27,P30 (2003F 申月),65,71,71,71
2025-12-28,P30 (2003F 申月),57,63,63,63
2025-12-29,P30 (2003F 申月),60,66,66,66
2025-12-30,P30 (2003F 申月),60,66,66,66
2025-12-31,P30 (2003F 申月),51,57,57,57
2026-01-01,P30 (2003F 申月),50,56,56,56
2026-01-02,P30 (2003F 申月),50,56,56,56
2026-01-03,P30 (2003F 申月),50,56,56,56
2026-01-04,P30 (2003F 申月),49,55,55,55
2026-01-05,P30 (2003F 申月),49,55,55,55
2026-01-06,P30 (2003F 申月),60,66,66,66
2026-01-07,P30 (2003F 申月),61,67,67,67
2026-01-08,P30 (2003F 申月),58,64,64,64
2026-01-09,P30 (2003F 申月),54,60,60,60
2026-01-10,P30 (2003F 申月),58,64,64,64
2026-01-11,P30 (2003F 申月),63,69,69,69
2026-01-12,P30 (2003F 申月),49,55,55,55
2026-01-13,P30 (2003F 申月),48,54,54,54
2026-01-14,P30 (2003F 申月),47,53,53,53
2026-01-15,P30 (2003F 申月),49,55,55,55
2026-01-16,P30 (2003F 申月),48,54,54,54
2026-01-17,P30 (2003F 申月),51,57,57,57
2026-01-18,P30 (2003F 申月),59,65,65,65
2026-01-19,P30 (2003F 申月),56,62,62,62
2026-01-20,P30 (2003F 申月),60,66,66,66
2026-01-21,P30 (2003F 申月),55,61,61,61
2026-01-22,P30 (2003F 申月),53,59,59,59
2026-01-23,P30 (2003F 申月),60,66,66,66
2026-01-24,P30 (2003F 申月),48,54,54,54
2026-01-25,P30 (2003F 申月),49,55,55,55
2026-01-26,P30 (2003F 申月),48,54,54,54
2026-01-27,P30 (2003F 申月),49,55,55,55
2026-01-28,P30 (2003F 申月),50,56,56,56
2026-01-29,P30 (2003F 申月),50,56,56,56
2026-01-30,P30 (2003F 申月),62,68,68,68
2026-01-31,P30 (2003F 申月),59,65,65,65
2026-02-01,P30 (2003F 申月),56,62,62,62
2026-02-02,P30 (2003F 申月),56,62,62,62
2026-02-03,P30 (2003F 申月),49,55,55,55
2026-02-04,P30 (2003F 申月),48,54,54,54
2026-02-05,P30 (2003F 申月),48,54,54,54
2026-02-06,P30 (2003F 申月),49,55,55,55
2026-02-07,P30 (2003F 申月),50,56,56,56
2026-02-08,P30 (2003F 申月),50,56,56,56
2026-02-09,P30 (2003F 申月),49,55,55,55
2026-02-10,P30 (2003F 申月),49,55,55,55
2026-02-11,P30 (2003F 申月),53,59,59,59
2026-02-12,P30 (2003F 申月),57,63,63,63
2026-02-13,P30 (2003F 申月),51,57,57,57
2026-02-14,P30 (2003F 申月),50,56,56,56
2026-02-15,P30 (2003F 申月),53,59,59,59
2026-02-16,P30 (2003F 申月),53,59,59,59
2026-02-17,P30 (2003F 申月),48,54,54,54
2026-02-18,P30 (2003F 申月),49,55,55,55
2026-02-19,P30 (2003F 申月),48,54,54,54
2026-02-20,P30 (2003F 申月),49,55,55,55
2026-02-21,P30 (2003F 申月),49,55,55,55
2026-02-22,P30 (2003F 申月),49,55,55,55
2026-02-23,P30 (2003F 申月),50,56,56,56
2026-02-24,P30 (2003F 申月),51,57,57,57
2026-02-25,P30 (2003F 申月),53,59,59,59
2026-02-26,P30 (2003F 申月),51,57,57,57
2026-02-27,P30 (2003F 申月),52,58,58,58
2026-02-28,P30 (2003F 申月),51,57,57,57
2026-03-01,P30 (2003F 申月),51,57,57,57
2026-03-02,P30 (2003F 申月),50,56,56,56
2026-03-03,P30 (2003F 申月),49,55,55,55
2026-03-04,P30 (2003F 申月),49,55,55,55
2026-03-05,P30 (2003F 申月),49,55,55,55
2026-03-06,P30 (2003F 申月),54,60,60,60
2026-03-07,P30 (2003F 申月),60,66,66,66
2026-03-08,P30 (2003F 申月),61,67,67,67
2026-03-09,P30 (2003F 申月),56,62,62,62
2026-03-10,P30 (2003F 申月),55,61,61,61
2026-03-11,P30 (2003F 申月),62,68,68,68
2026-03-12,P30 (2003F 申月),66,72,72,72
2026-03-13,P30 (2003F 申月),52,58,58,58
2026-03-14,P30 (2003F 申月),53,59,59,59
2026-03-15,P30 (2003F 申月),52,58,58,58
2026-03-16,P30 (2003F 申月),52,58,58,58
2026-03-17,P30 (2003F 申月),51,57,57,57
2026-03-18,P30 (2003F 申月),54,60,60,60
2026-03-19,P30 (2003F 申月),64,70,70,70
2026-03-20,P30 (2003F 申月),62,68,68,68
2026-03-21,P30 (2003F 申月),68,74,74,74
2026-03-22,P30 (2003F 申月),63,69,69,69
2026-03-23,P30 (2003F 申月),59,65,65,65
2026-03-24,P30 (2003F 申月),65,71,71,71
2026-03-25,P30 (2003F 申月),51,57,57,57
2026-03-26,P30 (2003F 申月),50,56,56,56
2026-03-27,P30 (2003F 申月),50,56,56,56
2026-03-28,P30 (2003F 申月),50,56,56,56
2026-03-29,P30 (2003F 申月),50,56,56,56
2026-03-30,P30 (2003F 申月),51,57,57,57
2026-03-31,P30 (2003F 申月),64,70,70,70
2026-04-01,P30 (2003F 申月),64,70,70,70
2026-04-02,P30 (2003F 申月),58,64,64,64
2026-04-03,P30 (2003F 申月),56,62,62,62
2026-04-04,P30 (2003F 申月),53,59,59,59
2026-04-05,P30 (2003F 申月),73,79,79,79
2026-04-06,P30 (2003F 申月),66,72,72,72
2026-04-07,P30 (2003F 申月),60,66,66,66
2026-04-08,P30 (2003F 申月),68,74,74,74
2026-04-09,P30 (2003F 申月),56,62,62,62
2026-04-10,P30 (2003F 申月),53,59,59,59
2026-04-11,P30 (2003F 申月),69,75,75,75
2026-04-12,P30 (2003F 申月),70,76,76,76
2026-04-13,P30 (2003F 申月),74,80,80,80
2026-04-14,P30 (2003F 申月),71,77,77,77
2026-04-15,P30 (2003F 申月),70,76,76,76
2026-04-16,P30 (2003F 申月),71,77,77,77
2026-04-17,P30 (2003F 申月),74,80,80,80
2026-04-18,P30 (2003F 申月),62,68,68,68
2026-04-19,P30 (2003F 申月),49,55,55,55
2026-04-20,P30 (2003F 申月),59,65,65,65
2026-04-21,P30 (2003F 申月),58,64,64,64
2026-04-22,P30 (2003F 申月),45,51,51,51
2026-04-23,P30 (2003F 申月),56,62,62,62
2026-04-24,P30 (2003F 申月),64,70,70,70
2026-04-25,P30 (2003F 申月),75,81,81,81
2026-04-26,P30 (2003F 申月),74,80,80,80
2026-04-27,P30 (2003F 申月),74,80,80,80
2026-04-28,P30 (2003F 申月),76,82,82,82
2026-04-29,P30 (2003F 申月),72,78,78,78
2026-04-30,P30 (2003F 申月),65,71,71,71
2026-05-01,P30 (2003F 申月),65,71,71,71
2026-05-02,P30 (2003F 申月),55,61,61,61
2026-05-03,P30 (2003F 申月),57,63,63,63
2026-05-04,P30 (2003F 申月),47,53,53,53
2026-05-05,P30 (2003F 申月),62,68,68,68
2026-05-06,P30 (2003F 申月),69,75,75,75
2026-05-07,P30 (2003F 申月),72,78,78,78
2026-05-08,P30 (2003F 申月),73,79,79,79
2026-05-09,P30 (2003F 申月),62,68,68,68
2026-05-10,P30 (2003F 申月),69,75,75,75
2026-05-11,P30 (2003F 申月),75,81,81,81
2026-05-12,P30 (2003F 申月),51,57,57,57
2026-05-13,P30 (2003F 申月),55,61,61,61
2026-05-14,P30 (2003F 申月),53,59,59,59
2026-05-15,P30 (2003F 申月),56,62,62,62
2026-05-16,P30 (2003F 申月),48,54,54,54
2026-05-17,P30 (2003F 申月),59,65,65,65
2026-05-18,P30 (2003F 申月),68,74,74,74
2026-05-19,P30 (2003F 申月),69,75,75,75
2026-05-20,P30 (2003F 申月),73,79,79,79
2026-05-21,P30 (2003F 申月),70,76,76,76
2026-05-22,P30 (2003F 申月),65,71,71,71
2026-05-23,P30 (2003F 申月),73,79,79,79
2026-05-24,P30 (2003F 申月),54,60,60,60
2026-05-25,P30 (2003F 申月),58,64,64,64
2026-05-26,P30 (2003F 申月),63,69,69,69
2026-05-27,P30 (2003F 申月),61,67,67,67
2026-05-28,P30 (2003F 申月),50,56,56,56
2026-05-29,P30 (2003F 申月),57,63,63,63
2026-05-30,P30 (2003F 申月),71,77,77,77
2026-05-31,P30 (2003F 申月),77,83,83,83